corp_code,corp_name,corp_eng_name,stock_code,market,sector,listed_date,fiscal_month,former_names,mcap_rank,modify_date
00119195,동화약품,"DONGWHA PHARM.CO.,LTD",000020,유가,의약품 제조업,1976-03-24,12,,,20250807
00112378,KR모터스,"KR MOTORS CO., LTD",000040,유가,그외 기타 운송장비 제조업,1976-05-25,12,,,20260331
00101628,경방,KYUNGBANG LTD,000050,유가,종합 소매업,1956-03-03,12,,,20221208
00126937,삼양홀딩스,Samyang Holdings Corporation,000070,유가,기타 금융업,1968-12-27,12,,,20251103
00150244,하이트진로,HITE JINRO,000080,유가,알코올음료 제조업,2009-10-19,12,,,20260311
00145109,유한양행,YUHAN CORPORATION,000100,유가,의약품 제조업,1962-11-01,12,,120,20230208
00113410,CJ대한통운,CJ Logistics Corporation,000120,유가,도로 화물 운송업,1956-07-02,12,,313,20240326
00148993,하이트진로홀딩스,"HITEJINRO HOLDINGS CO., LTD",000140,유가,기타 금융업,1973-09-19,12,,,20251231
00117212,두산,"DOOSAN CO.,LTD",000150,유가,전자부품 제조업,1973-06-29,12,,36,20260506
00133335,성창기업지주,Sungchang Enterprise Holdings Limited.,000180,유가,회사 본부 및 경영 컨설팅 서비스업,1976-06-02,12,,,20221229
01516933,덕양에너젠,DEOKYANG ENERGEN CORPORATION,0001A0,코스닥,연료용 가스 제조 및 배관공급업,2026-01-30,12,,,20260226
00109693,DL,"DL Holdings CO.,LTD",000210,유가,기초 화학물질 제조업,1976-02-02,12,,,20250919
00144818,유유제약,"Yuyu Pharma, Inc.",000220,유가,의약품 제조업,1975-11-18,12,,,20240701
00146083,일동홀딩스,"ILDONG HOLDINGS CO.,LTD",000230,유가,의약품 제조업,1975-06-28,12,,,20260327
00160047,한국앤컴퍼니,"HANKOOK & COMPANY CO., LTD.",000240,유가,기타 금융업,1968-12-27,12,,231,20260331
00128546,삼천당제약,SAM CHUN DANG PHARM CO. LTD,000250,코스닥,의약품 제조업,2000-10-04,12,,129,20260304
00106641,기아,KIA CORPORATION,000270,유가,자동차용 엔진 및 자동차 제조업,1973-07-21,12,,16,20260709
00126089,DH오토넥스,"DHAUTONEX CO.,LTD",000300,유가,자동차 신품 부품 제조업,1975-06-09,12,,,20260727
00113508,노루홀딩스,"NOROO HOLDINGS CO., LTD",000320,유가,기타 금융업,1973-08-10,12,,,20250902
00135917,한화손해보험,"Hanwha General Insurance Co., Ltd.",000370,유가,보험업,1975-06-30,12,,,20260811
00129387,SP삼화,"SP SAMHWA CO., LTD.",000390,유가,기타 화학제품 제조업,1993-09-10,12,,,20260430
00113562,롯데손해보험,"Lotte Non-Life Insurance Co., Ltd.",000400,유가,보험업,1971-04-16,12,,,20241202
00111847,대원강업,"DAEWONKANGUP CO.,LTD",000430,유가,자동차 신품 부품 제조업,1977-06-22,12,,,20260310
00149770,중앙에너비스,"Joong Ang Enervis Co.,Ltd.",000440,코스닥,기타 전문 도매업,1993-03-24,12,,,20260302
00148984,시알홀딩스,"CR Holdings Co., LTD.",000480,유가,"내화, 비내화 요업제품 제조업",1978-06-30,12,,,20240930
00109286,대동,DAEDONG CORPORATION,000490,유가,특수 목적용 기계 제조업,1975-06-27,12,,,20260303
00924931,엔비알모션,"NBR Motion Co., Ltd.",0004V0,코스닥,기타 금속 가공제품 제조업,2026-01-14,12,,,20260128
01884065,디비금융제14호스팩,"DB Finance No.14 Special Purpose Acquisition Co., Ltd.",0004Y0,코스닥,기타 금융업,2025-07-22,12,,,20250722
00104768,가온전선,"GAON CABLE CO.,LTD",000500,유가,절연선 및 케이블 제조업,1987-06-08,12,,80,20230324
00128032,삼일제약,"SAMIL PHARMACEUTICAL CO.,LTD",000520,유가,의약품 제조업,1985-05-29,12,,,20241002
00103176,흥국화재,"Heungkuk Fire & Marine Insurance Co., Ltd.",000540,유가,보험업,1974-12-05,12,,,20260330
00149026,CS홀딩스,"CS Holdings Co.,Ltd.",000590,유가,기타 금융업,1975-12-22,12,,,20221208
00116824,동아쏘시오홀딩스,"Dong-A Socio Holdings Co.,Ltd",000640,유가,기타 금융업,1970-02-10,12,,,20240809
00151395,천일고속,"CHUNIL EXPRESS CO.,LTD",000650,유가,육상 여객 운송업,1977-06-23,12,,,20260312
00164779,SK하이닉스,SK hynix Inc.,000660,유가,반도체 제조업,1996-12-26,12,,2,20240328
00141307,영풍,YOUNGPOONG CORPORATION,000670,유가,1차 비철금속 제조업,1976-06-12,12,,,20250331
00104698,LS네트웍스,LS Networks Corporation Limited,000680,유가,상품 종합 도매업,1973-11-15,12,,,20260327
00163691,유수홀딩스,"EUSU HOLDINGS CO., LTD.",000700,유가,회사 본부 및 경영 컨설팅 서비스업,1956-03-03,12,,,20260311
00164478,현대건설,"HYUNDAI ENGINEERING & CONSTRUCTION CO.,LTD",000720,유가,토목 건설업,1984-12-22,12,,61,20260309
00145686,이화산업,"RIFA CO., LTD",000760,유가,기타 전문 도매업,1994-04-29,12,,,20260319
01829819,아크릴,Acryl Inc.,0007C0,코스닥,소프트웨어 개발 및 공급업,2025-12-16,12,,,20260213
01869710,인벤테라,Inventera Inc.,0007J0,코스닥,자연과학 및 공학 연구개발업,2026-04-02,12,,,20260402
00139214,삼성화재해상보험,"SAMSUNG FIRE & MARINE INSURANCE CO.,LTD",000810,유가,보험업,1975-06-30,12,,25,20240321
00166519,화천기공,"HWACHEON MACHINE TOOL CO.,LTD",000850,유가,특수 목적용 기계 제조업,1999-11-18,12,,,20240322
00100939,강남제비스코,"KANGNAM JEVISCO CO.,LTD",000860,유가,기타 화학제품 제조업,1975-11-12,12,,,20260102
00160588,한화,HANWHA CORP,000880,유가,기타 화학제품 제조업,1976-06-24,12,,102,20251217
00123541,보해양조,"BOHAE BREWERY CO.,LTD",000890,유가,알코올음료 제조업,1988-09-23,12,,,20260223
01294110,에스엔시스,"S&SYS CO.,LTD",0008Z0,코스닥,"전동기, 발전기 및 전기 변환 · 공급 · 제어 장치 제조업",2025-08-19,12,,,20260102
00144252,유니온,UNION CORPORATION,000910,유가,"시멘트, 석회, 플라스터 및 그 제품 제조업",1996-07-03,12,,,20260304
00147222,전방,"CHONBANG CO.,LTD",000950,유가,방적 및 가공사 제조업,1968-10-21,12,,,20221207
00159573,한국주철관공업,"KOREA CASTIRON PIPE IND CO.,LTD",000970,유가,1차 철강 제조업,1969-12-12,12,,,20240401
00160843,DB하이텍,"DB HiTek Co.,LTD",000990,유가,반도체 제조업,1975-12-12,12,,113,20260304
01781999,에임드바이오,Aimed Bio Inc.,0009K0,코스닥,자연과학 및 공학 연구개발업,2025-12-04,12,,312,20260227
00135999,신라섬유,SillaTextile,001000,코스닥,부동산 임대 및 공급업,1994-06-28,12,,,20240502
00134723,페이퍼코리아,PaperCorea Inc.,001020,유가,"펄프, 종이 및 판지 제조업",1976-06-26,12,,,20251001
00148540,CJ,CJ Corp.,001040,유가,기타 금융업,1973-06-29,12,,163,20250806
00149947,JW중외제약,JW PHARMACEUTICAL,001060,유가,의약품 제조업,1976-06-14,12,,,20251202
00112970,대한방직,"TAIHAN TEXTILE CO.,LTD",001070,유가,직물직조 및 직물제품 제조업,1973-12-28,12,,,20260615
00120872,만호제강,MANHO ROPE & WIRE LTD,001080,유가,1차 철강 제조업,1977-06-18,12,,,20260701
00871587,보원케미칼,"BOWON CHEMICAL CO.,LTD.",0010F0,코스닥,플라스틱제품 제조업,2026-04-03,12,,,20260403
01867688,와이즈플래닛컴퍼니,"Wise Planet Company Co., LTD.",0010S0,코스닥,기타 생활용품 소매업,2026-09-23,12,,,20260923
00185301,제이피아이헬스케어,"JPI Healthcare Co., Ltd.",0010V0,코스닥,의료용 기기 제조업,2025-08-21,12,,,20250821
00120076,LX인터내셔널,LX INTERNATIONAL CORP.,001120,유가,상품 중개업,1976-01-30,12,,297,20260330
00113243,대한제분,"DAEHAN FLOUR MILL CO.,LTD",001130,유가,"곡물가공품, 전분 및 전분제품 제조업",1970-11-25,12,,,20260330
01554508,액스비스,"AXBIS CO.,LTD",0011A0,코스닥,기타 전기장비 제조업,2026-03-09,12,,,20260309
01279698,채비,"CHAEVI CO., LTD",0011T0,코스닥,"전동기, 발전기 및 전기 변환 · 공급 · 제어 장치 제조업",2026-04-29,12,,,20260429
00131054,유진증권,"EUGENE INVESTMENT & SECURITIES CO., LTD",001200,유가,금융 지원 서비스업,1987-08-24,12,,,20230110
00106395,금호전기,"KUMHO ELECTRIC CO.,LTD",001210,유가,전구 및 조명장치 제조업,1973-11-15,12,,,20260306
00114792,동국홀딩스,"DONGKUK HOLDINGS CO.,LTD.",001230,유가,기타 금융업,1988-05-09,12,,,20240502
00138190,GS글로벌,GS Global Corp.,001250,유가,상품 종합 도매업,1976-06-26,12,,,20260327
00107066,남광토건,"NAMKWANG ENGINEERING & CONSTRUCTION CO.,LTD",001260,유가,토목 건설업,1976-12-28,12,,,20260814
00123772,부국증권,"BOOKOOK SECURITIES CO.,LTD",001270,유가,금융 지원 서비스업,1988-07-19,12,,,20260306
00112059,상상인증권,"SANGSANGININVESTMENT&SECURITIES CO.,LTD.",001290,유가,금융 지원 서비스업,1988-09-23,12,,,20260327
00122472,PKC,"PKC Co., Ltd.",001340,유가,기초 화학물질 제조업,1976-06-10,12,,,20260318
00126414,삼성제약,"SAMSUNG PHARMACEUTICAL.CO.,Ltd.",001360,유가,의약품 제조업,1975-07-04,12,,,20240701
00152039,SG글로벌,"SG GLOBAL CO., LTD",001380,유가,자동차 신품 부품 제조업,1976-06-29,12,,,20221128
00101220,KG케미칼,KG Chemical Corporation,001390,유가,기초 화학물질 제조업,1989-08-25,12,,,20230220
01370322,삼진식품,"Samjinfood  Co., Ltd.",0013V0,코스닥,수산물 가공 및 저장 처리업,2025-12-22,12,,,20251222
00154055,태원물산,"TAEWONMULSAN CO.,LTD",001420,유가,자동차 신품 부품 제조업,1975-06-24,12,,,20221209
00106669,세아베스틸지주,SeAH Besteel Holdings Corporation,001430,유가,1차 철강 제조업,1991-03-12,12,,303,20230330
00113207,대한전선,"Taihan Cable & Solution Co., Ltd.",001440,유가,절연선 및 케이블 제조업,1968-12-27,12,,111,20250926
00164973,현대해상,"HYUNDAIMARINE&FIREINSURANCECO.,LTD.",001450,유가,보험업,1989-08-25,12,,153,20250324
00122579,BYC,"BYC CO.,LTD",001460,유가,봉제의복 제조업,1975-06-02,12,,,20260902
00125974,삼부토건,"SAMBU CONSTRUCTION CO.,LTD",001470,유가,토목 건설업,1976-06-26,12,,,20250701
00137997,현대차증권,"HYUNDAI MOTOR SECURITIES CO.,LTD.",001500,유가,금융 지원 서비스업,1990-06-09,12,,,20240322
00131850,SK증권,"SK SECURITIES CO.,LTD",001510,유가,금융 지원 서비스업,1986-09-20,12,,,20240326
00117337,동양,TONGYANG Inc,001520,유가,"시멘트, 석회, 플라스터 및 그 제품 제조업",1976-06-25,12,,,20260918
00118345,디아이동일,DI DONG IL CORPORATION,001530,유가,상품 중개업,1964-01-04,12,,,20260327
00139205,안국약품,"AHN-GOOK PHARMACEUTICAL Co., Ltd.",001540,코스닥,의약품 제조업,2000-06-15,12,,,20250103
00148948,조비,"CHOBI CO.,LTD",001550,유가,"비료, 농약 및 살균, 살충제 제조업",1976-12-28,12,,,20221229
00148461,제일연마,"CHEIL GRINDING WHEEL IND CO.,LTD",001560,유가,기타 비금속 광물제품 제조업,2005-12-09,12,,,20260311
00106119,금양,"KUMYANG CO.,LTD",001570,유가,기초 화학물질 제조업,1976-12-17,12,,,20230621
00677486,그린광학,"Green Optics Co.,Ltd.",0015G0,코스닥,사진장비 및 광학기기 제조업,2025-11-17,12,,,20260206
01381805,아로마티카,AROMATICA CO.,0015N0,코스닥,기타 화학제품 제조업,2025-11-27,12,,,20251231
01817920,페스카로,"FESCARO  Co., Ltd.",0015S0,코스닥,"그외 기타 전문, 과학 및 기술 서비스업",2025-12-10,12,,,20251210
00114765,케이비아이동국실업,"KBI DONGKOOK IND CO., LTD",001620,유가,자동차 신품 부품 제조업,1990-09-15,12,,,20240402
00149354,종근당홀딩스,CHONGKUNDANG HOLDINGS CORP.,001630,유가,의약품 제조업,1976-06-30,12,,,20240329
00121941,대상,DAESANG CORPORATION,001680,유가,기타 식품 제조업,1970-04-01,12,,,20240701
00136721,신영증권,"SHINYOUNG SECURITIES CO.,LTD",001720,유가,금융 지원 서비스업,1987-08-24,3,,243,20260622
00131780,SK네트웍스,SKNetworksCompanyLimited,001740,유가,기타 전문 도매업,1977-06-30,12,,354,20260312
00162416,한양증권,"HANYANG SECURITIES CO.,LTD",001750,유가,금융 지원 서비스업,1988-03-04,12,,,20250619
00137809,SHD,"SHIN HWA DYNAMICS CO.,LTD",001770,유가,1차 철강 제조업,1988-11-23,12,,,20230130
00117027,알루코,"ALUKO CO.,LTD.",001780,유가,1차 비철금속 제조업,2007-06-07,12,,,20240923
00113234,대한제당,TS CORPORATION,001790,유가,"곡물가공품, 전분 및 전분제품 제조업",1968-12-27,12,,,20240701
01596221,세미티에스,SEMI Total Solution INC,0017J0,코스닥,특수 목적용 기계 제조업,2026-06-10,12,,,20260610
00117577,오리온홀딩스,ORION Holdings Corp.,001800,유가,기타 금융업,1975-06-27,12,,342,20260609
00121507,무림SP,"MOORIM SP CO., LTD.",001810,코스닥,"펄프, 종이 및 판지 제조업",2000-01-04,12,,,20240701
00129350,삼화콘덴서공업,"SAMWHA CAPACITOR CO.,LTD",001820,유가,전자부품 제조업,1976-06-26,12,,308,20211117
00145668,이화공영,EehwaConstruction,001840,코스닥,건물 건설업,1994-11-23,12,,,20260715
00159740,KISCO홀딩스,KISCO Holdings Corp.,001940,유가,1차 철강 제조업,1989-11-13,12,,,20260331
00152862,코오롱,KOLON CORPORATION,002020,유가,기타 금융업,1975-06-23,12,,,20240329
00138701,아세아,"ASIA HOLDINGS CO.,LTD",002030,유가,회사 본부 및 경영 컨설팅 서비스업,1974-06-03,12,,,20221209
00107677,비비안,VIVIEN CORPORATION,002070,유가,봉제의복 제조업,1976-07-13,12,,,20221207
00101433,경농,KYUNGNONG CORPORATION,002100,유가,"비료, 농약 및 살균, 살충제 제조업",1977-06-30,12,,,20260311
00102751,고려산업,"KOREA INDUSTRIAL CO.,LTD",002140,유가,"곡물가공품, 전분 및 전분제품 제조업",1991-01-14,12,,,20260304
00114552,도화엔지니어링,"DOHWA ENGINEERING Co., Ltd.",002150,유가,"건축기술, 엔지니어링 및 관련 기술 서비스업",2010-08-12,12,,,20230327
00127042,SYTS,SYTS Corp.,002170,유가,"가죽, 가방 및 유사제품 제조업",1989-11-10,12,,,20260421
00158112,한국수출포장공업,"KOREA EXPORT PACKAGING INDUSTRIAL CO.,LTD",002200,유가,"골판지, 종이 상자 및 종이용기 제조업",1974-06-28,12,,,20230210
00116268,동성제약,"DONGSUNG PHARMACEUTICAL CO.,LTD",002210,유가,의약품 제조업,1990-01-19,12,,,20260416
00163196,한일철강,"HANIL IRON & STEEL CO.,LTD",002220,유가,1차 철강 제조업,1988-10-07,12,,,20221202
00155638,피에스텍,"PS Tec. Co., Ltd.",002230,코스닥,"측정, 시험, 항해, 제어 및 기타 정밀기기 제조업; 광학기기 제외",1991-01-04,12,,,20240828
00103006,고려제강,"KISWIRE CO.,LTD",002240,유가,1차 철강 제조업,1976-05-25,12,,,20240401
00127936,삼일기업공사,"SAMIL ENTERPRISE CO., LTD.",002290,코스닥,건물 건설업,1992-11-30,12,,,20221208
00138729,아세아제지,"ASIA PAPER MANUFACTURING CO.,LTD",002310,유가,"골판지, 종이 상자 및 종이용기 제조업",1988-12-15,12,,,20221221
00163512,한진,HANJIN Logistics Corporation,002320,유가,도로 화물 운송업,1974-08-12,12,,,20250901
00173874,넥센타이어,NEXEN TIRE CORPORATION,002350,유가,고무제품 제조업,1976-05-19,12,,,20260327
00136457,SH에너지화학,"SH ENERGY & CHEMICAL CO.,LTD",002360,유가,기초 화학물질 제조업,1985-12-23,12,,,20260618
00105271,케이씨씨,KCC Corporation,002380,유가,기타 화학제품 제조업,1973-06-25,12,,154,20240703
00161046,한독,HANDOK Inc.,002390,유가,의약품 제조업,1976-06-30,12,,,20240701
00122694,범양건영,"BUMYANG CONSTRUCTION CO.,LTD",002410,유가,건물 건설업,1988-05-25,12,,,20230328
00133618,우양피앤엘,"Wooyang P&L Co.,Ltd.",002420,유가,연료 소매업,1968-12-27,12,세기상사,,20260901
00127857,삼익악기,"SAMICK MUSICAL INSTRUMENTS CO.,LTD",002450,유가,악기 제조업,1988-09-30,12,,,20260129
00174527,HS화성,"HS HWASUNG CO., LTD.",002460,유가,건물 건설업,1988-09-29,12,,,20260227
00149345,조흥,CHOHEUNG CORPORATION,002600,유가,기타 식품 제조업,1976-12-23,12,,,20240701
00148443,제일파마홀딩스,JEIL PHARMA HOLDINGS INC.,002620,유가,회사 본부 및 경영 컨설팅 서비스업,1988-01-20,12,,,20220222
00141626,오리엔트바이오,ORIENTBIO Inc.,002630,유가,의약품 제조업,1976-12-28,3,,,20260330
00140566,한탑,Hantop Inc.,002680,코스닥,"곡물가공품, 전분 및 전분제품 제조업",1995-07-07,12,,,20240701
00118451,동일제강,"DONG IL STEEL MFG CO., LTD",002690,유가,1차 철강 제조업,2015-09-24,12,,,20260331
00173698,신일전자,"SHINIL ELECTRONICS CO.,LTD",002700,유가,기계장비 및 관련 물품 도매업,1975-09-30,12,,,20240904
00117300,TCC스틸,TCC STEEL,002710,유가,1차 철강 제조업,1984-12-21,12,,,20260327
00104722,국제약품,"Kukje Pharma Co., Ltd.",002720,유가,의약품 제조업,1975-12-27,12,,,20260325
00123107,보락,"BOLAK CO.,LTD",002760,유가,기타 화학제품 제조업,1989-11-30,12,,,20221130
00150828,진흥기업,CHINHUNG INTERNATIONAL INC,002780,유가,토목 건설업,1977-06-25,12,,,20240328
00154462,아모레퍼시픽홀딩스,AMOREPACIFIC Holdings Corp.,002790,유가,기타 화학제품 제조업,1973-04-30,12,,274,20250425
00136448,신신제약,"SINSIN PHARMACEUTICAL Co., LTD.",002800,코스닥,의약품 제조업,2017-02-28,12,,,20240701
00127167,삼영무역,"SAMYUNG TRADING CO.,LTD",002810,유가,기타 전문 도매업,1988-03-28,12,,,20240531
00132211,SUN&L,"SUN&L CO.,LTD",002820,유가,플라스틱제품 제조업,1976-05-22,12,,,20260504
00121932,미원상사,"MIWON COMMERCIAL CO.,LTD",002840,유가,기타 화학제품 제조업,1989-09-25,12,,,20260706
00137368,신풍,SHINPOONG INC.,002870,유가,기타 전문 도매업,1976-06-30,12,,,20241008
00149804,디와이에이,"DYA CO.,LTD",002880,유가,자동차 신품 부품 제조업,1977-02-18,12,,,20260818
00117230,TYM,TYM CORPORATION,002900,유가,특수 목적용 기계 제조업,1973-06-26,12,,,20260402
00174004,유성기업,"YOOSUNG ENTERPRISE CO.,LTD",002920,유가,자동차 신품 부품 제조업,1988-10-10,12,,,20230215
00158149,한국쉘석유,"HANKOOK SHELL OIL CO.,LTD",002960,유가,석유 정제품 제조업,1988-08-10,12,,,20241125
00106313,금호건설,"KUMHO Engineering & Construction Co., Ltd.",002990,유가,건물 건설업,1976-06-26,12,,,20231219
00123718,부광약품,"BUKWANG PHARMACEUTICAL IND CO.,LTD",003000,유가,의약품 제조업,1988-08-05,12,,,20240701
00165343,혜인,HAEIN CORPORATION,003010,유가,기계장비 및 관련 물품 도매업,1988-09-20,12,,,20230221
00124197,세아제강지주,SeAH Steel Holdings Corporation,003030,유가,기타 금융업,1969-05-13,12,,,20240327
00101044,에이프로젠바이오로직스,Aprogen Biologics Inc.,003060,유가,의약품 제조업,1984-10-19,12,,,20250901
00152880,코오롱글로벌,"KolonGlobalCorporation CO.,LTD",003070,유가,토목 건설업,1978-09-15,12,,,20260401
00132725,SB성보,"SBSUNGBO Co., Ltd.",003080,유가,"비료, 농약 및 살균, 살충제 제조업",1976-12-23,12,,,20250422
00111810,대웅,"DAEWOONG CO.,LTD",003090,유가,의약품 제조업,1973-06-26,12,,,20241025
01885222,대신밸류리츠,"Daishin Value REIT Co., Ltd.",0030R0,유가,신탁업 및 집합투자업,2025-07-10,8,,,20250711
00131896,선광,"SUN KWANG Co.,Ltd",003100,코스닥,기타 운송관련 서비스업,1999-12-21,12,,,20260327
00146214,일성아이에스,"ILSUNG IS CO., LTD.",003120,유가,의약품 제조업,1985-01-14,12,,,20260915
00118275,디아이,DI CORPORATION,003160,유가,"측정, 시험, 항해, 제어 및 기타 정밀기기 제조업; 광학기기 제외",1996-07-31,12,,374,20221205
00146269,일신방직,"ILSHIN SPINNING CO.,LTD",003200,유가,방적 및 가공사 제조업,1973-05-23,12,,,20221202
00111999,대원제약,"DAEWON PHARMACEUTICAL CO.,LTD",003220,유가,의약품 제조업,1999-12-15,12,,,20250102
00126955,삼양식품,Samyang Foods Inc.,003230,유가,기타 식품 제조업,1975-06-30,12,,85,20260126
00153393,태광산업,"TAEKWANG INDUSTRIAL CO.,LTD",003240,유가,화학섬유 제조업,1975-12-27,12,,,20260402
00167208,흥아해운,"HEUNG-A SHIPPING CO.,LTD.",003280,유가,해상 운송업,1976-06-29,12,,,20260907
00162993,한일홀딩스,"HANIL HOLDINGS CO.,LTD.",003300,유가,"시멘트, 석회, 플라스터 및 그 제품 제조업",1969-11-20,12,,,20230112
00112457,대주산업,Daejoo Inc.,003310,코스닥,동물용 사료 및 조제식품 제조업,1992-08-01,12,,,20260320
00160621,한국화장품제조,"HANKOOK COSMETICS MANUFACTURING CO.,LTD",003350,유가,기타 화학제품 제조업,1978-02-06,12,,,20221206
00148364,하림지주,"Harim Holdings Co., Ltd.",003380,코스닥,기타 금융업,2017-06-30,12,,363,20230220
00145190,유화증권,"YUHWA SECURITIES CO.,LTD",003460,유가,금융 지원 서비스업,1987-08-24,12,,,20250327
00117601,유안타증권,"Yuanta Securities Korea Co., Ltd.",003470,유가,금융 지원 서비스업,1988-01-21,12,,,20240401
00163673,한진중공업홀딩스,"HANJIN HEAVY IND. & CONST. HOLDINGS CO., LTD",003480,유가,연료용 가스 제조 및 배관공급업,1956-03-03,12,,,20260306
00113526,대한항공,"KOREAN AIR LINES CO.,LTD",003490,유가,항공 여객 운송업,1966-03-18,12,,66,20260316
00141149,영진약품,"YUNGJIN PHARM. CO., LTD",003520,유가,의약품 제조업,1973-06-25,12,,,20240701
00148610,한화투자증권,"HANWHA INVESTMENT&SECURITIES CO.,LTD",003530,유가,금융 지원 서비스업,1986-11-25,12,,,20250902
00110893,대신증권,"DAISHIN SECURITIES CO.,LTD",003540,유가,금융 지원 서비스업,1975-10-01,12,,373,20260325
00120021,LG,LG Corp.,003550,유가,기타 금융업,1970-02-13,12,,49,20221220
00134477,SNT다이내믹스,"SNT DYNAMICS CO.,Ltd",003570,유가,자동차 신품 부품 제조업,1976-07-08,12,,,20260326
00169048,HLB글로벌,"HLB GLOBAL Co., Ltd.",003580,유가,종합 소매업,1990-03-23,12,,,20260316
01722066,빅웨이브로보틱스,Bigwave Robotics Corp,0035S0,코스닥,소프트웨어 개발 및 공급업,2026-09-29,12,,580,20260929
00122348,방림,"PANGRIM CO.,LTD",003610,유가,직물직조 및 직물제품 제조업,1989-05-30,9,,,20220831
00138242,KG모빌리티,KG Mobility Corp.,003620,유가,자동차용 엔진 및 자동차 제조업,1975-05-29,12,,,20250604
00122056,미창석유공업,"MICHANG OIL IND CO.,LTD",003650,유가,석유 정제품 제조업,1989-09-27,12,,,20251208
00155276,포스코퓨처엠,"POSCO FUTURE M CO., LTD.",003670,유가,일차전지 및 이차전지 제조업,2019-05-29,12,,51,20250325
00161860,한성기업,"HANSUNG ENTERPRISE CO.,LTD",003680,유가,수산물 가공 및 저장 처리업,1989-01-26,12,,,20230223
00113191,코리안리,Korean Reinsurance Company,003690,유가,재 보험업,1969-12-22,12,,224,20250414
00127255,삼영,"SAMYOUNG CO.,LTD.",003720,유가,플라스틱제품 제조업,1976-06-30,12,,,20230424
00150439,진양산업,"CHIN YANG INDUSTRY CO.,LTD.",003780,유가,플라스틱제품 제조업,1973-06-26,12,,,20250314
01902990,KB제32호스팩,KB No.32 Special Purpose Acquisition Company,0037T0,코스닥,금융 지원 서비스업,2025-07-04,12,,,20250704
00140052,에이스침대,AceBed,003800,코스닥,가구 제조업,1996-05-03,12,,561,20230215
00113544,대한화섬,"DAEHAN SYNTHETIC FIBRER CO.,LTD",003830,유가,화학섬유 제조업,1985-12-23,12,,,20250502
00123143,보령,Boryung Corporation,003850,유가,의약품 제조업,1988-10-24,12,,,20260318
00107598,남양유업,"NAMYANG DAIRY PRODUCTS CO.,LTD",003920,유가,동·식물성 유지 및 낙농제품 제조업,1978-06-24,12,,,20251203
00109718,사조대림,SAJODAERIM CORPORATION,003960,유가,수산물 가공 및 저장 처리업,1976-09-16,12,,,20230221
01379129,매드업,Madup Inc.,0039P0,코스닥,광고업,2026-07-01,12,,,20260701
00157681,롯데정밀화학,"LOTTE Fine Chemical Co., Ltd.",004000,유가,기초 화학물질 제조업,1976-04-15,12,,,20250321
00145880,현대제철,HYUNDAI STEEL COMPANY,004020,유가,1차 철강 제조업,1987-05-23,12,,156,20260904
00133511,SG세계물산,SG CORPORATION,004060,유가,상품 종합 도매업,1976-04-19,12,,,20221209
00173795,신흥,"SHINHUNG CO.,LTD",004080,유가,기계장비 및 관련 물품 도매업,1991-02-08,12,,,20260402
00157991,한국석유공업,KOREA PETROLEUM INDUSTRIES COMPANY,004090,유가,기타 비금속 광물제품 제조업,1977-06-25,12,,,20250331
00153755,태양금속공업,"TAEYANG METAL INDUSTRIAL CO.,LTD",004100,유가,자동차 신품 부품 제조업,1976-05-25,12,,,20221214
00115287,동방,"DONGBANG TRANSPORT & LOGISTICS CO.,LTD",004140,유가,기타 운송관련 서비스업,1988-08-10,12,,,20260330
00171636,한솔홀딩스,"Hansol Holdings Co., Ltd.",004150,유가,기타 금융업,1972-05-17,12,,,20240328
00136378,신세계,SHINSEGAE Inc.,004170,유가,종합 소매업,1985-08-19,12,,185,20240322
01910324,교보18호스팩,Kyobo 18 Special Purpose Acquisition Company,0041B0,코스닥,금융 지원 서비스업,2025-08-14,12,,,20250814
01906552,엘에스스팩1호,LS Special Purpose Acquisition No1 Company,0041J0,코스닥,금융 지원 서비스업,2025-07-22,12,,,20250722
01906598,하나35호스팩,Hana 35 Special Purpose Acquisition Company,0041L0,코스닥,금융 지원 서비스업,2025-08-06,12,,,20250806
00108038,엔피씨,National Plastic Company Limited,004250,유가,플라스틱제품 제조업,1969-09-08,12,,,20250401
00172185,남성,NAMSUNG CORPORATION,004270,유가,기타 전문 도매업,1989-11-14,12,,,20260310
00164706,현대약품,"HYUNDAI PHARMACEUTICAL CO., LTD",004310,유가,의약품 제조업,1978-06-28,11,,,20240701
00133812,세방,"SEBANG CO., LTD",004360,유가,도로 화물 운송업,1977-05-19,12,,,20230214
00108241,농심,"NONGSHIM CO.,LTD",004370,유가,기타 식품 제조업,1976-06-30,12,,227,20260323
00127802,삼익THK,"SAMICK THK CO.,LTD",004380,유가,일반 목적용 기계 제조업,1989-09-26,12,,,20251202
00130879,서울식품공업,"SEOUL FOOD IND CO.,LTD",004410,유가,기타 식품 제조업,1973-12-28,12,,,20260330
00134963,송원산업,"SONGWON INDUSTRIAL CO.,LTD",004430,유가,기타 화학제품 제조업,1977-06-25,12,,,20230215
00109806,삼일씨엔에스,"SAMIL C&S CO.,LTD",004440,유가,"시멘트, 석회, 플라스터 및 그 제품 제조업",2016-03-30,12,,,20260805
00129235,삼화왕관,"SAMHWA CROWN & CLOSURE CO.,LTD",004450,유가,기타 금속 가공제품 제조업,1976-05-28,12,,,20241128
00133858,세방전지,"SEBANG GLOBAL BATTERY CO.,LTD",004490,유가,일차전지 및 이차전지 제조업,1987-11-28,12,,,20260303
01910759,삼성스팩10호,SAMSUNG SPECIAL PURPOSE ACQUISITION 10 COMPANY,0044K0,코스닥,금융 지원 서비스업,2025-08-21,12,,,20250821
00113492,깨끗한나라,"KleanNara Co., Ltd.",004540,유가,"펄프, 종이 및 판지 제조업",1975-06-25,12,,,20260812
00125743,현대비앤지스틸,"HYUNDAI BNG STEEL CO., LTD",004560,유가,1차 철강 제조업,1987-03-24,12,,,20250325
00156442,한국가구,KoreaFurniture,004590,코스닥,기타 상품 전문 소매업,1993-06-03,12,,,20240502
00123523,창해에탄올,"Changhae Ethanol Co., Ltd.",004650,코스닥,알코올음료 제조업,2014-07-30,12,,,20240327
00128555,삼천리,"SAMCHULLY CO.,LTD",004690,유가,연료용 가스 제조 및 배관공급업,1976-12-23,12,,,20260325
00148939,조광피혁,"CHOKWANG LEATHER CO.,LTD",004700,유가,"가죽, 가방 및 유사제품 제조업",1977-05-27,12,,,20220221
00157399,한솔테크닉스,"Hansol Technics Co., Ltd",004710,유가,전자부품 제조업,1988-07-06,12,,,20240909
00135050,팜젠사이언스,"PharmGen Science, Inc.",004720,유가,의약품 제조업,1990-06-15,12,,,20260401
00138057,써니전자,"SUNNY ELECTRONICS CO.,LTD",004770,유가,전자부품 제조업,1987-04-22,12,,,20240222
00109587,대륙제관,DaeryukCan,004780,코스닥,기타 금속 가공제품 제조업,1994-12-29,12,,,20221212
00117188,효성,HYOSUNG CORPORATION,004800,유가,기타 금융업,1973-06-30,12,,219,20250325
00114093,덕성,"DCKSUNG CO.,LTD",004830,유가,플라스틱제품 제조업,1987-09-25,12,,,20221109
00118266,DRB동일,"DRB Holding Co.,Ltd",004840,유가,고무제품 제조업,1976-05-21,12,,,20260330
00109514,티웨이홀딩스,Tway Holdings Incorporation,004870,유가,"시멘트, 석회, 플라스터 및 그 제품 제조업",1977-06-30,12,,,20260930
00172936,동일산업,"DONGIL INDUSTRIES CO.,LTD",004890,유가,1차 철강 제조업,2005-06-30,12,,,20260327
00148920,조광페인트,"CHOKWANG PAINT CO.,LTD",004910,유가,기타 화학제품 제조업,1976-12-27,12,,,20221208
00127158,씨아이테크,"CITECH CO.,LTD",004920,유가,영상 및 음향기기 제조업,1989-11-30,12,,,20240503
00162063,한신공영,"HANSHIN CONSTRUCTION CO.,LTD",004960,유가,건물 건설업,1976-07-07,12,,,20251205
00135962,신라교역,"SILLA CO.,LTD",004970,유가,어로 어업,1976-06-30,12,,,20231114
00132804,성신양회,"SUNGSHIN CEMENT CO.,LTD.",004980,유가,"시멘트, 석회, 플라스터 및 그 제품 제조업",1976-06-30,12,,,20230116
00120562,롯데지주,Lotte Corporation,004990,유가,기타 금융업,1974-02-16,12,,233,20251223
00156488,휴스틸,"HUSTEEL CO.,LTD",005010,유가,1차 철강 제조업,1973-06-29,12,,,20250327
00124151,부산주공,"PUSAN CAST IRON CO.,LTD",005030,유가,자동차 신품 부품 제조업,1975-12-26,12,,,20221213
00129989,코스모신소재,"COSMO ADVANCED MATERIALS & TECHNOLOGY CO., LTD",005070,유가,기타 화학제품 제조업,1987-09-28,12,,319,20260515
00125150,SGC에너지,"SGC Energy Co.,Ltd.",005090,유가,전기업,1993-01-06,12,,,20240422
00163716,한창,HANCHANG CORPORATION,005110,유가,기계장비 및 관련 물품 도매업,1976-06-01,12,,,20260309
00172680,동국산업,DONGKUK INDUSTRIES COMPANY,005160,코스닥,1차 철강 제조업,1999-06-25,12,,,20240802
00124726,빙그레,"BINGGRAE CO.,LTD",005180,유가,동·식물성 유지 및 낙농제품 제조업,1978-08-31,12,,,20250623
00108135,녹십자홀딩스,GC Corp.,005250,유가,회사 본부 및 경영 컨설팅 서비스업,1978-08-28,12,,,20260423
00118804,동진쎄미켐,"DONGJIN SEMICHEM CO., LTD.",005290,코스닥,기초 화학물질 제조업,1999-12-21,12,,213,20260303
00120571,롯데칠성음료,"LOTTE CHILSUNG BEVERAGE CO.,LTD",005300,유가,비알코올음료 및 얼음 제조업,1973-06-21,12,,,20250326
00168331,온타이드,ONTIDE Corp.,005320,유가,생활용품 도매업,1996-12-24,12,,,20260513
00121288,모나미,"MONAMI CO.,LTD",005360,유가,생활용품 도매업,1974-06-26,12,,,20260401
00164742,현대자동차,HYUNDAI MOTOR CO,005380,유가,자동차용 엔진 및 자동차 제조업,1974-06-28,12,,7,20260331
00160302,코스모화학,"COSMOCHEMICALCO.,LTD",005420,유가,기타 화학제품 제조업,1987-07-23,12,,,20260319
00156691,한국공항,"KOREA AIRPORT SERVICE CO.,LTD",005430,유가,기타 운송관련 서비스업,1976-12-28,12,,,20241122
00105280,현대지에프홀딩스,"HYUNDAI G.F. HOLDINGS CO., LTD.",005440,유가,기타 금융업,1989-08-22,12,,240,20260318
00155319,POSCO홀딩스,POSCO Holdings Inc.,005490,유가,1차 철강 제조업,1988-06-10,12,,31,20250321
01931585,엔에이치스팩32호,NH SPECIAL PURPOSE ACQUISITION 32 COMPANY,0054V0,코스닥,금융 지원 서비스업,2025-12-05,12,,,20260309
00128412,삼진제약,"SAMJIN PHARMACEUTICAL CO.,LTD",005500,유가,의약품 제조업,1988-06-18,12,,,20250324
00125530,삼립,"SAMLIP CO., LTD.",005610,유가,기타 식품 제조업,1975-05-02,12,,,20260423
00165103,푸드웰,FOODWELL CORPORATION,005670,코스닥,"과실, 채소 가공 및 저장 처리업",1993-12-07,12,,,20230329
00127200,삼영전자공업,"SAMYOUNG ELECTRONICS CO.,LTD",005680,유가,전자부품 제조업,1976-12-28,12,,,20260312
00145163,파미셀,"Pharmicell Co.,Ltd.",005690,유가,전자부품 제조업,1988-05-20,12,,,20260504
00111874,대원산업,Daewonsanup,005710,코스닥,자동차 신품 부품 제조업,1993-06-21,12,,,20260323
00167192,넥센,NEXEN CORPORATION,005720,유가,고무제품 제조업,1987-12-19,12,,,20250327
00153126,크라운해태홀딩스,"CROWNHAITAI Holdings CO.,LTD",005740,유가,기타 금융업,1976-06-30,12,,,20230215
00109754,대림바스,"DAELIM BATH CO.,LTD.",005750,유가,"내화, 비내화 요업제품 제조업",1992-12-23,12,,,20250411
00136624,신영와코루,SHINYOUNG WACOAL INC,005800,유가,봉제의복 제조업,1976-12-28,12,,,20230223
00155531,풍산홀딩스,POONGSAN HOLDINGS CORPORATION,005810,유가,기타 금융업,1988-07-28,12,,,20260313
00143794,원림,WONLIM CORPORATION,005820,유가,직물직조 및 직물제품 제조업,1990-04-20,12,,,20220225
00159102,DB손해보험,"DB INSURANCE CO.,LTD",005830,유가,보험업,1973-06-28,12,,65,20230110
00125521,에스엘,SL CORPORATION,005850,유가,자동차 신품 부품 제조업,1988-11-08,12,,229,20250327
00162911,한일사료,HANIL FEED Co.Ltd,005860,코스닥,동물용 사료 및 조제식품 제조업,1994-11-07,12,,,20260305
00111421,휴니드테크놀러지스,HUNEED TECHNOLOGIES,005870,유가,통신 및 방송 장비 제조업,1991-09-03,12,,,20260702
00113535,대한해운,KOREA LINE CORPORATION,005880,유가,해상 운송업,1992-04-23,12,,,20260707
00126380,삼성전자,"SAMSUNG ELECTRONICS CO,.LTD",005930,유가,통신 및 방송 장비 제조업,1975-06-11,12,,1,20251201
00120182,NH투자증권,"NH INVESTMENT & SECURITIES CO.,LTD.",005940,유가,금융 지원 서비스업,1975-09-30,12,,77,20260701
00145552,이수화학,"ISU CHEMICAL CO.,LTD",005950,유가,기초 화학물질 제조업,1988-04-28,12,,,20230525
00115612,동부건설,Dongbu Corporation,005960,유가,토목 건설업,1978-10-30,12,,,20260219
00120924,매일홀딩스,"MAEIL HOLDINGS CO., LTD.",005990,코스닥,동·식물성 유지 및 낙농제품 제조업,1999-05-14,12,,,20260323
00118026,동원산업,"DONGWON INDUSTRIES CO.,LTD",006040,유가,기타 금융업,1989-03-07,12,,318,20260806
00104537,국영지앤엠,KUK YOUNG G M,006050,코스닥,유리 및 유리제품 제조업,1994-10-07,12,,,20250326
00166227,화승인더스트리,"HS INDUSTRIES CO.,LTD",006060,유가,상품 종합 도매업,1991-02-04,12,,,20250502
00141875,사조오양,OYANG CORPORATION,006090,유가,수산물 가공 및 저장 처리업,1986-12-24,12,,,20260327
00126779,삼아알미늄,"SAMA ALUMINIUM CO.,LTD",006110,유가,1차 비철금속 제조업,1980-12-05,12,,,20240325
00131832,SK디스커버리,"SK Discovery Co.,Ltd.",006120,유가,기타 금융업,1976-06-29,12,,,20250327
00155735,피제이전자,"PJ ELECTRONICS CO., LTD.",006140,코스닥,의료용 기기 제조업,1993-12-07,12,,,20240223
00159254,한국전자홀딩스,"KEC HOLDINGS CO.,LTD",006200,유가,기타 금융업,1979-11-30,12,,,20220802
00148832,제주은행,Jeju Bank,006220,유가,은행 및 저축기관,1972-12-28,12,,,20250206
00105952,LS,LS Corp.,006260,유가,기타 금융업,1977-06-30,12,,83,20230106
00129679,녹십자,GC Biopharma Corp.,006280,유가,의약품 제조업,1989-08-01,12,,331,20260423
00260392,대원전선,"DAWON CABLE CO.,LTD",006340,유가,절연선 및 케이블 제조업,1988-05-04,12,,,20260317
00120030,GS건설,GS Engineering & Construction Corp,006360,유가,건물 건설업,1981-08-03,12,,204,20260325
00108977,대구백화점,"Daegu Department Store Co., Ltd",006370,유가,종합 소매업,1988-10-10,12,,,20221128
00126362,삼성SDI,"SAMSUNG SDI CO.,LTD",006400,유가,일차전지 및 이차전지 제조업,1979-02-27,12,,17,20260306
00122825,프리티,"FreeT, Inc.",006490,유가,전기 통신업,1985-01-17,12,인스코비,,20260908
00109824,대림통상,"DAELIM TRADING CO.,LTD",006570,유가,기타 금속 가공제품 제조업,1975-11-20,12,,,20260330
00114686,동구바이오제약,"DongKoo Bio & Pharma Co., Ltd.",006620,코스닥,의약품 제조업,2018-02-13,12,,,20240701
00260383,대한유화,"KOREA PETRO CHEMICAL IND CO.,LTD",006650,유가,기초 화학물질 제조업,1999-08-11,12,,,20221215
00126201,삼성공조,"SAMSUNG CLIMATE CONTROL CO.,LTD",006660,유가,자동차 신품 부품 제조업,1987-11-28,12,,,20230526
00130383,서부T&D,"Seobu T&D Co.,Ltd",006730,코스닥,일반 및 생활 숙박시설 운영업,1995-10-06,12,,434,20260401
00141404,블루산업개발,"Blue Industrial Development Co., Ltd.",006740,유가,"골판지, 종이 상자 및 종이용기 제조업",1996-07-03,12,,,20260327
00111722,미래에셋증권,"MIRAE ASSET SECURITIES CO.,LTD.",006800,유가,금융 지원 서비스업,1975-09-30,12,,47,20231207
00125080,AK홀딩스,"AK Holdings, Inc.",006840,유가,기타 금융업,1999-08-11,12,,,20260401
00136402,신송홀딩스,SINGSONGHOLDINGS,006880,유가,산업용 농·축산물 및 동·식물 도매업,2013-11-21,12,,,20230222
00109161,태경케미컬,"TAEKYUNG CHEMICAL CO.,LTD",006890,유가,기초 화학물질 제조업,2003-01-28,12,,,20221208
01933981,비엔케이제3호스팩,BNK  3 SPECIAL PURPOSE ACQUISITION COMPANY,0068Y0,코스닥,금융 지원 서비스업,2025-11-21,12,,,20251121
00267881,보성파워텍,"BOSUNG POWER TECHNOLOGY CO., LTD.",006910,코스닥,"구조용 금속제품, 탱크 및 증기발생기 제조업",1994-09-07,12,,554,20211206
00163318,모헨즈,"Mohenz. Co., Ltd",006920,코스닥,"시멘트, 석회, 플라스터 및 그 제품 제조업",1989-01-05,12,,,20230327
00142661,우성,"WOOSUNG CO., LTD.",006980,유가,"곡물가공품, 전분 및 전분제품 제조업",1988-10-10,12,,,20240701
00140177,GS리테일,"GS Retail Co.,Ltd",007070,유가,종합 소매업,2011-12-23,12,,279,20250321
01921199,에스테크엠,"Stechm Co., Ltd.",0070X0,코넥스,특수 목적용 기계 제조업,2026-04-27,12,,,20260427
00146296,일신석재,"ILSHIN STONE CO.,LTD",007110,유가,"건축자재, 철물 및 난방장치 도매업",1986-03-04,12,,,20260102
00104786,미래아이앤지,"MiraeING.Co.,Ltd.",007120,유가,"컴퓨터 프로그래밍, 시스템 통합 및 관리업",1999-11-26,12,,,20260401
00124799,사조산업,"SAJO INDUSTRIES CO.,LTD",007160,유가,수산물 가공 및 저장 처리업,1989-07-25,12,,,20250502
01935183,삼성스팩11호,SAMSUNG SPECIAL PURPOSE ACQUISITION 11 COMPANY,0071M0,코스닥,금융 지원 서비스업,2025-09-30,12,,,20260304
00122898,벽산,BYUKSAN CORPORATION,007210,유가,기타 비금속 광물제품 제조업,1972-01-04,12,,,20221205
00124090,한국특강,"KOREA STEEL CO.,LTD",007280,유가,1차 철강 제조업,1989-11-13,12,,,20260401
01934935,KB제33호스팩,KB No.33 Special Purpose Acquisition Company,0072Z0,코스닥,금융 지원 서비스업,2025-09-30,12,,,20251022
00141529,오뚜기,OTOKI CORPORATION,007310,유가,기타 식품 제조업,1994-08-12,12,,361,20251222
00124805,푸른저축은행,PUREUN SAVINGS BANK,007330,코스닥,은행 및 저축기관,1993-12-07,12,,,20250425
00116949,DN오토모티브,DN AUTOMOTIVE CORPORATION,007340,유가,일차전지 및 이차전지 제조업,1988-09-24,12,,195,20230412
00150536,진양제약,"JIN YANG PHARMACEUTICAL. CO., LTD",007370,코스닥,의약품 제조업,2000-07-27,12,,,20251010
00117276,네이처셀,"NATURECELL CO.,LTD.",007390,코스닥,기초 의약물질 제조업,1992-11-30,12,,314,20260323
00152385,에이프로젠,"Aprogen, Inc",007460,유가,의약품 제조업,1995-07-08,12,,,20260504
00140858,와이엠,"YM CO., LTD.",007530,코스닥,기타 금속 가공제품 제조업,1994-08-05,12,,,20230426
00130091,샘표,SEMPIO COMPANY,007540,유가,기타 금융업,1976-06-29,12,,,20230221
00146454,일양약품,"ILYANG PHARMACEUTICAL CO.,LTD",007570,유가,의약품 제조업,1974-08-28,12,,,20251020
00115384,동방아그로,DONGBANG AGRO CORP,007590,유가,"비료, 농약 및 살균, 살충제 제조업",1977-06-29,12,,,20260219
00131939,선도전기,"SEONDO ELECTRIC CO.,LTD",007610,유가,"전동기, 발전기 및 전기 변환 · 공급 · 제어 장치 제조업",1989-11-30,12,,,20240401
00107613,이수페타시스,"ISUPETASYS CO.,LTD",007660,유가,전자부품 제조업,2003-10-07,12,,87,20260309
00111838,대원,"DAEWON CO., LTD.",007680,코스닥,건물 건설업,2017-12-01,12,,,20260330
00104388,국도화학,"KUKDO CHEMICAL CO.,LTD",007690,유가,기초 화학물질 제조업,1989-08-05,12,,,20250131
00126487,F&F 홀딩스,"F&F Holdings Co., Ltd.",007700,유가,기타 금융업,1984-10-04,12,,,20261001
00104810,소노스퀘어,"SONO SQUARE CO.,LTD.",007720,코스닥,상품 종합 도매업,1994-01-06,12,,,20261002
00267979,한일화학,"HANIL CHEMICAL IND. CO.,LTD",007770,코스닥,기초 화학물질 제조업,1992-09-07,12,,,20220224
00152686,코리아써키트,"KOREA CIRCUIT CO.,LTD",007810,유가,전자부품 제조업,1985-09-09,12,,268,20230220
00137915,엠엑스로보틱스,MX Robotics Inc.,007820,코스닥,일반 목적용 기계 제조업,2011-11-08,12,,,20261001
00163114,서연,SEOYON CO. LTD,007860,유가,기타 금융업,1989-09-09,12,,,20260327
00154329,TP,TP Inc.,007980,유가,봉제의복 제조업,1994-12-27,12,,,20260309
00137252,사조동아원,"SAJODONGAONE CO.,LTD",008040,유가,"곡물가공품, 전분 및 전분제품 제조업",1989-06-24,12,,,20250321
00109189,대덕,"DAEDUCK Co.,LTD",008060,유가,기타 금융업,1989-01-26,12,,,20251031
00145446,이건산업,EAGON INDUSTRIAL LTD,008250,유가,나무제품 제조업,1988-10-21,12,,,20260327
00116301,NI스틸,"NI STEEL CO.,LTD",008260,유가,1차 철강 제조업,1975-06-28,12,,,20230327
01782183,카나프테라퓨틱스,Kanaph Therapeutics Inc.,0082N0,코스닥,자연과학 및 공학 연구개발업,2026-03-16,12,,,20260319
00107224,남선알미늄,"NAMSUN ALUMINIUM CO.,LTD",008350,유가,1차 비철금속 제조업,1978-05-22,12,,,20250912
00144012,원풍,WonpoongCorporation,008370,코스닥,플라스틱제품 제조업,1992-12-18,12,,,20260219
00121570,문배철강,"MOONBAE STEEL CO.,LTD",008420,유가,1차 철강 제조업,1994-11-05,12,,,20230327
00124276,부스타,"BOOSTER CO., LTD.",008470,코스닥,"구조용 금속제품, 탱크 및 증기발생기 제조업",2011-02-23,12,,,20221116
00131692,서흥,"SUHEUNG CO.,LTD.",008490,유가,기타 화학제품 제조업,1990-03-27,12,,,20221209
00104999,윌비스,"THE WILLBES & CO.,LTD",008600,유가,생활용품 도매업,1989-07-28,12,,,20260811
00138516,아남전자,"ANAM ELECTRONICS CO.,LTD",008700,유가,영상 및 음향기기 제조업,1984-08-11,12,,,20240325
00145260,율촌화학,"YOULCHON CHEMICAL CO.,LTD",008730,유가,플라스틱제품 제조업,1988-08-30,12,,,20260303
00165680,호텔신라,"HOTEL SHILLA CO.,LTD",008770,유가,기타 상품 전문 소매업,1991-03-12,12,,321,20260721
00109310,대동기어,DaedongGear,008830,코스닥,특수 목적용 기계 제조업,1991-05-17,12,,,20250328
00168401,금비,"KUMBI CO.,LTD",008870,유가,유리 및 유리제품 제조업,1990-06-08,9,,,20220816
01958111,메리츠제1호스팩,Meritz No.1 Special Purpose Acquisition Company,0088D0,코스닥,금융 지원 서비스업,2025-12-15,12,,,20251215
01780608,메쥬,"MEZOO Co., Ltd.",0088M0,코스닥,의료용 기기 제조업,2026-03-26,12,,,20260326
00161426,한미사이언스,"Hanmi Science Co.,Ltd",008930,유가,기타 금융업,1988-06-20,12,,166,20251014
00117629,KBI동양철관,"KBI DONG YANG STEEL PIPE CO.,LTD",008970,유가,1차 철강 제조업,1977-03-05,12,,,20250912
00103042,케이씨티시,KCTC,009070,유가,도로 화물 운송업,1978-09-29,12,,,20220328
00102140,케이아이이,"KIE CO., LTD.",009140,유가,전자부품 제조업,1989-06-20,12,경인전자,,20260918
00126371,삼성전기,"SAMSUNG ELECTRO-MECHANICS CO.,LTD",009150,유가,전자부품 제조업,1979-02-27,12,,5,20230102
00138260,SIMPAC,SIMPACInc,009160,유가,1차 철강 제조업,1989-07-29,12,,,20230109
00140946,한솔로지스틱스,"Hansol Logistics CO., Ltd",009180,유가,기타 운송관련 서비스업,1989-11-13,12,,,20250103
00111111,대양금속,"DAIYANG METAL CO.,LTD",009190,유가,1차 철강 제조업,1994-04-29,12,,,20260827
01945339,신영스팩11호,Shinyoung HappyTomorrow No.11 Special Purpose Acquisition,0091W0,코스닥,금융 지원 서비스업,2025-11-24,12,,,20251124
00136086,무림페이퍼,"MOORIM PAPER CO.,LTD",009200,유가,"펄프, 종이 및 판지 제조업",1990-06-09,12,,,20240701
00161693,한샘,"HANSSEM CO.,LTD.",009240,유가,생활용품 도매업,2002-07-16,12,,,20231017
00136864,신원,SHINWON CORPORATION,009270,유가,봉제의복 제조업,1988-08-24,12,,,20230221
00103592,광동제약,"KWANGDONG PHARMACEUTICAL CO.,LTD",009290,유가,의약품 제조업,1989-11-17,12,,,20251205
00126788,삼아제약,Sam-A Pharm. Co. Ltd,009300,코스닥,의약품 제조업,2000-07-19,12,,,20240701
00153621,참엔지니어링,"Charm Engineering Co.,Ltd.",009310,유가,특수 목적용 기계 제조업,1987-11-12,12,,,20260327
00111689,아진전자부품,"AJIN ELECTRONIC COMPONENTS CO.,LTD",009320,유가,자동차 신품 부품 제조업,1989-08-25,12,,,20260901
01947072,미래에셋비전스팩8호,Mirae Asset Vision Special Purpose Acquisition 8 Company,0093G0,코스닥,금융 지원 서비스업,2025-11-27,12,,,20251127
00153861,태영건설,TAEYOUNG ENGINEERING & CONSTRUCTION,009410,유가,토목 건설업,1989-11-13,12,,,20260327
00162586,한올바이오파마,"HANALL BIOPHARMA CO.,LTD",009420,유가,의약품 제조업,1989-12-18,12,,230,20260327
00159971,KC그린홀딩스,"KC Green Holdings Co.,Ltd.",009440,유가,기타 금융업,1994-11-05,12,,,20240308
00101488,경동나비엔,"KYUNG DONG NAVIEN CO.,LTD",009450,유가,가정용 기기 제조업,1993-08-31,12,,,20250327
00163761,한창제지,"HANCHANG PAPER CO.,LTD",009460,유가,"펄프, 종이 및 판지 제조업",1987-12-23,12,,,20260909
00129271,삼화전기,"SAMWHA ELECTRIC CO.,LTD",009470,유가,전자부품 제조업,1986-11-24,12,,,20230216
00128111,포스코엠텍,"POSCO M-TECH CO.,LTD.",009520,코스닥,1차 철강 제조업,1997-11-10,12,,468,20250328
00164830,HD한국조선해양,"HD KOREA SHIPBUILDING & OFFSHORE ENGINEERING CO., LTD.",009540,유가,기타 금융업,1999-08-24,12,,34,20260401
00119007,무림P&P,"Moorim P&P CO.,LTD",009580,유가,"펄프, 종이 및 판지 제조업",1989-06-20,12,,,20240701
00125822,삼보산업,"SAMBO Industrial Co., Ltd.",009620,코스닥,1차 비철금속 제조업,1993-12-07,12,,,20230403
00151128,모토닉,MOTONIC CORPORATION,009680,유가,자동차 신품 부품 제조업,1994-01-14,12,,,20240726
01946532,삼성스팩12호,SAMSUNG SPECIAL PURPOSE ACQUISITION 12 COMPANY,0096B0,코스닥,기타 금융업,2025-11-28,12,,,20251128
01946596,미래에셋비전스팩9호,Mirae Asset Vision Special Purpose Acquisition 9 Company,0096D0,코스닥,금융 지원 서비스업,2025-12-01,12,,,20251201
00116426,이렘,"IREM Co.,Ltd.",009730,코스닥,1차 철강 제조업,1990-07-27,12,,,20251202
00128227,삼정펄프,"SAM JUNG PULP CO.,LTD.",009770,유가,"펄프, 종이 및 판지 제조업",2006-10-17,12,,,20231130
00121154,엠에스씨,"MSC Co.,Ltd.",009780,코스닥,기타 식품 제조업,1993-10-12,12,,,20250331
01949469,미래에셋비전스팩10호,Mirae Asset Vision Special Purpose Acquisition 10 Company,0097F0,코스닥,금융 지원 서비스업,2025-12-23,12,,,20251223
00103130,MDS스피어,"MDSsphere Co., Ltd.",009810,유가,기타 전문 도매업,1988-08-31,12,플레이그램,,20260827
00162461,한화솔루션,HANWHA SOLUTIONS CORPORATION,009830,유가,기초 화학물질 제조업,1974-06-19,12,,90,20250725
01949140,교보19호스팩,Kyobo 19 Special Purpose Acquisition Company,0098T0,코스닥,금융 지원 서비스업,2025-12-12,12,,,20251212
00173078,명신산업,MYOUNG SHIN INDUSTRY,009900,유가,자동차 신품 부품 제조업,2020-12-07,12,,,20230330
00140964,영원무역홀딩스,"Youngone Holdings Co., Ltd",009970,유가,기타 금융업,1988-11-07,12,,255,20230223
01948220,미래에셋비전스팩11호,Mirae Asset Vision Special Purpose Acquisition 11 Company,0099W0,코스닥,금융 지원 서비스업,2025-12-22,12,,,20251222
01949584,IBKS제25호스팩,IBKS No.25 Special Purpose Acquisition Company,0099X0,코스닥,금융 지원 서비스업,2025-12-19,12,,,20251219
00160205,한국내화,"KOREA REFRACTORIES CO.,LTD",010040,유가,"내화, 비내화 요업제품 제조업",2000-10-16,12,,,20230222
00148896,OCI홀딩스,OCI Holdings Company Ltd.,010060,유가,기타 금융업,1985-07-09,12,,141,20260327
00160418,한국무브넥스,"KOREA MOVENEX CO., LTD.",010100,유가,자동차 신품 부품 제조업,1987-10-02,12,,,20230510
00105855,엘에스일렉트릭,"LS ELECTRIC CO., LTD",010120,유가,"전동기, 발전기 및 전기 변환 · 공급 · 제어 장치 제조업",1994-07-11,12,,23,20250326
00102858,고려아연,KOREA ZINC INC,010130,유가,1차 비철금속 제조업,1990-07-28,12,,35,20260326
00126478,삼성중공업,"SAMSUNG HEAVY INDUSTRIES CO.,LTD",010140,유가,선박 및 보트 건조업,1994-01-28,12,,46,20240322
00113261,대한광통신,"TAIHAN Fiberoptics Co.,LTD",010170,코스닥,절연선 및 케이블 제조업,1994-11-07,12,,207,20260612
01949195,하나36호스팩,Hana Thirty-six Special Purpose Acquisition Company,0101C0,코스닥,금융 지원 서비스업,2025-12-22,12,,,20251222
00167031,흥국,"HEUNGKUK METALTECH CO.,LTD.",010240,코스닥,특수 목적용 기계 제조업,2009-05-12,12,,,20230223
00138303,아이티센엔텍,"ITCENENTEC CO.,LTD.",010280,코스닥,"컴퓨터 프로그래밍, 시스템 통합 및 관리업",2000-04-14,12,,,20260309
00143262,우진아이엔에스,"WOOJIN I&S Co.,Ltd",010400,유가,건물설비 설치 공사업,2018-09-14,12,,,20230210
00141671,오리콤,ORICOM Inc,010470,코스닥,광고업,2000-10-24,12,,,20240329
00147860,에스엠벡셀,"SM BEXEL CO.,LTD",010580,유가,자동차 신품 부품 제조업,1994-12-27,12,,,20260227
01954832,유진스팩12호,EUGENE SPECIAL PURPOSE ACQUISITION 12 COMPANY,0105P0,코스닥,금융 지원 서비스업,2025-12-11,12,,,20251211
00160375,진양폴리우레탄,"CHINYANG POLY URETHANE CO.,LTD",010640,유가,플라스틱제품 제조업,1989-09-30,12,,,20250312
00166500,화천기계,"HWACHEON MACHINERY CO.,LTD",010660,유가,특수 목적용 기계 제조업,1988-12-12,12,,,20240321
00166315,화신,"HWASHIN CO.,LTD",010690,유가,자동차 신품 부품 제조업,1994-01-14,12,,,20260325
00155124,평화홀딩스,"Pyung Hwa Holdings Co.,Ltd.",010770,유가,자동차 신품 부품 제조업,1986-03-31,12,,,20250109
00115977,아이에스동서,"IS DONGSEO CO., LTD.",010780,유가,"시멘트, 석회, 플라스터 및 그 제품 제조업",1986-01-27,12,,,20260327
00148522,퍼스텍,"FIRSTEC CO.,LTD.",010820,유가,무기 및 총포탄 제조업,1989-05-10,12,,,20230216
00138279,S-Oil,S-Oil Corporation,010950,유가,석유 정제품 제조업,1987-05-27,12,,42,20230510
00128980,삼호개발,SAMHO DEVELOPMENT CO,010960,유가,기반조성 및 시설물 축조관련 전문공사업,2005-05-12,12,,,20251124
00118521,진원생명과학,"GeneOne Life Science, Inc.",011000,유가,의약품 제조업,1987-11-16,12,,,20260807
00101549,경동제약,KyungdongPharm,011040,코스닥,의약품 제조업,1992-12-18,12,,,20240701
00105961,LG이노텍,"LG INNOTEK CO., LTD.",011070,유가,전자부품 제조업,2008-07-24,12,,58,20240322
00142713,형지I&C,HYUNGJI Innovation and Creative Company Limited,011080,코스닥,봉제의복 제조업,2004-07-02,12,,,20260318
00139764,에넥스,"ENEX CO.,LTD",011090,유가,가구 제조업,1995-07-08,12,,,20221130
00129013,CJ씨푸드,CJ SEAFOOD CORPORATION,011150,유가,기타 식품 제조업,1988-11-26,12,,,20260824
00165413,롯데케미칼,LOTTE CHEMICAL CORPORATION,011170,유가,기초 화학물질 제조업,1991-05-30,12,,222,20260323
00164645,HMM,"HMM CO.,LTD",011200,유가,해상 운송업,1995-10-05,12,,39,20260526
00106623,현대위아,HYUNDAI WIA,011210,유가,자동차 신품 부품 제조업,2011-02-21,12,,336,20250811
00129280,삼화전자공업,"SAMWHA ELECTRONICS CO.,LTD",011230,유가,영상 및 음향기기 제조업,1987-05-25,12,,,20221103
00153524,태림포장,"Tailim Packaging Co., Ltd",011280,유가,"골판지, 종이 상자 및 종이용기 제조업",1988-12-20,12,,,20260102
00132868,우성머티리얼스,"WOOSUNG MATERIALS CO.,LTD",011300,유가,직물직조 및 직물제품 제조업,1995-11-10,12,,,20260420
00147152,유니크,UNICK CORPORATION,011320,코스닥,자동차 신품 부품 제조업,1993-12-29,12,,,20261001
00137207,유니켐,"UNICHEM CO.,LTD",011330,유가,자동차 신품 부품 제조업,1989-12-14,12,,,20260602
00131504,서한,Seohan,011370,코스닥,건물 건설업,1994-05-24,12,,,20260303
00124027,부산산업,"BUSAN INDUSTRIAL CO.,LTD",011390,유가,"시멘트, 석회, 플라스터 및 그 제품 제조업",1990-09-14,12,,,20260601
00129554,갤럭시아에스엠,"Galaxia SM, INC.",011420,유가,스포츠 서비스업,1989-11-14,12,,,20211213
00160861,한농화성,HANNONG CHEMICALS INC,011500,유가,기타 화학제품 제조업,2003-01-09,12,,,20260306
00133876,세보엠이씨,SEBO MANUFACTURING ENGINEERING CORPORATION,011560,코스닥,건물설비 설치 공사업,1996-12-23,12,,,20230222
01957909,삼성스팩13호,SAMSUNG SPECIAL PURPOSE ACQUISITION 13 COMPANY,0115H0,코스닥,금융 지원 서비스업,2026-01-21,12,,,20260121
00144720,와이투솔루션,"Y2 Solution CO.,LTD",011690,유가,반도체 제조업,1995-12-21,12,,,20260211
00162072,한신기계공업,HANSHIN MACHINERY CO,011700,유가,일반 목적용 기계 제조업,1987-07-24,12,,,20241030
00164812,현대코퍼레이션,HYUNDAI CORPORATION,011760,유가,상품 종합 도매업,1977-12-01,12,,,20230216
00106368,금호석유화학,"KUMHO PETRO CHEMICAL CO.,LTD",011780,유가,기초 화학물질 제조업,1988-01-22,12,,194,20230104
00139889,SKC,SKC LTD,011790,유가,기타 화학제품 제조업,1997-07-18,12,,126,20260327
01755259,피스피스스튜디오,"PIECE PEACE STUDIO Co., Ltd.",0117P0,코스닥,"섬유, 의복, 신발 및 가죽제품 소매업",2026-06-08,12,,,20260608
00138297,STX,STX CORPORATION,011810,유가,상품 종합 도매업,1990-09-12,12,,,20221206
00136271,신성이엔지,"SHINSUNG E&G Co.,LTD.",011930,유가,반도체 제조업,1996-07-31,12,,,20240222
00163345,DB,DB Inc.,012030,유가,"컴퓨터 프로그래밍, 시스템 통합 및 관리업",1993-01-06,12,,,20260314
01965333,삼양바이오팜,Samyang Biopharm Corporation,0120G0,유가,의약품 제조업,2025-11-24,12,,,20251124
00141477,영흥,"YOUNGWIRE CO., LTD.",012160,유가,1차 철강 제조업,2010-01-25,12,,,20260401
00145437,아센디오,"Ascendio Co., Ltd.",012170,유가,"영화, 비디오물, 방송프로그램 제작 및 배급업",1989-12-20,12,,,20260915
00102618,계양전기,"KEYANG ELECTRIC MACHINERY CO.,LTD",012200,유가,일반 목적용 기계 제조업,1988-07-06,12,,,20240701
00125664,삼미금속,"Sammi Metal Products Co., Ltd.",012210,코스닥,기타 금속 가공제품 제조업,2025-12-29,12,,,20251229
00141413,영화금속,"YEONGHWA METAL CO.,LTD",012280,유가,자동차 신품 부품 제조업,1990-01-25,12,,,20221205
00143527,경동인베스트,"KYUNGDONG INVEST CO., LTD.",012320,유가,기타 금융업,1997-03-07,12,,,20230216
00164788,현대모비스,"HYUNDAI MOBIS CO.,LTD",012330,유가,자동차 신품 부품 제조업,1989-09-05,12,,22,20250312
00105040,뉴인텍,"NUIN TEK CO., LTD",012340,코스닥,자동차 신품 부품 제조업,1997-02-12,12,,,20230502
00126566,한화에어로스페이스,"HANWHA AEROSPACE CO., LTD.",012450,유가,"항공기,우주선 및 부품 제조업",1987-05-27,12,,12,20260921
00102113,경인양행,KYUNG-IN SYNTHETIC CORPORATION,012610,유가,기초 화학물질 제조업,1995-10-05,12,,,20230227
00143907,원일특강,WonilSpecialSteel,012620,코스닥,1차 철강 제조업,1994-06-28,12,,,20250326
00164636,HDC,"HDC HOLDINGS CO.,Ltd",012630,유가,기타 금융업,1996-10-16,12,,340,20260327
00173102,모나리자,"MONALISA CO.,LTD",012690,유가,기타 종이 및 판지 제품 제조업,1988-10-14,12,,,20250702
01965324,삼성에피스홀딩스,"SAMSUNG EPIS HOLDINGS Co., Ltd.",0126Z0,유가,기타 금융업,2025-11-24,12,,86,20260108
00117708,리드코프,"The LEADCORP, Inc.",012700,코스닥,기타 전문 도매업,1996-01-19,12,,,20260921
00158501,에스원,S-1 CORPORATION,012750,유가,"경비, 경호 및 탐정업",1996-01-30,12,,182,20260320
00137058,신일제약,"SHINIL PHARMACEUTICAL CO., LTD.",012790,코스닥,의약품 제조업,1999-08-13,12,,,20240701
00112651,대창,"DAECHANG Co.,Ltd",012800,유가,1차 비철금속 제조업,1989-12-05,12,,,20260327
00137234,모베이스전자,"MOBASE ELECTRONICS CO.,LTD.",012860,코스닥,자동차 신품 부품 제조업,1994-10-26,12,,,20240103
01963140,신한제18호스팩,"Shinhan 18th Special Purpose Acquisition Co., Ltd.",0129K0,코스닥,금융 지원 서비스업,2026-04-30,12,,,20260506
00134176,세우글로벌,"SEWOO GLOBAL CO,. LTD",013000,유가,기타 전문 도매업,1989-09-05,12,,,20260310
00165060,하이록코리아,HY-LOK CORPORATION,013030,코스닥,1차 철강 제조업,1989-12-15,12,,524,20230223
01963520,신한제17호스팩,Shinhan 17th Special Purpose Acquisition Company,0130D0,코스닥,금융 지원 서비스업,2026-04-01,12,,,20260401
01965698,엔에이치스팩33호,NH SPECIAL PURPOSE ACQUISITION 33 COMPANY,0130H0,코스닥,금융 지원 서비스업,2026-03-27,12,,,20260327
00117966,동원개발,DongwonDevelopment,013120,코스닥,건물 건설업,1994-12-29,12,,,20250331
01964246,키움히어로제2호스팩,Kiwoom Hero No.2 Special Purpose Acquisition Company,0131D0,코스닥,금융 지원 서비스업,2026-04-23,12,,,20260423
01985203,교보20호스팩,Kyobo 20 Special Purpose Acquisition Company,0132G0,코스닥,기타 금융업,2026-04-02,12,,,20260409
00139083,아진산업,"A-JIN INDUSTRY CO.,LTD",013310,코스닥,자동차 신품 부품 제조업,2015-12-22,12,,,20221202
00146232,일성건설,"ILSUNG CONSTRUCTION CO.,LTD",013360,유가,토목 건설업,1989-12-02,12,,,20260310
01976418,대신밸런스제20호스팩,Daishin Balance No.20 Special Purpose Acquisition Company,0134X0,코스닥,금융 지원 서비스업,2026-06-05,12,,,20260605
00166272,화승코퍼레이션,"Hwaseung Corporation CO., LTD",013520,유가,자동차 신품 부품 제조업,1991-02-22,12,,,20220228
00117179,디와이,DY Corporation,013570,유가,기타 금융업,1989-05-30,12,,,20260703
00102432,계룡건설산업,"KYE-RYONG CONSTRUCTION INDUSTRIAL CO.,LTD",013580,유가,토목 건설업,1996-01-30,12,,,20240603
00129420,까뮤이앤씨,CAMUS ENGINEERING & CONSTRUCTION Inc.,013700,유가,건물 건설업,1989-11-30,12,,,20260327
00151605,청보,"CHEONGBO CO., LTD.",013720,코스닥,자동차 신품 부품 제조업,1993-12-29,12,THE CUBE&,,20260629
00136165,스페코,Speco,013810,코스닥,특수 목적용 기계 제조업,1997-11-03,12,,,20260306
00156354,지엠비코리아,GMB Korea Corp.,013870,유가,자동차 신품 부품 제조업,2012-11-20,12,,,20230223
00150633,지누스,ZINUS INC.,013890,유가,가구 제조업,2019-10-30,12,,,20250321
00138446,아가방컴퍼니,AGABANG&COMPANY,013990,코스닥,생활용품 도매업,2002-01-17,12,,,20221212
00267854,메디앙스,"Medience Co., LTD.",014100,코스닥,상품 종합 도매업,1995-01-03,12,,,20240502
00129509,한익스프레스,"HAN EXPRESS CO.,LTD",014130,유가,도로 화물 운송업,1989-07-25,12,,,20240827
00111458,대영포장,"DAEYOUNG PACKAGING CO.,LTD",014160,유가,"골판지, 종이 상자 및 종이용기 제조업",1990-03-06,12,,,20220405
00128175,원익큐브,WONIK CUBE Corp.,014190,코스닥,기타 전문 도매업,1996-04-26,12,,,20260327
00105299,금강공업,"KUMKANG KIND CO.,LTD",014280,유가,1차 철강 제조업,1988-09-10,12,,,20230131
00140779,영보화학,"YOUNGBO CHEMICAL CO.,LTD",014440,유가,플라스틱제품 제조업,1997-08-27,12,,,20240123
00243067,부방,"Bubang Co., Ltd.",014470,코스닥,부동산 임대 및 공급업,1994-02-25,12,,,20260331
00105156,극동유화,"KUKDONG OIL & CHEMICALS CO.,LTD",014530,유가,석유 정제품 제조업,1991-01-31,12,,,20220216
00103015,고려제약,"KOREAN DRUG CO., LTD.",014570,코스닥,의약품 제조업,2000-12-07,12,,,20261002
00122481,태경비케이,"TAEKYUNG BK CO.,LTD.",014580,유가,"시멘트, 석회, 플라스터 및 그 제품 제조업",1991-03-07,12,,,20250331
00132318,성광벤드,"SUNG KWANG BEND CO., LTD.",014620,코스닥,1차 철강 제조업,2001-01-11,12,,410,20211207
00140955,한솔케미칼,"Hansol Chemical Co., Ltd",014680,유가,기초 화학물질 제조업,1989-05-20,12,,191,20251106
00124780,사조씨푸드,"SAJO SEA FOOD CO.,LTD",014710,유가,수산물 가공 및 저장 처리업,2012-06-29,12,,,20240321
00161116,HL D&I,HL D&I HALLA CORPORATION,014790,유가,토목 건설업,1994-08-12,12,,,20240925
00132637,동원시스템즈,Dongwon Systems Corporation,014820,유가,플라스틱제품 제조업,1994-03-29,12,,,20260327
00159786,유니드,"UNID CO.,LTD",014830,유가,기초 화학물질 제조업,2004-12-03,12,,,20260320
00132628,성문전자,"SUNGMOON ELECTRONICS CO.,LTD",014910,유가,전자부품 제조업,1990-03-24,12,,,20221125
00141608,오리엔탈정공,"ORIENTAL PRECISION & ENGINEERING CO.,LTD.",014940,코스닥,일반 목적용 기계 제조업,2001-12-26,12,,,20230222
00127875,삼익제약,"SAMIK  PHARM.  CO.,LTD.",014950,코스닥,의약품 제조업,2025-10-27,12,,,20260303
00125488,삼륭물산,Samryoong,014970,코스닥,"골판지, 종이 상자 및 종이용기 제조업",1992-12-29,12,,,20260731
00106881,인디에프,In the F,014990,유가,봉제의복 제조업,1989-06-20,12,,,20261002
00134565,이스타코,"e-STARCO. CO.,LTD",015020,유가,부동산 임대 및 공급업,1988-12-23,12,,,20230403
00112679,대창단조,"DAECHANG FORGING CO.,LTD",015230,유가,자동차 신품 부품 제조업,1989-07-25,12,,,20230222
00143314,에이엔피,AUTOMOBILE & PCB,015260,유가,전자부품 제조업,1988-01-18,12,,,20221209
00105101,INVENI,"INVENI Co., Ltd.",015360,유가,회사 본부 및 경영 컨설팅 서비스업,1996-12-24,12,,,20260319
00108746,DKME,"DKME Co., Ltd.",015590,유가,일반 목적용 기계 제조업,1989-05-27,12,,,20260518
01947443,해치텍,HAECHITECH CORPORATION,0155E0,코스닥,반도체 제조업,2026-08-25,12,,,20260825
00624244,에이치엘지노믹스,"HL GENOMICS Co., Ltd.",0156T0,코스닥,기초 의약물질 제조업,2026-07-24,12,,,20260724
00187725,코콤,"KOCOM CO., LTD",015710,코스닥,통신 및 방송 장비 제조업,1997-09-30,12,,,20240401
00132992,성우하이텍,"SUNGWOO HITECH CO., LTD",015750,코스닥,자동차 신품 부품 제조업,1995-11-04,12,,501,20240402
00159193,한국전력공사,KOREA ELECTRIC POWER CORPORATION,015760,유가,전기업,1989-08-10,12,,40,20240416
00146649,일진홀딩스,"ILJIN HOLDINGS CO.,LTD",015860,유가,기타 금융업,1990-03-22,12,,,20220222
00153339,태경산업,"TAEKYUNG INDUSTRIAL CO.,LTD",015890,유가,기초 화학물질 제조업,1996-01-30,12,,,20240402
00113614,대현,"DAEHYUN CO.,LTD",016090,유가,봉제의복 제조업,1990-09-20,12,,,20240401
00180263,리더스코스메틱,"LEADERS COSMETICS CO., LTD.",016100,코스닥,"골판지, 종이 상자 및 종이용기 제조업",2003-01-15,12,,,20260304
01876251,네오사피엔스,"Neosapience, Inc.",0161M0,코스닥,소프트웨어 개발 및 공급업,2026-09-21,12,,,20260921
00141246,SGC E&C,"SGC E&C Co., Ltd.",016250,코스닥,건물 건설업,1999-12-28,12,,,20240426
00104856,삼성증권,"SAMSUNG SECURITIES CO.,LTD",016360,유가,금융 지원 서비스업,1988-03-28,12,,91,20240322
00115676,KG스틸,"KG DONGBUSTEEL CO., LTD.",016380,유가,1차 철강 제조업,1986-02-03,12,,,20260325
00161976,한세예스24홀딩스,"HANSAE YES24 HOLDINGS CO., LTD",016450,유가,봉제의복 제조업,2000-01-06,12,,,20221212
01987779,한국제16호스팩,"Korea No.16 Special Purpose Acquisition Co., LTD.",0164H0,코스닥,금융 지원 서비스업,2026-06-30,12,,,20260630
00166573,환인제약,"WHANIN PHARM CO.,LTD",016580,유가,의약품 제조업,1996-07-03,12,,,20240701
00135777,신대양제지,"SHINDAEYANG PAPER CO.,LTD",016590,유가,"골판지, 종이 상자 및 종이용기 제조업",1995-12-21,12,,,20260102
01989041,메리츠제2호스팩,Meritz No.2 Special Purpose Acquisition Company,0165X0,코스닥,금융 지원 서비스업,2026-06-19,12,,,20260619
00267942,큐캐피탈,"Q Capital Partners Co., Ltd.",016600,코스닥,기타 금융업,1993-06-21,12,,,20260324
00115694,DB증권,"DB Securities Co.,Ltd",016610,유가,금융 지원 서비스업,1988-06-27,12,,,20250604
00125725,디모아,"DMOA Co., Ltd",016670,코스닥,기타 전문 도매업,1993-04-21,12,,,20260703
00108940,대성홀딩스,"DAESUNG HOLDINGS CO., LTD.",016710,유가,회사 본부 및 경영 컨설팅 서비스업,1999-12-22,12,,,20230621
00119672,두올,DUAL,016740,유가,자동차 신품 부품 제조업,2016-07-29,12,,,20260803
00164618,현대사료,HYUNDAI FEED Inc.,016790,코스닥,동물용 사료 및 조제식품 제조업,2018-06-01,12,,,20260701
00161709,퍼시스,FURSYS INC,016800,유가,가구 제조업,1996-12-24,12,,,20260330
00143651,웅진,"WOONGJIN CO., LTD.",016880,유가,기타 금융업,1994-11-05,12,,,20260618
00152260,카스,Cas,016920,코스닥,기계장비 및 관련 물품 도매업,1990-01-04,12,,,20221205
00136925,신원종합개발,ShinwonConstruction,017000,코스닥,건물 건설업,1994-12-07,12,,,20260303
00103662,광명전기,"KWANG MYUNG ELECTRIC CO.,LTD",017040,유가,"전동기, 발전기 및 전기 변환 · 공급 · 제어 장치 제조업",1990-09-14,12,,,20260630
00121039,명문제약,"MYUNGMOON PHARM CO.,LTD",017180,유가,의약품 제조업,2008-07-10,12,,,20240703
00145914,인터엠,IntermCorporation,017250,코스닥,영상 및 음향기기 제조업,1996-01-03,9,,,20251114
00142883,우신시스템,"WOOSHIN SYSTEMS CO.,LTD",017370,유가,특수 목적용 기계 제조업,2002-05-28,12,,,20221202
00130684,서울도시가스,"SEOUL CITY GAS CO.,LTD",017390,유가,연료용 가스 제조 및 배관공급업,1995-08-18,12,,,20250325
00128926,삼현철강,"SAMHYUN STEEL Co., Ltd",017480,코스닥,1차 철강 제조업,2001-01-09,12,,,20230120
00133751,세명전기,SemyungElectricMachinery,017510,코스닥,기타 금속 가공제품 제조업,1991-12-26,12,,,20240103
00135111,수산세보틱스,"SOOSAN CEBOTICS CO., LTD",017550,유가,특수 목적용 기계 제조업,1991-08-30,12,,,20260401
00109781,대림제지,DaelimPaper,017650,코스닥,기타 종이 및 판지 제품 제조업,1994-11-07,12,,,20230228
00159023,SK텔레콤,"SK TELECOM CO.,LTD",017670,유가,전기 통신업,1989-11-07,12,,41,20260327
00164724,현대엘리베이터,"HYUNDAI ELEVATOR CO.,LTD",017800,유가,일반 목적용 기계 제조업,1996-07-03,12,,202,20230110
00155355,풀무원,Pulmuone Corporate,017810,유가,기타 식품 제조업,1995-10-05,12,,,20241209
00108612,DS단석,"DS DANSUK CO., LTD.",017860,유가,기타 화학제품 제조업,2023-12-22,12,,,20231222
00158565,한국알콜,KoreaAlcoholIndustrial,017890,코스닥,기타 화학제품 제조업,1992-08-04,12,,579,20250327
00152729,광전자,AUK CORP,017900,유가,반도체 제조업,1996-10-16,12,,,20230330
00165583,E1,E1 Corporation,017940,유가,기타 전문 도매업,1997-08-27,12,,,20260330
00159795,한국카본,"HANKUK CARBON CO.,LTD",017960,유가,"구조용 금속제품, 탱크 및 증기발생기 제조업",1995-07-08,12,,,20260330
00144243,유니슨,"UNISON CO., LTD.",018000,코스닥,일반 목적용 기계 제조업,1996-01-10,12,,574,20260330
00170877,진로발효,JinroDistillers,018120,코스닥,알코올음료 제조업,1993-12-29,12,,,20220228
00139454,애경산업,"Aekyung Industrial Co., Ltd.",018250,유가,기타 화학제품 제조업,2018-03-22,12,,,20260327
00126186,삼성에스디에스,"SAMSUNG SDS CO., LTD.",018260,유가,"컴퓨터 프로그래밍, 시스템 통합 및 관리업",2014-11-14,12,,48,20250320
00150165,브이티,"VT Co., Ltd.",018290,코스닥,기타 화학제품 제조업,1994-09-07,12,,518,20230721
00125646,삼목에스폼,"SAMMOK S-FORM CO.,LTD.",018310,코스닥,"구조용 금속제품, 탱크 및 증기발생기 제조업",1996-05-03,12,,,20221209
00149239,조일알미늄,"CHOIL ALUMINUM CO., LTD",018470,유가,1차 비철금속 제조업,1988-11-22,12,,,20240227
00118008,동원모빌리티,"Dongwon Mobility CO.,LTD",018500,유가,자동차 신품 부품 제조업,1995-11-10,3,동원금속,,20260722
00103547,우진비앤지,"WooGeneB&GCO.,Ltd",018620,코스닥,의약품 제조업,2008-05-20,12,,,20260611
00144164,SK가스,SK GAS LTD,018670,유가,기타 전문 도매업,1997-08-27,12,,248,20230104
00131018,서울제약,"SEOUL PHARMA CO.,LTD",018680,코스닥,의약품 제조업,2000-08-18,12,,,20260305
00122205,졸스,"JOLSE CO.,LTD.",018700,코스닥,생활용품 도매업,1994-03-18,12,바른손,,20260521
00161125,한온시스템,Hanon Systems,018880,유가,일반 목적용 기계 제조업,1996-07-31,12,,160,20250106
00267906,베뉴지,"VenueG Co.,Ltd.",019010,코스닥,종합 소매업,1993-11-05,12,,,20250331
00137359,신풍제약,"SHINPOONG PHARMACEUTICAL CO.,LTD",019170,유가,의약품 제조업,1990-01-20,12,,,20251014
00118965,티에이치엔,THN CORPORATION,019180,유가,기타 전기장비 제조업,1996-07-31,12,,,20220228
00139719,와이지-원,"YG-1 CO.,LTD",019210,코스닥,기타 금속 가공제품 제조업,1997-08-06,12,,497,20260306
00156150,엑시큐어하이트론,EXICURE HITRON INC.,019490,유가,영상 및 음향기기 제조업,1998-11-04,12,,,20260522
00146560,일지테크,"ILJI TECHNOLOGY CO.,LTD",019540,코스닥,자동차 신품 부품 제조업,1992-11-03,12,,,20260318
00156910,SBI인베스트먼트,"SBI Investment KOREA Co., Ltd.",019550,코스닥,신탁업 및 집합투자업,1989-09-06,12,,,20250328
00110750,GMI벤처,"GMI Venture Co.,Ltd",019570,코스닥,신탁업 및 집합투자업,1989-03-14,12,플루토스,,20260731
00159731,글로본,"GLOBON CO., LTD.",019660,코스닥,상품 종합 도매업,1992-06-04,12,,,20250324
00108913,대교,"DAEKYO CO.,LTD",019680,유가,초등 교육기관,2004-02-03,12,,,20250326
00153278,서연탑메탈,"SEOYON TOPMETAL CO., LTD.",019770,코스닥,특수 목적용 기계 제조업,2011-06-24,12,,,20241216
02030166,엔에이치스팩34호,NH SPECIAL PURPOSE ACQUISITION 34 COMPANY,0197V0,코스닥,금융 지원 서비스업,2026-09-10,12,,,20260910
00169215,에너토크,ENERTORK LTD.,019990,코스닥,일반 목적용 기계 제조업,2006-02-01,12,,,20240401
00188089,한섬,HANDSOME CORPORATION,020000,유가,봉제의복 제조업,1996-07-03,12,,,20230103
02029258,한국제17호스팩,"Korea No.17 Special Purpose Acquisition Co., LTD.",0200G0,코스닥,금융 지원 서비스업,2026-09-22,12,,,20260922
00140131,키다리스튜디오,"KidariStudio, Inc.",020120,유가,"자료처리, 호스팅, 포털 및 기타 인터넷 정보매개 서비스업",1996-07-03,12,,,20260306
00113997,롯데에너지머티리얼즈,LOTTE ENERGY MATERIALS CORPORATION,020150,유가,전자부품 제조업,2011-03-04,12,,212,20230331
00110875,대신정보통신,DaishinInformation,020180,코스닥,"컴퓨터 프로그래밍, 시스템 통합 및 관리업",1995-10-06,3,,,20240522
01831708,송우인포텍,SONGWOO Information & Technology Inc.,0203K0,코넥스,소프트웨어 개발 및 공급업,2026-07-21,12,,,20260721
00191287,대동금속,DaedongMetal,020400,코스닥,금속 주조업,1993-07-30,12,,,20230907
00138792,아시아나항공,Asiana Airlines Inc.,020560,유가,항공 여객 운송업,2008-03-28,12,,299,20250117
00170026,시공테크,"SIGONG TECH Co.,Ltd.",020710,코스닥,전문디자인업,1999-08-13,12,,,20260330
00198697,일진디스플,"ILJIN DISPLAY CO.,LTD.",020760,유가,반도체 제조업,2002-01-09,12,,,20260401
02032155,KB제34호스팩,KB No.34 Special Purpose Acquisition Company,0209J0,코스닥,금융 지원 서비스업,2026-09-22,12,,,20260922
00166175,대호특수강,dhSteel,021040,코스닥,1차 철강 제조업,1996-08-27,12,,,20240718
00131197,서원,"SEOWON CO.,LTD",021050,유가,금속 주조업,1996-01-30,12,,,20260401
00161462,에이티넘인베스트,"Atinum Investment Co., Ltd",021080,코스닥,신탁업 및 집합투자업,1991-07-12,12,,,20260319
00170558,코웨이,"COWAY Co., Ltd.",021240,유가,그외 기타 개인 서비스업,2001-08-07,12,,97,20230103
00105466,KCC건설,"KCC ENGINEERING & CONSTRUCTION CO., LTD.",021320,코스닥,건물 건설업,2001-08-21,12,,,20240401
00160010,한국큐빅,CUBIC KOREA INC.,021650,코스닥,플라스틱제품 제조업,2003-01-24,12,,,20251110
00134316,세원정공,"SEWON PRECISION INDUSTRY CO.,LTD",021820,유가,자동차 신품 부품 제조업,1996-07-03,6,,,20220629
00136101,메이슨캐피탈,MASON CAPITAL CORPORATION,021880,코스닥,기타 금융업,1996-09-02,12,,,20260629
02038566,네오뷰,"Neovue CO., LTD",0218L0,코스닥,영상 및 음향기기 제조업,2026-07-27,12,,,20260728
02042949,한화머시너리앤서비스홀딩스,"Hanwha Machinery & Service Holdings Co., Ltd",0220W0,유가,기타 금융업,2026-08-25,12,,,20260831
00155212,포스코DX,POSCO DX COMPANY LTD.,022100,유가,"건축기술, 엔지니어링 및 관련 기술 서비스업",2024-01-02,12,,184,20250325
00140061,티케이지애강,"TKG AIKANG CO., LTD",022220,코스닥,플라스틱제품 제조업,2006-04-11,12,,,20260205
00191588,삼원강재,"SAMWONSTEEL Co.,Ltd.",023000,유가,자동차 신품 부품 제조업,2011-07-22,12,,,20260325
00121534,MH에탄올,"MHETHANOL CO.,LTD",023150,유가,알코올음료 제조업,1996-12-24,12,,,20250321
00153375,태광,T. K. CORPORATION,023160,코스닥,1차 철강 제조업,1994-09-07,12,,437,20250328
00159500,한국종합기술,Korea Engineering Consultants Corp.,023350,유가,"건축기술, 엔지니어링 및 관련 기술 서비스업",2011-04-28,12,,,20250813
00184667,유진기업,EUGENE Corporation,023410,코스닥,"시멘트, 석회, 플라스터 및 그 제품 제조업",1994-10-07,12,,,20250327
00148531,제이스코홀딩스,J Steel Company Holdings Inc.,023440,코스닥,1차 철강 제조업,1994-10-07,12,,,20260312
00115065,동남합성,"DONGNAMCHEMICALCO.,LTE.",023450,유가,기초 화학물질 제조업,1996-12-24,12,,,20221229
00120526,롯데쇼핑,"LOTTE SHOPPING CO.,LTD.",023530,유가,종합 소매업,2006-02-09,12,,200,20260323
00176914,다우기술,DAOU TECHNOLOGY INC,023590,유가,"자료처리, 호스팅, 포털 및 기타 인터넷 정보매개 서비스업",1997-08-27,12,,307,20231106
00125938,삼보판지,"SAMBO CORRUGATED BOARD CO.,LTD.",023600,코스닥,"펄프, 종이 및 판지 제조업",1996-05-29,12,,,20211207
00149594,한국캐피탈,"Han Kook Capital Co., Ltd.",023760,코스닥,기타 금융업,1994-11-07,12,,,20260521
00138367,플레이위드,PLAYWITH KOREA Inc.,023770,코스닥,소프트웨어 개발 및 공급업,1994-11-07,12,,,20251015
00172945,동일스틸럭스,"DONGIL STEELUX CO., LTD.",023790,코스닥,1차 철강 제조업,1994-11-07,12,,,20260310
00103510,인지컨트롤스,"INZI CONTROLS CO.,LTD",023800,유가,자동차 신품 부품 제조업,1997-06-23,12,,,20260401
00180795,인팩,INFAC CORPORATION,023810,유가,자동차 신품 부품 제조업,2004-09-21,12,,,20230427
00155452,풍국주정,"Pungguk Ethanol Co.,Ltd.",023900,코스닥,알코올음료 제조업,1994-11-23,12,,,20260327
00113128,대한약품,DaehanPharmaceutical,023910,코스닥,의약품 제조업,1994-11-23,12,,,20240701
00121969,에쓰씨엔지니어링,"SC ENGINEERING CO., LTD",023960,유가,토목 건설업,1997-06-23,12,,,20260316
00167004,흥구석유,HeunguOil,024060,코스닥,기타 전문 도매업,1994-12-07,12,,,20221209
00142865,WISCOM,"WISCOM CO.,LTD",024070,유가,플라스틱제품 제조업,1996-11-22,12,,,20230327
00177199,디씨엠,DCM CORP,024090,유가,1차 철강 제조업,1999-08-18,12,,,20260320
00149646,기업은행,INDUSTRIAL BANK OF KOREA,024110,유가,은행 및 저축기관,2003-12-24,12,,52,20260303
00157539,KB오토시스,"KB Autosys Co.,Ltd",024120,코스닥,자동차 신품 부품 제조업,1994-12-07,12,,,20260902
00203290,콜마홀딩스,"KOLMAR HOLDINGS CO.,LTD.",024720,유가,기타 금융업,2002-04-09,12,,,20260316
00162832,한일단조,HanilForgingIndustrial,024740,코스닥,자동차 신품 부품 제조업,1996-11-29,12,,,20221125
00173999,유성티엔에스,"YOOSUNG T&S CO.,LTD",024800,코스닥,육상 여객 운송업,1999-12-10,12,,,20240207
00173591,세원물산,SewonCorporation,024830,코스닥,자동차 신품 부품 제조업,1994-12-29,12,,,20260401
00158024,KBI메탈,"KBI METAL CO., LTD.",024840,코스닥,1차 비철금속 제조업,1994-12-29,12,,,20260504
00155586,HLB이노베이션,"HLB innoVation Co.,Ltd.",024850,코스닥,전자부품 제조업,2001-01-18,12,,463,20260702
00157636,케이피에프,KPF,024880,코스닥,기타 금속 가공제품 제조업,1994-12-29,12,,,20260326
00112022,대원화성,"DAEWON CHEMICAL CO.,LTD",024890,유가,플라스틱제품 제조업,1997-10-28,12,,,20260213
00114154,디와이덕양,"DY DEOKYANG Co.,Ltd.",024900,유가,자동차 신품 부품 제조업,1997-06-23,12,,,20250924
00102353,경창산업,KyungchangIndustrial,024910,코스닥,자동차 신품 부품 제조업,1994-12-29,12,,,20260319
00133557,PN풍년,"PNPOONGNYUN CO.,LTD",024940,코스닥,생활용품 도매업,1995-01-04,12,,,20221212
00128607,삼천리자전거,"SAMCHULY BICYCLE CO., LTD",024950,코스닥,생활용품 도매업,1995-01-04,12,,,20260306
00191472,KPX케미칼,"KPX CHEMICAL CO., LTD.",025000,유가,기초 화학물질 제조업,1994-12-27,12,,,20240325
00203023,시노펙스,Synopex Inc.,025320,코스닥,전자부품 제조업,1995-04-20,12,,552,20230221
00110583,DH오토웨어,"DHAUTOWARE Co., LTD",025440,코스닥,영상 및 음향기기 제조업,1995-05-22,12,,,20260303
00181943,에스제이엠홀딩스,"SJM HOLDINGS CO.,LTD",025530,유가,자동차 부품 및 내장품 판매업,1997-02-12,12,,,20240221
00157070,한국단자공업,"KOREA ELECTRIC TERMINAL CO.,LTD",025540,유가,"전동기, 발전기 및 전기 변환 · 공급 · 제어 장치 제조업",1996-10-16,12,,,20230217
00158015,한국선재,"HANKUK STEEL WIRE CO., LTD.",025550,코스닥,1차 철강 제조업,1995-06-19,12,,,20260324
00197759,미래산업,MIRAE CORPORATION,025560,유가,"측정, 시험, 항해, 제어 및 기타 정밀기기 제조업; 광학기기 제외",1996-11-22,12,,,20260310
00136776,차AI헬스케어,"CHA AI Healthkare Co.,Ltd.",025620,유가,기타 화학제품 제조업,1995-07-08,12,,,20260615
00203582,한솔홈데코,"Hansol HomeDeco co.,ltd.",025750,유가,제재 및 목재 가공업,2003-11-04,12,,,20260331
00159342,한국정보통신,KoreaInformation&Communication,025770,코스닥,전기 통신업,1998-01-20,12,,,20260304
00145464,이구산업,"LEEKU INDUSTRIAL CO.,LTD",025820,유가,1차 비철금속 제조업,1995-08-18,12,,,20230221
00107987,남해화학,NAMHAE CHEMICAL CORPORATION,025860,유가,"비료, 농약 및 살균, 살충제 제조업",1995-11-10,12,,,20250131
00136004,신라에스지,"SILLA SG CO., LTD.",025870,코스닥,음·식료품 및 담배 도매업,1995-07-07,12,,,20260213
00101752,케이씨피드,"KC FEED CO., LTD.",025880,코스닥,동물용 사료 및 조제식품 제조업,1995-07-07,12,,,20260319
00159564,한국주강,"HANKOOK STEEL CO.,LTD",025890,유가,특수 목적용 기계 제조업,1997-07-18,12,,,20221122
00173032,동화기업,"DONGWHA ENTERPRISE CO.,LTD.",025900,코스닥,나무제품 제조업,1995-08-07,12,,549,20230331
00116408,동신건설,DongshinEngineering&Construction,025950,코스닥,토목 건설업,1995-08-07,12,,,20260312
00161781,아난티,Ananti Inc.,025980,코스닥,일반 및 생활 숙박시설 운영업,1996-01-06,12,,485,20230222
00120289,제이에스티나,"J.ESTINA Co.,Ltd",026040,코스닥,귀금속 및 장신용품 제조업,1999-12-21,12,,,20260330
00186939,특수건설,TuksuConstruction,026150,코스닥,토목 건설업,1997-08-06,12,,,20260622
00117498,스틱인베스트먼트,"STIC Investments, Inc.",026890,유가,신탁업 및 집합투자업,1997-11-25,12,,,20260319
00104120,광진실업,KwangjinInd,026910,코스닥,1차 철강 제조업,1996-01-03,12,,,20260923
00123781,부국철강,Bookook Steel,026940,유가,1차 철강 제조업,2008-10-14,12,,,20221201
00144395,동서,DONG SUH COMPANIES INC.,026960,유가,음·식료품 및 담배 도매업,2016-07-15,12,,208,20260323
00130587,서울전자통신,SEOUL ELECTRONICS & TELECOM,027040,코스닥,"전동기, 발전기 및 전기 변환 · 공급 · 제어 장치 제조업",1999-12-03,12,,,20260720
00152589,코리아나,"COREANA COSMETICS CO., LTD",027050,코스닥,기타 화학제품 제조업,1999-12-10,12,,,20250521
00156895,아주IB투자,"AJU IB INVESTMENT CO., LTD.",027360,코스닥,기타 금융업,2018-11-21,12,,498,20230223
00219097,BGF,"BGF CO., LTD.",027410,유가,기타 금융업,2014-05-19,12,,,20250715
00129615,상보,"SANGBOCo.,Ltd",027580,코스닥,플라스틱제품 제조업,2007-10-01,12,,,20260423
00192499,팜스토리,"FarmStory CO.,LTD.",027710,코스닥,동물용 사료 및 조제식품 제조업,1996-07-06,12,,,20240701
00204208,마니커,"MANIKER CO.,LTD.",027740,유가,"도축, 육류 가공 및 저장 처리업",2002-10-29,12,,,20250325
00109037,대성창투,"Daesung Private Equity, Inc.",027830,코스닥,신탁업 및 집합투자업,1999-11-30,12,,,20240401
00133706,한국제지,"Hankuk Paper MFG. CO., LTD",027970,유가,"펄프, 종이 및 판지 제조업",1996-07-03,12,,,20260327
00126308,삼성E&A,"SAMSUNG E&A CO.,LTD",028050,유가,"건축기술, 엔지니어링 및 관련 기술 서비스업",1996-12-24,12,,82,20260319
00219440,휴맥스홀딩스,"Humax Holdings Co., Ltd",028080,코스닥,"컴퓨터 프로그래밍, 시스템 통합 및 관리업",1997-04-16,12,,,20260306
00178754,동아지질,Dong-Ah Geological Engineering Company LTD.,028100,유가,기반조성 및 시설물 축조관련 전문공사업,2009-06-12,12,,,20260310
00149655,삼성물산,SAMSUNG C&T CORPORATION,028260,유가,기타 전문 도매업,2014-12-18,12,,11,20260323
00199252,HLB,"HLB Co.,LTD.",028300,코스닥,의료용품 및 기타 의약 관련제품 제조업,1996-07-27,12,,123,20260806
00122737,팬오션,"Pan Ocean Co., Ltd.",028670,유가,해상 운송업,2007-09-21,12,,173,20260108
00209780,케이씨,"KC CO., LTD.",029460,유가,"측정, 시험, 항해, 제어 및 기타 정밀기기 제조업; 광학기기 제외",1997-11-25,12,,,20260907
00186452,광무,"Kwangmu Co.,Ltd.",029480,코스닥,통신 및 방송 장비 제조업,1996-08-27,12,,,20250904
00135795,신도리코,"SINDOH CO.,LTD",029530,유가,컴퓨터 및 주변장치 제조업,1996-12-24,12,,,20250106
00126292,삼성카드,"SAMSUNG CARD CO.,LTD",029780,유가,기타 금융업,2007-06-27,12,,131,20250321
00148276,제일기획,Cheil Worldwide Inc,030000,유가,광고업,1998-03-03,12,,254,20250605
00158325,NICE평가정보,"NICE Information Service Co., Ltd.",030190,유가,기타 정보 서비스업,2023-08-08,12,,,20260306
00190321,케이티,KT CORPORATION,030200,유가,전기 통신업,1998-12-23,12,,59,20260401
00156859,다올투자증권,"Daol Investment & Securities Co., Ltd.",030210,유가,금융 지원 서비스업,1996-11-19,12,,,20260301
00230036,드래곤플라이,"Dragonfly GF Co., Ltd.",030350,코스닥,소프트웨어 개발 및 공급업,1997-11-10,12,,,20240603
00204262,한컴,HANCOM INC.,030520,코스닥,소프트웨어 개발 및 공급업,1996-09-24,12,한글과컴퓨터,527,20260724
00216647,원익홀딩스,"WONIK HOLDINGS CO.,LTD.",030530,코스닥,기초 화학물질 제조업,1996-09-24,12,,245,20240502
00113359,교보증권,"KYOBO SECURITIES CO.,LTD.",030610,유가,금융 지원 서비스업,2002-07-18,12,,,20230102
00118044,동원수산,"DONGWON FISHERIES CO.,LTD",030720,유가,어로 어업,1996-11-22,12,,,20260310
00139685,양지사,Yangjisa,030960,코스닥,인쇄 및 인쇄관련 산업,1996-10-24,6,,,20220613
00112998,서울보증보험,Seoul Guarantee Insurance Company,031210,유가,보험업,2025-03-14,12,,196,20250314
00200910,아이즈비전,EYESVISION CORPORATION,031310,코스닥,전기 통신업,1997-07-25,12,,,20250327
00128661,에스에이엠티,"SAMT CO.,LTD.",031330,코스닥,기계장비 및 관련 물품 도매업,2000-05-23,12,,402,20230215
00234412,신세계인터내셔날,SHINSEGAE INTERNATIONAL Inc.,031430,유가,"섬유, 의복, 신발 및 가죽제품 소매업",2011-07-14,12,,,20260112
00175173,오스템,"AUSTEM CO.,LTD",031510,코스닥,자동차 신품 부품 제조업,1997-02-12,12,,,20240325
00186559,아이티센씨티에스,ITCENCTS,031820,유가,"컴퓨터 프로그래밍, 시스템 통합 및 관리업",1997-02-12,12,,,20251230
00180865,디에이치엑스컴퍼니,"DHX Company Co., Ltd.",031860,코스닥,상품 종합 도매업,1997-01-07,12,,,20260821
00208444,피에스케이홀딩스,PSK HOLDINGS INC.,031980,코스닥,특수 목적용 기계 제조업,1997-01-07,12,,149,20230223
00201131,아즈텍WB,AZTECH WB CO. LTD,032080,코스닥,"섬유제품 염색, 정리 및 마무리 가공업",2000-10-26,12,,,20221202
00238782,다우데이타,DAOU DATA CORP.,032190,코스닥,기계장비 및 관련 물품 도매업,1999-12-21,12,,438,20260305
00127909,삼일,SamIl,032280,코스닥,도로 화물 운송업,1997-03-15,12,,,20230215
00187770,한국파마,"KOREA PHARMA Co., Ltd.",032300,코스닥,의약품 제조업,2020-08-10,12,,,20251212
00231372,롯데관광개발,"LOTTE TOUR DEVELOPMENT CO.,LTD",032350,유가,여행사 및 기타 여행보조 서비스업,2006-06-08,12,,,20221207
00226352,케이엠더블유,KMW CO. LTD.,032500,코스닥,통신 및 방송 장비 제조업,2000-03-21,12,,401,20260311
00201733,TJ미디어,"TJ MEDIA CO.,LTD",032540,코스닥,영상 및 음향기기 제조업,1997-04-16,12,,,20221115
00218575,황금에스티,"Hwang Kum Steel & Technology Co., Ltd",032560,유가,1차 비철금속 제조업,2009-10-29,12,,,20220518
00189538,피델릭스,"Fidelix Co., Ltd.",032580,코스닥,반도체 제조업,1997-04-22,12,,,20260324
00220057,GC메디아이,GC MediAI Corporation,032620,코스닥,소프트웨어 개발 및 공급업,1997-05-02,12,,,20260415
00231363,LG유플러스,LG Uplus Corp,032640,유가,전기 통신업,2008-04-21,12,,110,20250326
00204226,소프트센,"SOFTCEN CO., LTD.",032680,코스닥,기타 정보 서비스업,1997-07-18,12,,,20260303
00173351,삼진,Samjin,032750,코스닥,통신 및 방송 장비 제조업,1997-07-14,12,,,20231213
00110884,엠젠솔루션,"MGEN SOLUTIONS CO., LTD.",032790,코스닥,기계장비 및 관련 물품 도매업,1997-06-26,12,,,20260616
00231691,판타지오,Fantagio Corp.,032800,코스닥,창작 및 예술관련 서비스업,1997-06-26,12,,,20260930
00231044,우리기술,"Woori Technology, Incorporation",032820,코스닥,"전동기, 발전기 및 전기 변환 · 공급 · 제어 장치 제조업",2000-06-22,12,,251,20260310
00126256,삼성생명,"Samsung Life Insurance co., Ltd",032830,유가,보험업,2010-05-12,12,,10,20240322
00231707,비트컴퓨터,BITComputer,032850,코스닥,소프트웨어 개발 및 공급업,1997-07-04,12,,,20240108
00205687,더라미,"The Lamy Co., Ltd.",032860,코스닥,"해체, 선별 및 원료 재생업",1997-07-04,12,,,20260331
00210980,원익,"WonIk Co.,LTD",032940,코스닥,기계장비 및 관련 물품 도매업,1997-07-18,12,,,20260406
00199076,동일기연,DongilTechnology,032960,코스닥,전자부품 제조업,1997-07-18,12,,,20260618
00222435,제이엠아이,"JEONGMOON INFORMATION CO.,LTD.",033050,코스닥,기타 화학제품 제조업,1997-08-18,12,,,20240502
00185356,제룡전기,"CHERYONG ELECTRIC CO.,LTD.",033100,코스닥,"전동기, 발전기 및 전기 변환 · 공급 · 제어 장치 제조업",1997-08-18,12,,412,20221212
00231442,디지틀조선,DigitalChosun,033130,코스닥,"자료처리, 호스팅, 포털 및 기타 인터넷 정보매개 서비스업",1997-08-06,12,,,20221026
00121686,엠케이전자,MKElectron,033160,코스닥,전자부품 제조업,1997-11-10,12,,489,20231116
00158219,시그네틱스,Signetics Corp.,033170,코스닥,반도체 제조업,2010-11-26,12,,,20250331
00241209,모아텍,"MOATECH CO., LTD.",033200,코스닥,전자부품 제조업,1997-10-13,3,,,20240701
00229021,인성정보,"INSUNG INFORMATION CO., LTD",033230,코스닥,"컴퓨터 프로그래밍, 시스템 통합 및 관리업",1999-07-30,12,,,20260102
00146861,자화전자,"JAHWA ELECTRONICS CO.,LTD",033240,유가,전자부품 제조업,1999-01-06,12,,,20250225
00125576,체시스,"CHASYS Co.,Ltd",033250,유가,자동차 신품 부품 제조업,1999-08-11,12,,,20231004
00158963,유나이티드,KOREA UNITED PHARM INC,033270,유가,의약품 제조업,2007-10-23,12,,,20240701
00155948,로젠,"LOGEN Co., Ltd.",033290,코스닥,"섬유, 의복, 신발 및 가죽제품 소매업",1997-10-13,12,,,20251216
00143226,엠투엔,"M2N Co.,Ltd",033310,코스닥,전자부품 제조업,1997-11-10,12,,,20260921
00223513,제이씨현시스템,"JCH Systems, Inc.",033320,코스닥,기계장비 및 관련 물품 도매업,1997-11-10,12,,,20250321
00205003,좋은사람들,"GOOD PEOPLE CO., LTD.",033340,코스닥,봉제의복 제조업,1997-11-03,12,,,20260821
00231105,동성화인텍,"DONGSUNG FINETEC CO., Ltd",033500,코스닥,기초 화학물질 제조업,1997-12-19,12,,490,20230713
00134510,SJG세종,"SJG SEJONG CO.,LTD",033530,유가,자동차 신품 부품 제조업,2002-09-25,12,,,20260325
00105138,파라텍,Paratech Company Limited,033540,코스닥,특수 목적용 기계 제조업,1997-12-26,12,,,20230612
00238001,블루콤,"BLUECOM CO.,LTD",033560,코스닥,영상 및 음향기기 제조업,2011-01-26,12,,,20260522
00227333,네패스,NEPES Corporation,033640,코스닥,반도체 제조업,1999-12-14,12,,432,20260327
00244455,케이티앤지,KT&G Corporation,033780,유가,담배 제조업,1999-10-08,12,,44,20250917
00276083,피노,FINO INC.,033790,코스닥,일차전지 및 이차전지 제조업,2001-06-26,12,,405,20260806
00204642,티비씨,TBC,033830,코스닥,텔레비전 방송업,2010-11-29,12,,,20250724
00121543,무학,Muhak,033920,유가,알코올음료 제조업,2010-07-20,12,,,20260424
00159616,두산에너빌리티,"DOOSAN ENERBILITY CO., LTD.",034020,유가,일반 목적용 기계 제조업,2000-10-25,12,,13,20260320
00130772,SBS,SEOUL BROADCASTING SYSTEM,034120,유가,텔레비전 방송업,2003-06-25,12,,,20251022
00105873,LG디스플레이,"LG Display Co., Ltd.",034220,유가,전자부품 제조업,2004-07-23,12,,144,20250620
00171265,파라다이스,"PARADISE.Co.,Ltd.",034230,유가,유원지 및 기타 오락관련 서비스업,2024-06-24,12,,,20260917
00158316,NICE,"NICE Holdings Co., Ltd",034310,유가,회사 본부 및 경영 컨설팅 서비스업,2004-02-04,12,,,20260914
00145862,인천도시가스,INCHON CITY GAS,034590,유가,연료용 가스 제조 및 배관공급업,2006-11-07,12,,,20260702
00181712,SK,SK Inc.,034730,유가,기타 금융업,2009-11-11,12,,19,20240328
00219361,해성산업,"Haesung Industrial Co., Ltd.",034810,코스닥,기타 금융업,1999-04-16,12,,,20260310
00233653,한국토지신탁,"Korea Real Estate Investment & Trust Co., Ltd",034830,유가,신탁업 및 집합투자업,2016-07-11,12,,,20260327
00231831,조아제약,"ChoA Pharmaceutical Co., LTD.",034940,코스닥,의약품 제조업,1999-08-13,12,,,20240701
00156956,한국기업평가,Korea Ratings Corporation,034950,코스닥,기타 사업지원 서비스업,2002-02-07,12,,502,20240909
00140168,HS애드,HS Ad Inc.,035000,유가,광고업,1999-08-11,12,,,20241008
00244561,그래디언트,Gradiant Corporation,035080,코스닥,무점포 소매업,1999-07-05,12,,,20250507
00122551,백산,"BAIKSAN CO.,LTD",035150,유가,플라스틱제품 제조업,1999-08-11,12,,,20250103
00356389,프럼파스트,"PLUMB FAST CO., LTD.",035200,코스닥,플라스틱제품 제조업,2002-01-15,12,,,20230502
00255619,강원랜드,"Kangwon Land, Inc.",035250,유가,유원지 및 기타 오락관련 서비스업,2003-09-04,12,,188,20260903
00249502,골드앤에스,"Gold&S Co.,Ltd",035290,코스닥,"서적, 잡지 및 기타 인쇄물 출판업",1999-12-07,12,,,20260401
00266961,NAVER,NAVER Corporation,035420,유가,"자료처리, 호스팅, 포털 및 기타 인터넷 정보매개 서비스업",2008-11-28,12,,24,20240311
00258421,기산텔레콤,"Kisan Telecom CO., Ltd.",035460,코스닥,통신 및 방송 장비 제조업,1999-11-18,12,,,20260827
00219486,신세계I&C,SHINSEGAE INFORMATION & COMMUNICATION Inc.,035510,유가,"컴퓨터 프로그래밍, 시스템 통합 및 관리업",2006-05-18,12,,,20250414
00264547,KG이니시스,"KGINICIS CO.,LTD.",035600,코스닥,소프트웨어 개발 및 공급업,2002-11-22,12,,,20230324
00249982,솔본,"SOLBORN, Inc.",035610,코스닥,회사 본부 및 경영 컨설팅 서비스업,1999-08-13,12,,,20230223
00259590,바른손이앤에이,Barunson Entertainment & Arts Corporation,035620,코스닥,"영화, 비디오물, 방송프로그램 제작 및 배급업",1999-08-13,12,,,20250331
00258801,카카오,Kakao Corp.,035720,유가,"자료처리, 호스팅, 포털 및 기타 인터넷 정보매개 서비스업",2017-07-10,12,,56,20240329
00265324,CJ ENM,"CJ ENM CO., Ltd.",035760,코스닥,텔레비전 방송업,1999-11-23,12,,422,20250207
00242378,이지홀딩스,"Easy Holdings Co., Ltd.",035810,코스닥,동물용 사료 및 조제식품 제조업,1999-11-23,12,,,20240701
00219848,서희건설,"SEOHEE CONSTRUCTION CO., LTD.",035890,코스닥,건물 건설업,1999-12-24,12,,507,20260323
00258689,JYP Ent.,JYP Entertainment Corporation,035900,코스닥,오디오물 출판 및 원판 녹음업,2001-08-30,12,,351,20221206
00259934,예림당,"YeaRimDang Publishing Co., Ltd.",036000,코스닥,"서적, 잡지 및 기타 인쇄물 출판업",1999-11-30,12,,,20260608
00138598,아비코전자,"ABCO ELECTRONICS CO., LTD.",036010,코스닥,전자부품 제조업,2002-07-03,12,,,20260406
00260958,케이티알파,"kt alpha Co., Ltd.",036030,코스닥,상품 중개업,1999-12-24,12,,,20260330
00258360,위지트,"WIZIT Co., Ltd.",036090,코스닥,특수 목적용 기계 제조업,1999-12-10,12,,,20260401
00260745,서울평가정보,Seoul Information Service Inc.,036120,코스닥,기타 정보 서비스업,1999-12-07,12,,,20260907
00232821,에이치엠넥스,"HMNEX Co.,Ltd.",036170,코스닥,반도체 제조업,1999-12-21,12,,,20260223
00176516,금화피에스시,"GEUMHWA PSC CO.,LTD.",036190,코스닥,전기 및 통신 공사업,2000-12-26,12,,,20230217
00260569,유니셈,"UNION SEMICONDUCTOR EQUIPMENT  CO.,LTD;",036200,코스닥,특수 목적용 기계 제조업,1999-12-10,12,,573,20240227
00260657,오상헬스케어,"OSANG HEALTHCARE CO.,LTD.",036220,코스닥,의료용 기기 제조업,2024-03-13,12,,,20250502
00203315,콘텐트리중앙,ContentreeJoongAng corp.,036420,유가,"영화, 비디오물, 방송프로그램 제작 및 배급업",2019-10-18,12,,,20250331
00261285,한국가스공사,KoreaGasCorporation,036460,유가,연료용 가스 제조 및 배관공급업,1999-12-15,12,,176,20260730
00177320,대성미생물,Daesung Microbiological Labs. Co. Ltd,036480,코스닥,의약품 제조업,2000-04-04,12,,,20260325
00225159,SNT홀딩스,"SNT Holdings CO.,LTD",036530,유가,기타 금융업,2002-10-22,12,,,20260330
00301246,SFA반도체,"SFA Semicon Co., Ltd",036540,코스닥,반도체 제조업,2001-05-02,12,,277,20251230
00141389,KZ정밀,KZ Precision Corporation,036560,코스닥,일반 목적용 기계 제조업,1999-12-28,12,,,20250414
00261443,NC,NC Corporation,036570,유가,소프트웨어 개발 및 공급업,2003-05-22,12,,127,20260504
00260408,팜스코,FARMSCO,036580,유가,"곡물가공품, 전분 및 전분제품 제조업",1999-10-25,12,,,20241021
00261009,감성코퍼레이션,"GAMSUNG Corporation Co., Ltd.",036620,코스닥,기타 전문 도매업,2000-01-11,12,,572,20221118
00268002,세종텔레콤,"Sejong Telecom, Inc.",036630,코스닥,전기 및 통신 공사업,2000-01-04,12,,,20260105
00230911,HRS,"HRS Co., Ltd",036640,코스닥,합성고무 및 플라스틱 물질 제조업,2000-05-30,12,,,20260327
00265041,삼양케이씨아이,Samyang KCI Corporation,036670,코스닥,기타 화학제품 제조업,2001-01-03,12,,,20260814
00268118,코맥스,"COMMAX Co., Ltd.",036690,코스닥,통신 및 방송 장비 제조업,2000-01-18,12,,,20260205
00152127,심텍홀딩스,"SIMMTECH HOLDINGS Co., Ltd.",036710,코스닥,회사 본부 및 경영 컨설팅 서비스업,2000-01-04,12,,,20260317
00264945,나이스정보통신,NICE INFORMATION & TELECOMMUNICATION INC.,036800,코스닥,전기 통신업,2000-05-03,12,,545,20240327
00223434,에프에스티,FINE SEMITECH Corp.,036810,코스닥,전자부품 제조업,2000-01-18,12,,421,20221213
00247975,솔브레인홀딩스,"Soulbrain Holdings Co., Ltd.",036830,코스닥,회사 본부 및 경영 컨설팅 서비스업,2000-01-18,12,,388,20250317
00174208,진성티이씨,JINSUNG T.E.C,036890,코스닥,특수 목적용 기계 제조업,2000-07-20,12,,,20230203
00252135,주성엔지니어링,"JUSUNG ENGINEERING Co.,Ltd.",036930,코스닥,특수 목적용 기계 제조업,1999-12-24,12,,68,20260820
00231354,파워넷,POWERNET TECHNOLOGIES CORPORATION,037030,코스닥,"전동기, 발전기 및 전기 변환 · 공급 · 제어 장치 제조업",2018-06-07,12,,,20230209
00238153,파세코,PASECO CO.LTD,037070,코스닥,가정용 기기 제조업,2000-01-04,12,,,20221129
00198192,한국팩키지,"HANKUK PACKAGE CO., LTD.",037230,코스닥,"골판지, 종이 상자 및 종이용기 제조업",1999-12-21,12,,,20260327
00249247,YG PLUS,"YG PLUS, INC.",037270,유가,"자료처리, 호스팅, 포털 및 기타 인터넷 정보매개 서비스업",2003-08-01,12,,,20260810
00265421,인지디스플레,INZI DISPLAY COMPANY LIMITED,037330,코스닥,전자부품 제조업,1999-12-14,12,,,20260910
00216498,성도이엔지,SUNGDO Engineering & Construction.,037350,코스닥,"건축기술, 엔지니어링 및 관련 기술 서비스업",2000-01-11,12,,,20230216
00261054,EG,"EG Co., Ltd",037370,코스닥,기초 화학물질 제조업,2000-01-11,12,,,20251016
00155692,우리엔터프라이즈,"WOOREE ENTERPRISE CO.,LTD",037400,코스닥,상품 종합 도매업,1999-12-16,12,,,20251002
00236863,희림,Heerim Architects & Planners,037440,코스닥,"건축기술, 엔지니어링 및 관련 기술 서비스업",2000-02-03,12,,,20260821
00128315,삼지전자,"SAMJI ELECTRONICS CO., LTD.",037460,코스닥,통신 및 방송 장비 제조업,1999-12-16,12,,473,20260317
00222532,LG헬로비전,LG HelloVision Corp.,037560,유가,텔레비전 방송업,2012-11-09,12,,,20260325
00220561,광주신세계,"GwangjuShinsegae. Co.,Ltd.",037710,유가,종합 소매업,2002-02-07,12,,,20230221
00239596,쎄니트,"CENIT CO., LTD",037760,코스닥,1차 철강 제조업,2000-04-07,12,,,20230217
00242712,엘컴텍,"ELCOMTEC CO.,LTD",037950,코스닥,전자부품 제조업,2000-08-24,12,,,20260303
00148595,제일테크노스,"JEIL TECHNOS CO.,LTD",038010,코스닥,"구조용 금속제품, 탱크 및 증기발생기 제조업",2000-01-11,12,,,20221205
00406329,루멘스바이오스,"LUMENS BIOS CO.,LTD.",038060,코스닥,반도체 제조업,2006-08-08,12,루멘스,,20260914
00373447,서린바이오,"SeouLinBioscienceCO.,LTD.",038070,코스닥,기타 전문 도매업,2005-10-25,12,,,20260318
00139153,에코플라스틱,ECOPLASTIC CORPORATION,038110,코스닥,자동차 신품 부품 제조업,2000-03-23,12,,,20260327
00261373,마크로젠,"Macrogen, Inc.",038290,코스닥,"그외 기타 전문, 과학 및 기술 서비스업",2000-02-22,12,,,20260818
00261355,레드캡투어,"RedcapTour Co., Ltd.",038390,코스닥,여행사 및 기타 여행보조 서비스업,2000-02-01,12,,,20230214
00240857,바이오스마트,"BioSmart Co., Ltd.",038460,코스닥,전자부품 제조업,2000-06-22,12,,,20221206
00239639,삼표시멘트,"SAMPYO Cement Co., Ltd.",038500,코스닥,기타 비금속 광물제품 제조업,2001-02-01,12,,429,20240617
00255105,케이바이오랩스,KBIO LABS Inc.,038530,코스닥,생활용품 도매업,2000-06-09,12,,,20260420
00306162,상상인,"Sangsangin Co., Ltd.",038540,코스닥,"컴퓨터 프로그래밍, 시스템 통합 및 관리업",2000-08-18,12,,,20230220
00264228,위즈코프,"WIZ CORP, Inc.",038620,코스닥,연료 소매업,2000-05-04,12,,,20221208
00264635,에스넷,S NET SYSTEMS.INC,038680,코스닥,"컴퓨터 프로그래밍, 시스템 통합 및 관리업",2000-04-27,12,,,20260810
00287812,에코심플렉스,"EcoSimplex Co., Ltd",038870,코스닥,사업시설 유지·관리 서비스업,2001-05-29,12,,,20260417
00252269,아이에이,"iA, Inc.",038880,코스닥,전자부품 제조업,2000-04-27,12,,,20260409
00264732,파인디지털,FINEDIGITAL Inc.,038950,코스닥,통신 및 방송 장비 제조업,2000-05-04,12,,,20221208
00255044,현대에이치티,"HYUNDAI HT CO,LTD.",039010,코스닥,통신 및 방송 장비 제조업,2000-07-20,12,,,20251111
00184889,이건홀딩스,"EAGON HOLDINGS CO., LTD.",039020,코스닥,제재 및 목재 가공업,2000-05-04,12,,,20241017
00246417,이오테크닉스,"EO Technics CO.,LTD",039030,코스닥,특수 목적용 기계 제조업,2000-08-24,12,,105,20230220
00269940,하나투어,HANATOUR SERVICE INC.,039130,유가,여행사 및 기타 여행보조 서비스업,2011-11-01,12,,,20260819
00263654,오스코텍,OSCOTECInc.,039200,코스닥,의약품 제조업,2007-01-17,12,,341,20250415
00206039,경남스틸,"Kyeong Nam Steel Co., LTD",039240,코스닥,1차 철강 제조업,2000-03-07,12,,,20260309
00243757,인포뱅크,InfoBankCorporation,039290,코스닥,기타 정보 서비스업,2006-07-04,12,,,20230216
00264671,세중,"SEJOONG CO., LTD.",039310,코스닥,소프트웨어 개발 및 공급업,2000-06-09,12,,,20260401
00263371,한국경제TV,"The Korea Economic Broadcasting CO.,LTD.",039340,코스닥,텔레비전 방송업,2004-07-30,12,,,20260720
00246620,케이엘넷,KL-Net Corp.,039420,코스닥,전기 통신업,2002-03-12,12,,,20240401
00298340,에스티아이,Systems Technology Incorporated,039440,코스닥,특수 목적용 기계 제조업,2002-02-28,12,,534,20230216
00296290,키움증권,"KIWOOM Securities Co.,Ltd.",039490,유가,금융 지원 서비스업,2009-08-03,12,,103,20260317
00268251,다산네트웍스,"DASAN Networks, Inc.",039560,코스닥,통신 및 방송 장비 제조업,2000-06-22,12,,,20250707
00350312,HDC랩스,"HDC LABS Co., Ltd.",039570,유가,전기 및 통신 공사업,2015-09-24,12,,,20260327
00217743,화성밸브,"HS VALVE CO., LTD",039610,코스닥,일반 목적용 기계 제조업,2000-03-16,12,,,20260316
00261957,한국정보공학,"Korea Information Engineering Services Co., Ltd",039740,코스닥,기타 전문 도매업,2000-07-06,12,,,20240401
00141556,오로라,AURORA WORLD Corporation,039830,코스닥,전문디자인업,2001-01-03,12,,,20230328
00115931,디오,DIO Corporation,039840,코스닥,의료용 기기 제조업,2000-06-29,12,,,20240528
00230425,나노엔텍,"NanoenTek,Inc.",039860,코스닥,의료용 기기 제조업,2000-08-16,12,,,20260403
00369213,폴라리스AI,Polaris AI Corp.,039980,코스닥,"컴퓨터 프로그래밍, 시스템 통합 및 관리업",2002-08-13,12,,,20251226
00269889,누리플렉스,"NuriFlex Co.,Ltd.",040160,코스닥,소프트웨어 개발 및 공급업,2000-08-29,12,,,20240401
00200275,YTN,YTN,040300,코스닥,"영화, 비디오물, 방송프로그램 제작 및 배급업",2001-09-04,12,,,20250729
00346407,크레오에스지,"CreoSG Co.,Ltd.",040350,코스닥,"컴퓨터 프로그래밍, 시스템 통합 및 관리업",2002-01-10,12,,,20240502
00287788,정상제이엘에스,"JLS CO.,LTD.",040420,코스닥,일반 교습 학원,2000-08-01,12,,,20221202
00264714,SG&G,SG&G Corporation,040610,코스닥,자동차 신품 부품 제조업,2000-04-27,12,,,20250502
00298377,아이씨디,"ICD Co.,Ltd",040910,코스닥,특수 목적용 기계 제조업,2011-08-05,12,,,20260508
00269852,폴라리스오피스,Polaris Office Corp.,041020,코스닥,소프트웨어 개발 및 공급업,2005-10-28,12,,,20231115
00231664,우리기술투자,"Woori Technology Investment Co., Ltd",041190,코스닥,기타 금융업,2000-06-09,12,,480,20221228
00228536,현대에버다임,HYUNDAI EVERDIGM Corp.,041440,코스닥,특수 목적용 기계 제조업,2003-11-14,12,,,20260209
00361169,한국전자인증,KOREA ELECTRONIC CERTIFICATION AUTHORITY,041460,코스닥,소프트웨어 개발 및 공급업,2010-11-19,12,,,20260401
00260930,에스엠,"SM ENTERTAINMENT CO., Ltd.",041510,코스닥,오디오물 출판 및 원판 녹음업,2000-04-27,12,,287,20240328
00137289,이엘씨,"ELC Co., Ltd.",041520,코스닥,"측정, 시험, 항해, 제어 및 기타 정밀기기 제조업; 광학기기 제외",2003-07-04,12,,,20250522
00297448,플래스크,"Flask Co., Ltd.",041590,코스닥,실내건축 및 건축마무리 공사업,2002-11-01,12,,,20260520
00129642,상신브레이크,SANGSIN BRAKE,041650,유가,자동차 신품 부품 제조업,2004-10-27,12,,,20241008
00269922,인바디,"InBody Co., Ltd.",041830,코스닥,의료용 기기 제조업,2000-12-14,12,,442,20241203
00463342,폴라리스AI파마,Polaris AI Pharma Corp.,041910,코스닥,의약품 제조업,2004-02-06,12,,,20260324
00273439,메디아나,"MEDIANA Co.,LTD",041920,코스닥,의료용 기기 제조업,2014-10-07,12,,,20260409
00199988,SY동아,"SY DONG-A Co., Ltd.",041930,코스닥,고무제품 제조업,2001-12-26,12,,,20260428
00187415,코미팜,"KOMIPHARM INTERNATIONAL CO., LTD.",041960,코스닥,의약품 제조업,2001-10-30,12,,430,20260325
00260879,카페24,Cafe24 Corp.,042000,코스닥,"자료처리, 호스팅, 포털 및 기타 인터넷 정보매개 서비스업",2018-02-08,12,,487,20220228
00206686,케이피엠테크,"KPM TECH CO., LTD.",042040,코스닥,기타 전문 도매업,2003-01-07,12,,,20240502
00171867,에스씨디,"SCD CO.,LTD.",042110,코스닥,가정용 기기 제조업,2000-07-13,12,,,20221202
00103644,비츠로테크,"Vitzro Tech Co.,LTD.",042370,코스닥,기타 금융업,2000-08-03,12,,596,20250414
00266952,네오위즈홀딩스,NEOWIZ HOLDINGS Corporation,042420,코스닥,소프트웨어 개발 및 공급업,2000-06-27,12,,,20230221
00352499,링네트,"RingNet Co., Ltd.",042500,코스닥,"컴퓨터 프로그래밍, 시스템 통합 및 관리업",2002-01-10,12,,,20260701
00255433,라온시큐어,"RaonSecure Co., Ltd.",042510,코스닥,소프트웨어 개발 및 공급업,2001-01-03,12,,,20240103
00349060,한스바이오메드,HANS BIOMED CORPORATION,042520,코스닥,의료용품 및 기타 의약 관련제품 제조업,2009-10-09,9,,592,20240701
00147994,새로닉스,"SERONICS. CO., LTD.",042600,코스닥,전자부품 제조업,2002-10-01,12,,,20231017
00111704,한화오션,"Hanwha Ocean Co., Ltd.",042660,유가,선박 및 보트 건조업,2001-02-02,12,,33,20260306
00161383,한미반도체,"HANMI Semiconductor CO., LTD.",042700,유가,특수 목적용 기계 제조업,2005-07-22,12,,27,20240328
00232007,상지건설,"Sangji Construction, Inc.",042940,코스닥,건물 건설업,2000-10-19,12,,,20260305
00220109,알파AI,"Alpha AI Co.,Ltd.",043100,코스닥,의료용 기기 제조업,2000-08-08,12,,,20251128
00264255,바텍,"ValueAddedTechnologyCo.,Ltd.",043150,코스닥,의료용 기기 제조업,2006-09-29,12,,,20241203
00266934,파루,"PARU CO., LTD.",043200,코스닥,"전동기, 발전기 및 전기 변환 · 공급 · 제어 장치 제조업",2000-07-19,12,,,20221125
00317487,티에스넥스젠,"TS Nexgen Co., Ltd.",043220,코스닥,특수 목적용 기계 제조업,2001-07-03,12,,,20260105
00317210,성호전자,SUNGHO ELECTRONICS CORP.,043260,코스닥,전자부품 제조업,2001-11-29,12,,234,20241127
00203209,에쎈테크,"ESSEN TECH CO.,LTD.",043340,코스닥,일반 목적용 기계 제조업,2000-08-29,12,,,20260327
00295547,디지아이,Digital Graphics Incorporation,043360,코스닥,컴퓨터 및 주변장치 제조업,2001-07-20,12,,,20221205
00155151,피에이치에이,"PHA Co., Ltd.",043370,코스닥,자동차 신품 부품 제조업,2001-12-13,12,,,20230216
00260611,웰킵스하이텍,"WELKEEPS HITECH CO.,LTD",043590,코스닥,반도체 제조업,2001-12-20,12,,,20260401
00223762,KT지니뮤직,KT GENIE MUSIC CORPORATION,043610,코스닥,영상·오디오물 제공 서비스업,2000-07-20,12,,,20250418
00256715,국순당,"KOOK SOON DANG CO.,LTD",043650,코스닥,알코올음료 제조업,2000-08-24,12,,,20221208
00305570,코스리거글로벌,"CosLeaguer Global Co., Ltd.",043710,코스닥,기타 전문 도매업,2002-07-11,12,,,20260504
00418379,자연과환경,"NatureandEnvironmentCo.,Ltd.",043910,코스닥,"시멘트, 석회, 플라스터 및 그 제품 제조업",2005-11-18,12,,,20230502
00111218,KD,KD Corporation,044180,코스닥,건물 건설업,2000-11-16,12,,,20260430
00293886,위닉스,WINIX INC.,044340,코스닥,가정용 기기 제조업,2000-10-24,12,,,20250523
00269241,주연테크,"JOOYONTECH CO.,LTD.",044380,유가,컴퓨터 및 주변장치 제조업,2006-11-15,12,,,20260831
00160232,KSS해운,KSS LINE LTD.,044450,유가,해상 운송업,2007-10-26,12,,,20231116
00173449,빌리언스,"Billions Co.,Ltd.",044480,코스닥,창작 및 예술관련 서비스업,2001-01-11,12,,,20260915
00186799,태웅,"TAEWOONG CO., LTD.",044490,코스닥,기타 금속 가공제품 제조업,2001-11-08,12,,425,20250314
00235183,에이치케이,"HK CO., LTD.",044780,코스닥,특수 목적용 기계 제조업,2000-09-07,12,,,20221205
00219574,코스맥스비티아이,"COSMAX BTI, INC.",044820,유가,기타 금융업,2006-11-13,12,,,20260911
00145473,이글벳,"Eagle Veterinary Technology Co.,Ltd",044960,코스닥,기타 전문 도매업,2000-11-16,12,,,20221130
00311216,에이치엔에스하이텍,H&SHigh Tech Corp.,044990,코스닥,전자부품 제조업,2024-10-25,12,,,20260303
00220969,오공,OKONG Corporation,045060,코스닥,기타 화학제품 제조업,2000-08-10,12,,,20250326
00216762,한양이엔지,"HANYANG ENG CO.,LTD",045100,코스닥,"건축기술, 엔지니어링 및 관련 기술 서비스업",2000-08-31,12,,456,20240326
00350482,성우테크론,SUNGWOO TECHRON COMPANY,045300,코스닥,전자부품 제조업,2001-12-18,12,,,20221208
00355089,토탈소프트,TOTAL SOFT BANK LTD.,045340,코스닥,소프트웨어 개발 및 공급업,2002-07-19,12,,,20250214
00318316,대아티아이,"DAEA TI CO., LTD.",045390,코스닥,기타 전기장비 제조업,2001-05-17,12,,,20260910
00147772,정원엔시스,ZUNGWON EN-SYS INC.,045510,코스닥,기계장비 및 관련 물품 도매업,2000-09-07,12,,,20260304
00185222,크린앤사이언스,"Clean & Science Co., Ltd",045520,코스닥,일반 목적용 기계 제조업,2000-12-05,12,,,20221202
00256502,에이텍,"ATEC CO.,Ltd",045660,코스닥,일반 목적용 기계 제조업,2001-05-24,12,,,20260504
00271501,코아시아,CoAsia Corporation,045970,코스닥,전자부품 제조업,2000-08-03,12,,,20260504
00297989,오르비텍,"Orbitech Co., Ltd.",046120,코스닥,기타 과학기술 서비스업,2010-06-15,12,,,20240329
00172079,HLB파나진,"HLB PANAGENE Co., LTD.",046210,코스닥,의료용품 및 기타 의약 관련제품 제조업,2000-08-16,12,,,20260307
00360036,백금T&A,BG T&A Co.,046310,코스닥,통신 및 방송 장비 제조업,2002-02-05,12,,,20240603
00301112,삼화네트웍스,"SAMHWA NETWORKS Co.,Ltd.",046390,코스닥,"영화, 비디오물, 방송프로그램 제작 및 배급업",2001-01-11,12,,,20241017
00405278,KG파이낸셜,"KG Financial Co., Ltd.",046440,코스닥,소프트웨어 개발 및 공급업,2004-12-14,12,,,20260415
00130763,서울반도체,"SEOUL SEMICONDUCTOR CO., LTD.",046890,코스닥,반도체 제조업,2002-01-17,12,,452,20250328
00363246,우원개발,"Woowon Development Co., Ltd.",046940,코스닥,기반조성 및 시설물 축조관련 전문공사업,2002-06-18,12,,,20260928
00296005,우리로,"WOORIRO CO., LTD",046970,코스닥,기타 전문 도매업,2012-11-27,12,,555,20221206
00124540,대우건설,"DAEWOO ENGINEERING & CONSTRUCTION CO.,LTD",047040,유가,건물 건설업,2001-03-23,12,,96,20241213
00124504,포스코인터내셔널,POSCO INTERNATIONAL,047050,유가,상품 중개업,2001-03-23,12,,75,20241002
00348292,한빛소프트,HANBIT SOFT Inc.,047080,코스닥,소프트웨어 개발 및 공급업,2002-01-10,12,,,20251107
00269612,파워로직스,POWER LOGICS,047310,코스닥,"전동기, 발전기 및 전기 변환 · 공급 · 제어 장치 제조업",2003-07-25,12,,,20221212
00369833,유니온머티리얼,Union Materials Corp.,047400,유가,"내화, 비내화 요업제품 제조업",2009-09-29,12,,,20260327
00273420,이스트소프트,ESTsoftCorp.,047560,코스닥,소프트웨어 개발 및 공급업,2008-07-01,12,,,20260314
00329093,코데즈컴바인,"Codes Combine Co.,Ltd.",047770,코스닥,봉제의복 제조업,2001-09-18,12,,,20250327
00309503,한국항공우주,"KOREA AEROSPACE INDUSTRIES, LTD.",047810,유가,"항공기,우주선 및 부품 제조업",2011-06-30,12,,60,20260319
00299464,초록뱀미디어,"CHOROKBAEM MEDIA CO.,LTD.",047820,코스닥,"영화, 비디오물, 방송프로그램 제작 및 배급업",2002-12-24,12,,,20241202
00336817,HLB제약,"HLB PHARMACEUTICAL CO., LTD.",047920,코스닥,자연과학 및 공학 연구개발업,2015-12-21,12,,576,20250813
00313649,현대바이오,"HYUNDAI BIOSCIENCE CO., LTD.",048410,코스닥,기타 화학제품 제조업,2002-08-08,12,,447,20250326
00201742,유라테크,"YURA TECH. CO., LTD.",048430,코스닥,"전동기, 발전기 및 전기 변환 · 공급 · 제어 장치 제조업",2001-01-11,12,,,20221107
00109268,대동스틸,"DAE DONG STEEL CO., LTD.",048470,코스닥,기타 전문 도매업,2002-01-10,12,,,20260602
00292434,인트론바이오,"iNtRON Biotechnology, Inc.",048530,코스닥,기초 의약물질 제조업,2011-01-26,12,,,20260303
00185046,SM C&C,"SM Culture & Contents Co., Ltd.",048550,코스닥,광고업,2001-01-18,12,,,20250326
00108649,TPC로보틱스,TPC Robotics Corporation,048770,코스닥,일반 목적용 기계 제조업,2001-01-16,12,,,20260417
00108490,엔피케이,"NPK CO.,LTD",048830,코스닥,합성고무 및 플라스틱 물질 제조업,2000-10-12,12,,,20240328
00475985,시너지이노베이션,"Synergy Innovation Co., Ltd.",048870,코스닥,의료용 기기 제조업,2004-08-13,12,,,20250908
00351807,대원미디어,"DAEWON MEDIA CO.,LTD.",048910,코스닥,기타 전문 도매업,2001-07-31,12,,,20221207
00226866,인탑스,"INTOPS CO., LTD.",049070,코스닥,통신 및 방송 장비 제조업,2002-02-21,12,,598,20260619
00377018,기가레인,"GIGALANE Co., Ltd.",049080,코스닥,전자부품 제조업,2013-12-19,12,,,20260305
00350020,파인디앤씨,"FINE DNC CO.,LTD.",049120,코스닥,전자부품 제조업,2001-07-26,12,,,20221209
00310156,셀루메드,"CELLUMED CO., LTD.",049180,코스닥,기초 의약물질 제조업,2002-05-23,12,,,20241022
00152783,코메론,KOMELON CORPORATION,049430,코스닥,"측정, 시험, 항해, 제어 및 기타 정밀기기 제조업; 광학기기 제외",2001-01-16,12,,,20221108
00351579,비트플래닛,"BITPLANET Co.,Ltd.",049470,코스닥,소프트웨어 개발 및 공급업,2001-10-11,12,,,20260710
00335076,오픈베이스,"Openbase, Inc.",049480,코스닥,"컴퓨터 프로그래밍, 시스템 통합 및 관리업",2001-01-09,12,,,20230105
00256380,유아이엘,"UIL Co.,Ltd",049520,코스닥,전자부품 제조업,2001-08-02,12,,,20221208
00261656,잉크테크,"INKTEC CO., LTD.",049550,코스닥,기타 화학제품 제조업,2002-02-28,12,,,20260708
00147082,재영솔루텍,"JAEYOUNG SOLUTEC CO.,LTD.",049630,코스닥,사진장비 및 광학기기 제조업,2003-01-24,12,,,20260319
00336297,고려신용정보,"Korea Credit Information CO., LTD.",049720,코스닥,기타 사업지원 서비스업,2002-01-31,12,,,20260424
00303217,우진플라임,"WOOJIN PLAIMM CO.,LTD",049800,유가,특수 목적용 기계 제조업,2006-05-24,12,,,20211227
00135467,승일,SEUNG IL Corporation,049830,코스닥,기타 금속 가공제품 제조업,2001-01-18,12,,,20221212
00447760,미래컴퍼니,meerecompanyIncorporated,049950,코스닥,특수 목적용 기계 제조업,2005-01-04,12,,,20220225
00357430,쎌바이오텍,"CELL BIOTECH CO ., LTD",049960,코스닥,기초 의약물질 제조업,2002-12-13,12,,,20260226
00369569,비케이홀딩스,"BK Holdings CO.,LTD.",050090,코스닥,광고업,2004-06-29,12,,,20260921
00330044,캠시스,CammSys Corp.,050110,코스닥,전자부품 제조업,2001-05-17,12,,,20240520
00175623,ES큐브,"ES CUBE CO., LTD.",050120,코스닥,생활용품 도매업,2002-04-25,12,,,20251020
00340272,에스폴리텍,"S POLYTECH CO.,LTD.",050760,코스닥,플라스틱제품 제조업,2002-05-16,12,,,20221116
00138747,아세아텍,"ASIA TECHNOLOGY Co., Ltd.",050860,코스닥,특수 목적용 기계 제조업,2010-01-26,6,,,20231128
00364403,쏠리드,"Solid, Inc.",050890,코스닥,통신 및 방송 장비 제조업,2005-07-08,12,,450,20231108
00577016,수산아이앤티,"SOOSAN INT Co., LTD.",050960,코스닥,소프트웨어 개발 및 공급업,2016-10-11,12,,,20241129
00389110,지어소프트,GAEASOFT,051160,코스닥,소프트웨어 개발 및 공급업,2002-05-28,12,,,20260513
00390365,토비스,"TOVISCo.,LTD",051360,코스닥,영상 및 음향기기 제조업,2004-11-19,12,,,20260702
00369170,인터플렉스,"INTERFLEX CO., LTD.",051370,코스닥,전자부품 제조업,2003-01-22,12,,,20221205
00297934,피씨디렉트,"PC Direct, Inc.",051380,코스닥,기계장비 및 관련 물품 도매업,2002-02-15,12,,,20260330
00296263,YW,YW COMPANY LIMITED,051390,코스닥,상품 종합 도매업,2001-11-15,12,,,20250903
00297095,나라엠앤디,"NARA MOLD AND DIE CO., LTD.",051490,코스닥,특수 목적용 기계 제조업,2001-06-12,12,,,20240701
00127954,CJ프레시웨이,CJ Freshway Corporation,051500,코스닥,음·식료품 및 담배 도매업,2001-07-26,12,,,20240626
00159218,한전KPS,"KEPCO Plant Service & Engineering Co., Ltd",051600,유가,전기 및 통신 공사업,2007-12-14,12,,264,20260303
00347734,진양화학,CHINYANG CHEMICAL CORPORATION,051630,유가,플라스틱제품 제조업,2001-01-29,12,,,20260303
00296324,큐로홀딩스,"CUROHOLDINGS Co., Ltd.",051780,코스닥,음·식료품 및 담배 소매업,2001-06-26,12,,,20240219
00356370,LG생활건강,"LG H&H Co., Ltd.",051900,유가,기타 화학제품 제조업,2001-04-25,12,,152,20251128
00356361,LG화학,LG CHEM LTD,051910,유가,기초 화학물질 제조업,2001-04-25,12,,43,20260401
00347716,중앙첨단소재,"JOONGANG ADVANCED MATERIALS Co., Ltd",051980,코스닥,통신 및 방송 장비 제조업,2001-07-31,12,,,20250515
00273110,에스티큐브,STCUBE,052020,코스닥,기계장비 및 관련 물품 도매업,2001-07-05,12,,474,20251202
00370006,iMBC,"iMBC Co., Ltd.",052220,코스닥,영상·오디오물 제공 서비스업,2005-01-21,12,,,20240701
00347062,현대바이오랜드,"HYUNDAI BIOLAND Co.,Ltd.",052260,코스닥,기타 화학제품 제조업,2001-05-17,12,,,20221205
00349811,오션인더블유,"Ocean In W Co.,Ltd.",052300,코스닥,상품 종합 도매업,2001-08-02,12,,,20260714
00305297,코텍,KORTEK CORPORATION,052330,코스닥,영상 및 음향기기 제조업,2001-07-10,12,,,20230223
00349732,코나아이,"KONA I CO., LTD.",052400,코스닥,소프트웨어 개발 및 공급업,2001-10-18,12,,469,20260311
00350048,오성첨단소재,"OSUNG ADVANCED MATERIALS CO., LTD.",052420,코스닥,플라스틱제품 제조업,2001-08-07,12,,,20260629
00405719,아이크래프트,"iCRAFTCo.,Ltd.",052460,코스닥,"컴퓨터 프로그래밍, 시스템 통합 및 관리업",2005-01-03,12,,,20230328
00244783,한네트,"HANNET CO., LTD.",052600,코스닥,전기 통신업,2001-07-10,12,,,20221214
00159209,한전기술,"KEPCO Engineering & Construction Company, Inc",052690,유가,"건축기술, 엔지니어링 및 관련 기술 서비스업",2009-12-14,12,,132,20250416
00298447,아모텍,"Amotech Co., Ltd.",052710,코스닥,전자부품 제조업,2003-08-01,12,,539,20241206
00346911,아이톡시,ITOXI Corp.,052770,코스닥,소프트웨어 개발 및 공급업,2002-08-22,12,,,20260707
00348034,액토즈소프트,"ACTOZ SOFT CO., LTD.",052790,코스닥,소프트웨어 개발 및 공급업,2001-08-14,12,,,20221207
00365758,아이앤씨,"I&C Technology Co., Ltd.",052860,코스닥,반도체 제조업,2009-10-06,12,,,20221226
00276834,KX하이텍,"KX HITECH CO.,LTD",052900,코스닥,플라스틱제품 제조업,2005-01-18,12,,,20240327
00302236,태양3C,"3C TAE YANG CO., LTD.",052960,코넥스,자동차 부품 및 내장품 판매업,2023-01-26,12,,,20230228
00216027,바이넥스,"Binex Co., Ltd.",053030,코스닥,의약품 제조업,2001-08-07,12,,,20240701
00351995,지에스이,"GSE Co., Ltd.",053050,코스닥,연료용 가스 제조 및 배관공급업,2001-10-11,12,,,20240226
00133663,세동,SAE DONG CO. LTD,053060,코스닥,자동차 신품 부품 제조업,2001-08-17,12,,,20211202
00304076,케이엔솔,"K-ENSOL CO., LTD.",053080,코스닥,일반 목적용 기계 제조업,2020-09-24,12,,,20260330
00352064,프리엠스,FreeMs Corporation,053160,코스닥,"전동기, 발전기 및 전기 변환 · 공급 · 제어 장치 제조업",2001-10-30,12,,,20240517
00349097,케이티스카이라이프,"KT Skylife Co.,Ltd.",053210,유가,텔레비전 방송업,2011-06-03,12,,,20260528
00105475,금강철강,"KEUM KANG STEEL CO., LTD",053260,코스닥,1차 철강 제조업,2002-01-04,12,,,20260803
00202060,구영테크,"GUYOUNG TECHNOLOGY CO., LTD.",053270,코스닥,자동차 신품 부품 제조업,2002-02-07,12,,,20240924
00362858,예스24,"YES24Co.,Ltd",053280,코스닥,무점포 소매업,2008-05-07,12,,,20230329
00363927,NE능률,"NE Neungyule, Inc.",053290,코스닥,"서적, 잡지 및 기타 인쇄물 출판업",2002-12-10,12,,,20260330
00306454,한국정보인증,"KOREA INFORMATION CERTIFICATE AUTHORITY, INCORPORATED",053300,코스닥,소프트웨어 개발 및 공급업,2014-02-04,12,,,20260515
00353610,이니텍,"INITECH Co., Ltd.",053350,코스닥,소프트웨어 개발 및 공급업,2001-11-15,12,,,20260331
00351630,세코닉스,"SEKONIX CO., LTD.",053450,코스닥,사진장비 및 광학기기 제조업,2001-08-09,12,,,20211202
00323868,웹케시,WebCash Corporation,053580,코스닥,소프트웨어 개발 및 공급업,2019-01-25,12,,,20251211
00325112,프로텍,"PROTEC Co., Ltd.",053610,코스닥,특수 목적용 기계 제조업,2001-08-17,12,,423,20221205
00186717,태양,TAEYANG Corporation,053620,코스닥,기타 금속 가공제품 제조업,2001-08-07,12,,,20221207
00413523,한미글로벌,"HanmiGlobal Co., Ltd.",053690,유가,"건축기술, 엔지니어링 및 관련 기술 서비스업",2009-06-23,12,,,20230223
00351092,삼보모터스,"SAMBO MOTORS CO., LTD.",053700,코스닥,자동차 신품 부품 제조업,2001-11-06,12,,,20260710
00298270,안랩,"AHNLAB,INC.",053800,코스닥,소프트웨어 개발 및 공급업,2001-09-13,12,,404,20260330
00307028,경남제약,"KYUNG NAM PHARM.CO.,LTD.",053950,코스닥,의약품 제조업,2001-11-06,12,,,20260803
00226547,오상자이엘,"OSANGJAIEL Co., Ltd",053980,코스닥,소프트웨어 개발 및 공급업,2002-04-09,12,,,20250227
00303396,한국컴퓨터,KOREA COMPUTER INC.,054040,코스닥,전자부품 제조업,2002-01-15,12,,,20221130
00176835,NH농우바이오,"NH NONGWOOBIO CO., LTD.",054050,코스닥,작물 재배업,2002-04-02,12,농우바이오,,20260511
00239514,삼진엘앤디,SAMJIN LND COMPANY LIMITED,054090,코스닥,그외 기타 제품 제조업,2004-02-06,12,,,20230412
00356839,메디콕스,"MEDICOX Co., Ltd.",054180,코스닥,선박 및 보트 건조업,2001-10-16,12,,,20260911
00206659,이랜텍,"Elentec Co., Ltd",054210,코스닥,전자부품 제조업,2002-05-09,12,,,20260228
00201432,비츠로시스,"VitzroSys., Co. LTD",054220,코스닥,"전동기, 발전기 및 전기 변환 · 공급 · 제어 장치 제조업",2001-12-26,12,,,20260908
00339072,팬스타엔터프라이즈,"Panstar Enterprise Co., Ltd.",054300,코스닥,일반 목적용 기계 제조업,2002-01-10,12,,,20260429
00357607,케이피티유,"Korea Plasma Technology U Co.,Ltd",054410,코스닥,기타 전문 도매업,2002-04-25,12,,,20260901
00423177,텔레칩스,TelechipsInc.,054450,코스닥,반도체 제조업,2004-12-10,12,,,20230222
00250614,삼영엠텍,SAMYOUNG M-TEK C0. LTD.,054540,코스닥,"구조용 금속제품, 탱크 및 증기발생기 제조업",2001-11-15,12,,,20260105
00296078,APS,APS Inc.,054620,코스닥,기타 금융업,2001-12-04,12,,,20250418
00207375,대한뉴팜,"Daehan Nupharm Co.,Ltd.",054670,코스닥,의약품 제조업,2002-02-26,12,,,20250417
00353762,키이스트,"KEYEAST Co., Ltd.",054780,코스닥,"영화, 비디오물, 방송프로그램 제작 및 배급업",2003-11-14,12,,,20231208
00359580,아이디스홀딩스,"IDIS Holdings Co., Ltd",054800,코스닥,기타 전문 서비스업,2001-09-27,12,,,20230223
00363592,한컴위드,Hancom WITH Inc.,054920,코스닥,소프트웨어 개발 및 공급업,2001-11-01,12,,,20230331
00144650,유신,Yooshin Engineering Corporation,054930,코스닥,"건축기술, 엔지니어링 및 관련 기술 서비스업",2002-01-15,12,,,20241202
00360577,엑사이엔씨,"EXA E&C, Inc",054940,코스닥,실내건축 및 건축마무리 공사업,2001-12-13,12,,,20230103
00361381,제이브이엠,"JVMCO.,LTD",054950,코스닥,일반 목적용 기계 제조업,2006-06-07,12,,600,20260401
00256955,테이팩스,TAPEX INC,055490,유가,플라스틱제품 제조업,2017-10-31,12,,,20250319
00382199,신한지주,"SHINHAN FINANCIAL GROUP CO.,LTD",055550,유가,기타 금융업,2001-09-10,12,,14,20250908
00234227,유진로봇,"Yujin Robot Co., Ltd.",056080,코스닥,특수 목적용 기계 제조업,2001-11-13,12,,493,20221207
00346610,시지메드텍,"CG MedTech Co.,Ltd.",056090,코스닥,의료용 기기 제조업,2015-11-12,12,,,20250331
00358271,SFA,SFA Engineering Corporation,056190,코스닥,특수 목적용 기계 제조업,2001-12-18,12,에스에프에이,382,20260625
00360674,코위버,"COWEAVER Co.,Ltd.",056360,코스닥,통신 및 방송 장비 제조업,2001-12-04,12,,,20221212
00228350,신화인터텍,SHINWHA INTERTEK CORP.,056700,코스닥,플라스틱제품 제조업,2001-12-13,12,,,20230331
00318662,CNT85,CNT85 Inc.,056730,코스닥,건물 건설업,2002-01-04,12,,,20260304
00307222,YBM넷,"YBM NET, Inc.",057030,코스닥,교육지원 서비스업,2004-06-08,12,,,20260303
00265005,옴니시스템,"OmnisystemCo.,Ltd",057540,코스닥,"측정, 시험, 항해, 제어 및 기타 정밀기기 제조업; 광학기기 제외",2007-09-19,12,,,20221207
00372688,티사이언티픽,"T Scientific Co.,Ltd",057680,코스닥,소프트웨어 개발 및 공급업,2002-06-18,12,,,20230630
00270113,멕아이씨에스,"MEKICS Co., Ltd",058110,코스닥,의료용 기기 제조업,2015-12-14,12,,,20260312
00208134,KNN,KOREA NEW NETWORK CORPORATION,058400,코스닥,텔레비전 방송업,2010-11-03,12,,,20251121
00155258,포스코스틸리온,"POSCO STEELEON Co.,Ltd.",058430,유가,1차 철강 제조업,2002-08-16,12,,,20250325
00146427,한주에이알티,"HANJOO ART Co.,LTD.",058450,코스닥,"영화, 비디오물, 방송프로그램 제작 및 배급업",2002-01-17,12,,,20260918
00369657,리노공업,LEENO Industrial Inc,058470,코스닥,전자부품 제조업,2001-12-18,12,,107,20230216
00220686,에스피지,"SPG CO., LTD",058610,코스닥,"전동기, 발전기 및 전기 변환 · 공급 · 제어 장치 제조업",2002-07-23,12,,242,20221202
00397058,엠게임,MGAME CORP.,058630,코스닥,소프트웨어 개발 및 공급업,2008-12-19,12,,,20260316
00377610,세아홀딩스,SEAH HOLDINGS CORP,058650,유가,1차 철강 제조업,2001-07-30,12,,,20250325
00353878,다스코,"Development  Advance Solution Co., Ltd.",058730,유가,"구조용 금속제품, 탱크 및 증기발생기 제조업",2004-08-02,12,,,20230508
00380429,CMG제약,"CMG Pharmaceutical Co., Ltd.",058820,코스닥,의약품 제조업,2001-08-31,12,,,20230717
00372882,KTcs,ktcs corporation,058850,유가,기타 정보 서비스업,2010-09-16,12,,,20260528
00372873,KTis,ktis Corporation,058860,유가,기타 정보 서비스업,2010-12-17,12,,,20260528
00396925,엠로,"EMRO., Incorporated",058970,코스닥,소프트웨어 개발 및 공급업,2021-08-13,12,,,20260709
00366942,미코,MiCo Ltd.,059090,코스닥,반도체 제조업,2002-01-15,12,,411,20260402
00407285,아이컴포넌트,"i-Components Co., Ltd",059100,코스닥,전자부품 제조업,2008-12-16,12,,,20221202
00404288,아진엑스텍,"AJINEXTEK Co., Ltd.",059120,코스닥,반도체 제조업,2014-07-24,12,,,20221212
00341314,엔더블유시,"NWC CO.,LTD",059180,코넥스,통신 및 방송 장비 제조업,2025-12-22,12,,,20251222
00317681,메타바이오메드,"METABIOMED.CO.,LTD",059210,코스닥,의료용품 및 기타 의약 관련제품 제조업,2008-04-15,12,,,20240701
00453442,해성에어로보틱스,"Haisung Aero-Robotics Co., Ltd.",059270,코스닥,기타 금속 가공제품 제조업,2021-04-21,12,,,20260325
00375931,인선이엔티,INSUN ENVIRONMENTAL NEW TECHNOLOGY CO.,060150,코스닥,폐기물 처리업,2002-06-14,12,,,20260921
00363510,제이케이시냅스,"JK Synapse Co., Ltd.",060230,코스닥,기타 화학제품 제조업,2002-06-25,12,,,20260313
00357740,NHN KCP,NHN KCP Corp.,060250,코스닥,금융 지원 서비스업,2002-01-08,12,,467,20240502
00351375,뉴보텍,"NUVOTEC Co., Ltd",060260,코스닥,플라스틱제품 제조업,2002-02-05,12,,,20260609
00356802,큐렉소,"CUREXO, INC.",060280,코스닥,기타 상품 전문 소매업,2002-07-03,12,,558,20250730
00378363,3S,"3S KOREA CO., LTD",060310,코스닥,"측정, 시험, 항해, 제어 및 기타 정밀기기 제조업; 광학기기 제외",2002-04-23,3,,,20250627
00225742,LS마린솔루션,"LS Marine Solution Co., Ltd.",060370,코스닥,전기 및 통신 공사업,2002-02-15,12,,290,20260325
00178851,동양에스텍,"Dongyang S·TEC Co., Ltd.",060380,코스닥,1차 철강 제조업,2002-02-05,12,,,20260305
00203847,국일신동,"KUKIL METAL CO., LTD",060480,코스닥,1차 비철금속 제조업,2014-12-29,12,,,20260408
00379229,에스에이티,SystemandApplicationTechnologiesInc.,060540,코스닥,"측정, 시험, 항해, 제어 및 기타 정밀기기 제조업; 광학기기 제외",2006-11-28,12,,,20260331
00288495,HC홈센타,"HC HomeCenter Co.,Ltd",060560,코스닥,기타 전문 도매업,2002-07-11,12,,,20250724
00364467,드림어스컴퍼니,Dreamus Company,060570,코스닥,영상·오디오물 제공 서비스업,2003-12-19,12,,,20260316
00362292,씨티씨바이오,"CTC BIO, INC.",060590,코스닥,의약품 제조업,2002-02-21,12,,,20260601
00378628,KH바텍,"KH VATEC Co., LTD",060720,코스닥,전자부품 제조업,2002-05-21,12,,,20230215
00532129,영림원소프트랩,"YoungLimWon SoftLab. Co., Ltd.",060850,코스닥,소프트웨어 개발 및 공급업,2020-08-12,12,,,20220225
00367695,에이전트AI,"Agent AI Co.,Ltd.",060900,코스닥,전기업,2002-09-17,12,,,20260814
00299002,HL홀딩스,HL Holdings Corporation,060980,유가,기타 금융업,2010-05-19,12,,,20260327
00309831,알에프텍,"RFTECH CO., LTD",061040,코스닥,통신 및 방송 장비 제조업,2002-05-16,12,,,20260330
01010615,세나테크놀로지,"Sena Technologies Co., Ltd.",061090,코스닥,통신 및 방송 장비 제조업,2025-11-14,12,,,20260807
00188973,화일약품,"HWAIL PHARM. CO., LTD",061250,코스닥,의약품 제조업,2002-04-18,12,,,20260331
00412348,LB세미콘,"LB SEMICON, INC.",061970,코스닥,반도체 제조업,2011-01-31,12,,568,20260331
00366438,산일전기,"SANIL ELECTRIC CO., LTD",062040,유가,"전동기, 발전기 및 전기 변환 · 공급 · 제어 장치 제조업",2024-07-29,12,,100,20250507
00403766,한국첨단소재,"KOREA ADVANCED MATERIALS Co.,Ltd.",062970,코스닥,통신 및 방송 장비 제조업,2019-12-26,12,,,20260319
00535746,컴투스홀딩스,Com2uS Holdings Corporation,063080,코스닥,소프트웨어 개발 및 공급업,2009-07-30,12,,,20251015
00390055,종근당바이오,CKD Bio Corp.,063160,유가,의약품 제조업,2001-12-11,12,,,20240329
00410915,서울옥션,SeoulAuctionCo.Ltd..,063170,코스닥,상품 중개업,2008-07-01,12,,,20260319
00367604,SM Life Design,"SM Life Design Group Co., Ltd.",063440,코스닥,기록매체 복제업,2002-05-30,12,,,20250325
00363769,NICE인프라,"NICE Infra Co., Ltd",063570,코스닥,기타 사업지원 서비스업,2006-07-14,12,,,20260319
00374020,이엘피,ELP Corp.,063760,코스닥,"측정, 시험, 항해, 제어 및 기타 정밀기기 제조업; 광학기기 제외",2017-04-06,12,,,20230222
00390408,인크레더블버즈,InkredibleBuzz Inc.,064090,코스닥,상품 종합 도매업,2002-12-17,12,,,20260529
00385336,홈캐스트,"homecast CO., LTD.",064240,코스닥,기타 전문 도매업,2003-06-11,12,,,20250204
00389970,다날,"DANAL CO., LTD.",064260,코스닥,소프트웨어 개발 및 공급업,2004-07-23,12,,565,20240103
00479787,인텍플러스,"INTEKPLUS CO., LTD",064290,코스닥,특수 목적용 기계 제조업,2011-01-05,12,,424,20260325
00302926,현대로템,Hyundai-Rotem Co.,064350,유가,그외 기타 운송장비 제조업,2013-10-30,12,,62,20260504
00139834,LG씨엔에스,"LG CNS Co., Ltd.",064400,유가,"컴퓨터 프로그래밍, 시스템 통합 및 관리업",2025-02-05,12,,99,20251222
00359076,브리지텍,BRIDGETECCorp.,064480,코스닥,소프트웨어 개발 및 공급업,2008-06-04,12,,,20221121
00370255,테크엘,"TechL Co., LTD.",064520,코스닥,반도체 제조업,2002-12-04,12,,,20250226
00326731,바이오니아,BIONEERCORPORATION,064550,코스닥,의료용품 및 기타 의약 관련제품 제조업,2005-12-29,12,,,20240701
00245472,티씨케이,"TOKAI CARBON KOREA CO., LTD",064760,코스닥,기타 비금속 광물제품 제조업,2003-08-18,12,,174,20260319
00392691,포니링크,"PonyLink Co., Ltd.",064800,코스닥,"섬유, 의복, 신발 및 가죽제품 소매업",2002-08-22,12,,,20251113
00152437,케이프,CAPE INDUSTRIES LTD.,064820,코스닥,선박 및 보트 건조업,2007-05-29,12,,,20230502
00331016,에프앤가이드,FnGuide Inc.,064850,코스닥,기타 정보 서비스업,2020-12-17,12,,,20260903
00398792,SNT모티브,"SNT MOTIV CO.,LTD",064960,유가,자동차 신품 부품 제조업,2002-03-11,12,,,20221115
00258102,지엔코,"Great New wave Coming Co., Ltd.",065060,코스닥,봉제의복 제조업,2002-05-28,12,,,20260814
00366845,탑엔지니어링,Top Engineering Company Limited,065130,코스닥,특수 목적용 기계 제조업,2003-01-29,12,,,20250321
00390860,대산F&B,Daesan F&B Inc.,065150,코스닥,음·식료품 및 담배 도매업,2007-07-18,12,,,20250217
00384717,비엘팜텍,BL Pharmtech Corp.,065170,코스닥,음·식료품 및 담배 도매업,2002-11-19,12,,,20260331
00136226,신성델타테크,"SHINSUNG DELTA TECH CO., LTD",065350,코스닥,가정용 기기 제조업,2004-08-06,12,,398,20241023
00374738,위세아이텍,"WISE iTech Co., Ltd.",065370,코스닥,소프트웨어 개발 및 공급업,2020-02-10,12,,,20240619
00120906,에스아이리소스,"SI RESOURCES CO.,LTD.",065420,코스닥,기타 화학제품 제조업,2002-08-22,12,,,20260716
00390514,이루온,ELUON Corporation,065440,코스닥,소프트웨어 개발 및 공급업,2003-01-28,12,,,20230223
00385363,빅텍,"VICTEK. Co., Ltd.",065450,코스닥,"측정, 시험, 항해, 제어 및 기타 정밀기기 제조업; 광학기기 제외",2003-02-05,12,,,20250805
00300405,오리엔트정공,Orient Precision Industries Inc.,065500,코스닥,자동차 신품 부품 제조업,2002-09-19,12,,,20241211
00398668,휴비츠,"Huvitz Co., Ltd.",065510,코스닥,의료용 기기 제조업,2003-10-31,12,,,20230125
00250137,와이어블,Wiable Corp.,065530,코스닥,전기 통신업,2002-06-04,12,,,20240401
00288343,삼영이엔씨,"Samyung ENC Co., Ltd.",065570,코스닥,통신 및 방송 장비 제조업,2003-01-21,12,,,20250212
00391197,하이퍼코퍼레이션,Hyper Corporation Inc.,065650,코스닥,기계장비 및 관련 물품 도매업,2003-01-21,12,,,20260615
00631837,안트로젠,"ANTEROGEN CO., LTD.",065660,코스닥,기타 전문 도매업,2016-02-15,12,,,20220317
00390903,우주일렉트로,"UJU ELECTRONICS CO., LTD",065680,코스닥,전자부품 제조업,2004-01-02,12,,,20260309
00384762,파커스,"PAKERS CO., Ltd.",065690,코스닥,고무제품 제조업,2002-07-16,12,,,20240502
00220622,서호전기,"Seoho Electric Co.,Ltd.",065710,코스닥,"전동기, 발전기 및 전기 변환 · 공급 · 제어 장치 제조업",2002-07-16,12,,,20241126
00303703,CS,CS CORPORATION,065770,코스닥,통신 및 방송 장비 제조업,2004-06-04,12,,,20260602
00362159,웰크론,Welcron Company Limited,065950,코스닥,직물직조 및 직물제품 제조업,2003-07-29,12,,,20221011
00221728,하츠,HAATZ Inc.,066130,코스닥,가정용 기기 제조업,2003-02-11,12,,,20221207
00411446,큐에스아이,"Q.S.ICo.,Ltd.",066310,코스닥,반도체 제조업,2006-11-24,12,,,20220225
00216434,체리부로,"Cherrybro Co.,Ltd",066360,코스닥,"도축, 육류 가공 및 저장 처리업",2017-12-04,12,,,20260309
00378220,버킷스튜디오,"BUCKET STUDIO Co.,Ltd.",066410,코스닥,전기 통신업,2003-12-19,12,,,20230707
00370200,아이로보틱스,"I-ROBOTICS,Co.,Ltd.",066430,코스닥,기타 전문 도매업,2002-12-24,12,,,20260331
00401731,LG전자,LG ELECTRONICS INC.,066570,유가,통신 및 방송 장비 제조업,2002-04-22,12,,21,20260324
00301422,스모트로닉,"SMOTRONIC CO., LTD.",066590,코스닥,자동차 신품 부품 제조업,2003-02-12,12,,,20260401
00253985,국보디자인,KUKBO DESIGN,066620,코스닥,실내건축 및 건축마무리 공사업,2002-09-05,12,,,20240325
00371740,디티씨,"DTC Co., Ltd.",066670,코스닥,부동산 임대 및 공급업,2002-12-30,12,,,20260504
00249894,테라젠이텍스,"THERAGEN ETEX CO.,LTD.",066700,코스닥,의약품 제조업,2004-05-27,12,,,20241015
00249441,씨씨에스,"KOREA CABLE T.V CHUNG-BUK SYSTEM CO., LTD.",066790,코스닥,텔레비전 방송업,2003-05-30,12,,,20260630
00393618,제노텍,GENOTECH CORP.,066830,코넥스,기타 화학제품 제조업,2016-07-18,12,,,20220224
00303192,디에이피,"DAP Co., Ltd",066900,코스닥,전자부품 제조업,2004-05-14,12,,,20260820
00306870,손오공,"SONOKONGCO.,LTD.",066910,코스닥,기타 전문 도매업,2005-01-07,12,,,20260323
00398701,엘앤에프,"L&F CO.,LTD",066970,유가,일차전지 및 이차전지 제조업,2024-01-29,12,,136,20251223
00389998,한성크린텍,"HANSUNG CLEANTECH CO., LTD.",066980,코스닥,"건축기술, 엔지니어링 및 관련 기술 서비스업",2003-01-17,12,,,20260327
00397252,조이시티,JoyCity Corporation,067000,코스닥,소프트웨어 개발 및 공급업,2008-05-30,12,,,20241219
00400060,이씨에스,"ECSTELECOMCo.,Ltd.",067010,코스닥,"컴퓨터 프로그래밍, 시스템 통합 및 관리업",2007-12-18,3,,,20230223
00210740,대화제약,"DAE HWA PHARM CO., LTD",067080,코스닥,의약품 제조업,2003-02-14,12,,,20240701
00399694,SOOP,"SOOP CO., LTD.",067160,코스닥,소프트웨어 개발 및 공급업,2003-12-19,12,,531,20260507
00397289,오텍,Autech Corporation,067170,코스닥,자동차 재제조 부품 제조업,2003-11-14,12,,,20260518
00425351,멀티캠퍼스,Multicampus Corporation,067280,코스닥,기타 교육기관,2006-11-16,12,,,20260401
00110431,JW신약,JW SHINYAK CORPORATION,067290,코스닥,의약품 제조업,2003-02-11,12,,,20260224
00445054,하나마이크론,HanaMicronInc.,067310,코스닥,반도체 제조업,2005-10-11,12,,170,20240919
00407036,선바이오,"SunBio, Inc.",067370,코스닥,의약품 제조업,2022-10-05,12,,,20260313
00409681,아스트,"AeroSpace Technology of Korea, Inc.",067390,코스닥,"항공기,우주선 및 부품 제조업",2014-12-24,12,,,20240813
00146436,엔브이에이치코리아,NVH KOREA INC.,067570,코스닥,자동차 신품 부품 제조업,2013-12-03,12,,,20260401
00365590,HLB생명과학,"HLB Life Science CO.,LTD.",067630,코스닥,의료용품 및 기타 의약 관련제품 제조업,2008-11-25,12,,520,20260401
00238199,로지시스,LOGISYS INC.,067730,코스닥,"컴퓨터 프로그래밍, 시스템 통합 및 관리업",2015-07-29,12,,,20240508
00406727,세진티에스,"SEJIN T.S CO., LTD.",067770,코스닥,전자부품 제조업,2004-01-09,12,,,20230222
00422895,세이브존I&C,SAVEZONE I&C Corp.,067830,유가,종합 소매업,2002-07-25,12,,,20260316
00190756,와이엔텍,"Y-ENTECCO.,LTD.",067900,코스닥,폐기물 처리업,2005-12-23,12,,,20251230
00364847,이글루,IGLOO Corporation,067920,코스닥,기타 정보 서비스업,2010-08-04,12,,,20221129
00449379,도이치모터스,DEUTSCH MOTORS INC.,067990,코스닥,자동차 판매업,2004-12-03,12,,,20230223
00397191,팬엔터테인먼트,"PANENTERTAINMENTCO.,LTD.",068050,코스닥,"영화, 비디오물, 방송프로그램 제작 및 배급업",2006-07-07,12,,,20240819
00426828,케이웨더,"Kweather Co., Ltd.",068100,코스닥,일반 목적용 기계 제조업,2024-02-22,12,,,20240222
00523307,다원시스,"DAWONSYS CO., LTD",068240,코스닥,"전동기, 발전기 및 전기 변환 · 공급 · 제어 장치 제조업",2010-09-14,12,,,20260305
00413046,셀트리온,"Celltrion, Inc.",068270,유가,기초 의약물질 제조업,2018-02-09,12,,18,20260325
00423690,삼성출판사,"SAMSUNG PUBLISHING CO.,LTD",068290,유가,"서적, 잡지 및 기타 인쇄물 출판업",2002-08-05,12,,,20221205
00385415,일신바이오,"ilShinbiobase Co., Ltd.",068330,코스닥,일반 목적용 기계 제조업,2007-12-26,12,,,20250430
00541349,셀트리온제약,Celltrion Pharm Inc.,068760,코스닥,의약품 제조업,2006-02-03,12,,295,20240701
00361594,DMS,"DMS Co.,Ltd.",068790,코스닥,특수 목적용 기계 제조업,2004-10-01,12,,,20260831
00398808,디지털대성,"Digital Daesung Co., Ltd.",068930,코스닥,일반 교습 학원,2003-10-17,12,,,20230223
00308896,셀피글로벌,"Cellfie Global Co.,Ltd.",068940,코스닥,전자부품 제조업,2010-10-19,12,,,20251002
00405320,웹젠,Webzen Inc.,069080,코스닥,소프트웨어 개발 및 공급업,2003-05-23,12,,557,20221206
00410997,누리플랜,"Nuriplan Co.,Ltd.",069140,코스닥,"구조용 금속제품, 탱크 및 증기발생기 제조업",2010-10-26,12,,,20231220
00426086,티케이지휴켐스,"TKG Huchems Co.,Ltd.",069260,유가,기타 화학제품 제조업,2002-10-07,12,,,20260602
00400121,유아이디,"U.I.DISPLAY CO.,LTD.",069330,코스닥,전자부품 제조업,2003-08-18,12,,,20250225
00415707,엔텔스,"nTelsCo.,Ltd.",069410,코스닥,소프트웨어 개발 및 공급업,2007-06-20,12,,,20240322
00428729,대호에이엘,"DAEHO AL Co.,Ltd.",069460,유가,1차 비철금속 제조업,2002-11-11,12,,,20260826
00306719,에스텍,ESTec Corporation,069510,코스닥,영상 및 음향기기 제조업,2003-11-14,12,,,20251126
00367482,빛과전자,LIGHTRON FIBER-OPTIC DEVICES INC.,069540,코스닥,통신 및 방송 장비 제조업,2004-02-13,12,,486,20250702
00427483,대웅제약,DAEWOONG PHARMA,069620,유가,의약품 제조업,2002-11-01,12,,364,20240329
00357360,한세엠케이,"HANSAEMK CO.,LTD.",069640,유가,"섬유, 의복, 신발 및 가죽제품 소매업",2011-06-21,12,,,20240329
00151298,DSR제강,DSR WIRE CORP,069730,유가,1차 철강 제조업,2003-01-28,12,,,20250624
00426068,엑시온그룹,Exion Group Company Limited,069920,코스닥,무점포 소매업,2007-12-05,12,,,20260901
00428251,현대백화점,"HYUNDAI DEPARTMENT STORE CO.,LTD",069960,유가,종합 소매업,2002-11-25,12,,276,20240208
00683007,퀀텀레일,QuantumRail Inc.,070300,코스닥,소프트웨어 개발 및 공급업,2010-06-09,12,엑스큐어,,20261001
00470829,인티큐브,"Inticube Co., Ltd.",070590,코스닥,"컴퓨터 프로그래밍, 시스템 통합 및 관리업",2004-01-08,12,,,20260409
00365989,모나용평,"MONA YONGPYONG CO.,LTD",070960,유가,일반 및 생활 숙박시설 운영업,2016-05-27,12,,,20250826
00432102,한국금융지주,"Korea Investment Holdings Co., Ltd",071050,유가,기타 금융업,2003-07-21,12,,74,20221228
00435312,하이스틸,"HISTEEL CO., LTD",071090,유가,1차 철강 제조업,2003-02-17,12,,,20221219
00435969,인피니트헬스케어,"INFINITT Healthcare Co., Ltd.",071200,코스닥,소프트웨어 개발 및 공급업,2010-05-26,12,,,20241219
00363486,로체시스템즈,RORZE SYSTEMS CORPORATION,071280,코스닥,특수 목적용 기계 제조업,2003-11-14,12,,,20221102
00159698,지역난방공사,KOREA DISTRICT HEATING CORPORATION,071320,유가,"증기, 냉·온수 및 공기조절 공급업",2010-01-29,12,,,20260406
00384887,에이테크솔루션,"A-Tech Solution CO., LTD.",071670,코스닥,특수 목적용 기계 제조업,2009-04-17,12,,,20260320
00158307,롯데하이마트,"LOTTE Himart Co.,Ltd",071840,유가,가전제품 및 정보통신장비 소매업,2011-06-29,12,,,20260803
00302582,캐스텍코리아,"CASTEC KOREA CO.,LTD",071850,코스닥,자동차 신품 부품 제조업,2014-05-27,12,,,20260320
00210856,코아스,"KOAS CO., LTD",071950,유가,가구 제조업,2005-08-04,12,,,20260907
00406046,HD현대마린엔진,"HD-Hyundai Marine Engine Co., Ltd.",071970,유가,일반 목적용 기계 제조업,2009-05-15,12,,304,20260325
00415327,중앙백신,CHOONG ANG VACCINE LABORATORY,072020,코스닥,기초 의약물질 제조업,2003-10-31,12,,,20260325
00416654,유엔젤,UANGEL CORPORATION,072130,유가,"자료처리, 호스팅, 포털 및 기타 인터넷 정보매개 서비스업",2003-07-01,12,,,20230130
00359623,우리산업홀딩스,"WOORY INDUSTRIAL HOLDINGS CO.,LTD.",072470,코스닥,자동차 신품 부품 제조업,2003-10-28,12,,,20221206
00459871,농심홀딩스,Nongshim Holdings,072710,유가,기타 금융업,2003-07-30,12,,,20260327
00583026,멤레이비티,"MemRAY BT Co., LTD.",072770,코스닥,"컴퓨터 프로그래밍, 시스템 통합 및 관리업",2007-07-25,12,,,20260921
00422284,메가스터디,"MegaStudyCo.,Ltd.",072870,코스닥,"서적, 잡지 및 기타 인쇄물 출판업",2004-12-21,12,,,20221202
00359261,빛샘전자,"VISSEM Electronics Co., Ltd.",072950,코스닥,전자부품 제조업,2012-03-21,12,,,20260313
00527464,에이치시티,"HCT CO., LTD.",072990,코스닥,기타 과학기술 서비스업,2016-10-17,12,,,20260805
00328191,케이에스피,"KSPCO.,LTD",073010,코스닥,일반 목적용 기계 제조업,2004-12-17,12,,,20260323
00494218,엘엠에스,"LMS Co.,Ltd.",073110,코스닥,전자부품 제조업,2007-10-12,12,,,20230411
00407771,듀오백,"DUOBACK CO., LTD.",073190,코스닥,가구 제조업,2004-02-06,12,,,20260820
00481454,금호타이어,"KUMHO TIRE CO., INC.",073240,유가,고무제품 제조업,2005-02-17,12,,270,20260710
00462121,LIG아큐버,"LIG Accuver Co.,Ltd.",073490,코스닥,통신 및 방송 장비 제조업,2005-02-04,12,,,20260415
00442561,에프알텍,"FRTEKCO.,LTD.",073540,코스닥,통신 및 방송 장비 제조업,2007-05-18,12,,,20260313
00413417,우리손에프앤지,"Woorison F&G CO., LTD.",073560,코스닥,"도축, 육류 가공 및 저장 처리업",2016-07-27,12,,,20230403
00440712,리튬포어스,Lithium-for-earth Inc,073570,코스닥,그외 기타 제품 제조업,2004-01-06,12,,,20260316
00373021,테라사이언스,"TERA SCIENCE Co.,LTD",073640,코스닥,기타 금속 가공제품 제조업,2004-01-06,12,,,20241121
00466428,아미노로직스,"AMINOLOGICS CO.,LTD.",074430,코스닥,기초 의약물질 제조업,2004-06-04,12,,,20240502
00468374,원익QnC,WONIK QnC CORPORATION,074600,코스닥,유리 및 유리제품 제조업,2003-12-12,12,,407,20240307
00469799,이엔플러스,"ENPLUS CO., LTD",074610,유가,일반 목적용 기계 제조업,2003-12-23,12,,,20260407
00490179,플랜티넷,"PLANTYNETCo.,Ltd.",075130,코스닥,"컴퓨터 프로그래밍, 시스템 통합 및 관리업",2005-06-10,12,,,20221201
00305668,새론오토모티브,SAERONAUTOMOTIVE CORPORRATION,075180,유가,자동차 신품 부품 제조업,2005-10-21,12,,,20260331
00415628,세진중공업,"SEJIN HEAVY INDUSTRIES CO., LTD.",075580,유가,선박 및 보트 건조업,2015-11-30,12,,,20260401
00472890,동국알앤에스,"DONGKUK REFRACTORIES & STEEL CO., LTD.",075970,코스닥,기타 비금속 광물제품 제조업,2004-02-13,12,,,20230323
00487546,웰크론한텍,"WELCRON HANTEC CO.,LTD.",076080,코스닥,건물 건설업,2008-07-18,12,,,20250326
00321204,지에이이노더스,"GA INNODUS CO., LTD.",076340,코넥스,기반조성 및 시설물 축조관련 전문공사업,2015-05-18,12,,,20250421
00483735,해성옵틱스,"Haesung Optics Co.,Ltd",076610,코스닥,사진장비 및 광학기기 제조업,2013-11-06,12,,,20231128
00471068,덕산하이메탈,"DUKSANHIMETALCO.,LTD.",077360,코스닥,반도체 제조업,2005-10-14,12,,451,20241104
00414601,유니퀘스트,UNIQUEST COPORATION,077500,유가,기계장비 및 관련 물품 도매업,2004-08-05,12,,,20221212
00480455,STX엔진,"STX Engine Co,.Ltd",077970,유가,일반 목적용 기계 제조업,2004-05-10,12,,,20230331
00361488,텔코웨어,"TELCOWARE CO.,LTD.",078000,유가,"자료처리, 호스팅, 포털 및 기타 인터넷 정보매개 서비스업",2004-07-20,12,,,20250331
00330424,LS증권,"LS SECURITIES Co., Ltd.",078020,코스닥,금융 지원 서비스업,2007-02-21,12,,559,20260325
00411385,유비쿼스홀딩스,Ubiquoss Holdings Inc.,078070,코스닥,기타 금융업,2009-01-23,12,,,20221208
00104573,국일제지,"KUK-IL PAPER MFG CO.,LTD",078130,코스닥,기타 종이 및 판지 제품 제조업,2004-10-22,12,,526,20260903
00442826,대봉엘에스,"Daebonglsco.,Ltd",078140,코스닥,의약품 제조업,2005-12-23,12,,,20250908
00255275,HB테크놀러지,"HB Technology CO.,LTD.",078150,코스닥,특수 목적용 기계 제조업,2004-12-08,12,,,20260325
00453929,메디포스트,"MEDIPOSTCO.,LTD.",078160,코스닥,기초 의약물질 제조업,2005-07-29,12,,547,20240701
00476498,컴투스,Com2us Corporation,078340,코스닥,소프트웨어 개발 및 공급업,2007-07-06,12,,510,20251017
00488989,한양디지텍,"HANYANG DIGITECH CO.,LTD.",078350,코스닥,반도체 제조업,2004-05-14,12,,471,20260130
00400857,에이블씨엔씨,ABLE C&C,078520,유가,기타 화학제품 제조업,2011-09-07,12,,,20260319
00230814,휴림에이텍,"HYULIM A-TECH Co., Ltd.",078590,코스닥,자동차 신품 부품 제조업,2005-10-27,12,,,20240321
00177816,대주전자재료,"DaejooElectronicMaterialsCo.,Ltd.",078600,코스닥,전자부품 제조업,2004-12-10,12,,296,20221207
00543204,아이오케이이엔엠,"IOKENM CO.,LTD.",078860,코스닥,"영화, 비디오물, 방송프로그램 제작 및 배급업",2006-06-27,12,스테이지원엔터,,20260611
00441304,가온그룹,"KAON Group Co., Ltd.",078890,코스닥,통신 및 방송 장비 제조업,2005-07-12,12,,,20230417
00500254,GS,GS Holdings,078930,유가,기타 금융업,2004-08-05,12,,79,20221227
00455875,와토스코리아,"WATOSCOREACO.,LTD",079000,코스닥,플라스틱제품 제조업,2005-11-15,12,,,20260331
00303873,CJ CGV,"CJ CGV CO.,LTD.",079160,유가,"영화, 비디오물, 방송프로그램 제작 및 배급업",2004-12-24,12,,,20250326
00202839,한창산업,"HanchangIndustryCo.,Ltd.",079170,코스닥,1차 비철금속 제조업,2005-02-01,12,,,20221201
00479705,케스피온,"KESPION Co., Ltd.",079190,코스닥,통신 및 방송 장비 제조업,2005-11-29,12,,,20260406
00442570,제우스,"ZEUSCO.,LTD.",079370,코스닥,특수 목적용 기계 제조업,2006-02-01,12,,516,20260311
00300548,현대리바트,HYUNDAI LIVART FURNITURE COMPANY LIMITED,079430,유가,가구 제조업,2005-11-22,12,,,20260325
00503668,LIG디펜스앤에어로스페이스,"LIG Defense&Aerospace Co., Ltd.",079550,유가,무기 및 총포탄 제조업,2015-10-02,12,,50,20260415
00130408,서산,SeoSanCo.Ltd.,079650,코스닥,"시멘트, 석회, 플라스터 및 그 제품 제조업",2005-01-21,12,,,20241022
00445160,APS이노베이션,"APS Innovation Co., Ltd.",079810,코스닥,기타 전기장비 제조업,2005-01-26,12,,,20260415
00372129,전진건설로봇,"JUNJIN CONSTRUCTION & ROBOT CO., LTD.",079900,유가,특수 목적용 기계 제조업,2024-08-19,12,,,20250901
00506294,가비아,"GABIA,Inc.",079940,코스닥,소프트웨어 개발 및 공급업,2005-10-19,12,,477,20251120
00409371,인베니아,"INVENIA Co.,Ltd.",079950,코스닥,특수 목적용 기계 제조업,2005-02-04,12,,,20231117
00178790,동양이엔피,DONGYANG E&P INC.,079960,코스닥,"전동기, 발전기 및 전기 변환 · 공급 · 제어 장치 제조업",2005-02-01,12,,,20260317
00596260,투비소프트,"TOBESOFT Co., Ltd.",079970,코스닥,소프트웨어 개발 및 공급업,2010-06-01,12,,,20250106
00362238,휴비스,HUVIS CORPORATION,079980,유가,화학섬유 제조업,2012-02-23,12,,,20260922
00454399,이상네트웍스,"eSANGNetworksCo.,Ltd",080010,코스닥,상품 중개업,2005-09-30,12,,,20231006
00456218,모두투어,MODETOURNETWORKINC.,080160,코스닥,여행사 및 기타 여행보조 서비스업,2005-07-26,12,,,20230713
00447487,제주반도체,Jeju Semiconductor Corp.,080220,코스닥,반도체 제조업,2005-02-01,12,,181,20260401
00480048,모다이노칩,"Moda-InnoChips Co., Ltd.",080420,코스닥,"섬유, 의복, 신발 및 가죽제품 소매업",2005-12-06,12,,,20250808
00486370,성창오토텍,"SUNGCHANG AUTOTECH CO.,LTD.",080470,코스닥,자동차 신품 부품 제조업,2006-11-03,12,,,20260330
00529815,오디텍,ODTech,080520,코스닥,반도체 제조업,2007-10-08,12,,,20221208
00308559,코디,"KODI Co.,LTD.",080530,코스닥,기타 화학제품 제조업,2010-01-05,12,,,20260721
00543107,오킨스전자,"OKins Electronics Co.,Ltd.",080580,코스닥,전자부품 제조업,2014-12-24,12,,455,20230223
00532855,한국유니온제약,"UNION KOREA PHARM CO.,Ltd",080720,코스닥,의약품 제조업,2018-07-26,12,,,20260803
00508274,일진다이아,"ILJIN DIAMOND CO., LTD.",081000,유가,기타 화학제품 제조업,2004-12-22,12,,,20260320
00497631,티플랙스,"Tplex Co., Ltd",081150,코스닥,1차 비철금속 제조업,2009-04-23,12,,,20250502
00406222,쎄크,"SEC co.,ltd.",081180,코스닥,일반 목적용 기계 제조업,2025-04-28,12,,,20260220
00364306,성우전자,"SUNGWOOELECTRONICSCO.,LTD.",081580,코스닥,통신 및 방송 장비 제조업,2007-10-12,12,,,20221212
00195229,미스토홀딩스,Misto Holdings Corporation,081660,유가,생활용품 도매업,2010-09-28,12,,261,20260922
00327396,옵트론텍,OPTRONTEC Inc.,082210,코스닥,사진장비 및 광학기기 제조업,2005-06-24,12,,,20260327
00492894,젬백스,"GemVax & KAEL Co.,Ltd.",082270,코스닥,특수 목적용 기계 제조업,2005-06-24,12,,481,20251224
00361008,한화엔진,"Hanwha Engine Co., Ltd.",082740,유가,일반 목적용 기계 제조업,2011-01-04,12,,155,20260921
00533191,비보존 제약,"VIVOZON PHARMACEUTICAL CO., LTD.",082800,코스닥,의약품 제조업,2005-11-18,12,,,20230703
00369107,우리바이오,"WOOREE BIO CO., LTD",082850,코스닥,기타 식품 제조업,2005-07-29,12,,,20241113
00154718,비츠로셀,"VITZROCELL Co.,Ltd.",082920,코스닥,일차전지 및 이차전지 제조업,2009-10-28,12,,349,20221209
00484682,엘오티베큠,"LOTVacuum.Co.,Ltd.",083310,코스닥,특수 목적용 기계 제조업,2005-10-05,12,,,20221209
00454946,그린케미칼,"GREEN CHEMICAL CO.,LTD.",083420,유가,기타 화학제품 제조업,2005-10-20,12,,,20260317
00540863,GST,"GlobalStandardTechnologyCo.,Ltd.",083450,코스닥,특수 목적용 기계 제조업,2006-02-01,12,,389,20250327
00475718,이엠앤아이,"EMnI Co., Ltd.",083470,코스닥,기초 화학물질 제조업,2008-09-18,12,,,20260225
00476036,에프엔에스테크,"FNS TECH. Co.,Ltd.",083500,코스닥,특수 목적용 기계 제조업,2017-02-27,12,,,20230216
00242934,케이엠,KM CORPORATION,083550,코스닥,기타 섬유제품 제조업,2005-12-20,12,,,20250401
00475976,인콘,"INCON Co., Ltd.",083640,코스닥,상품 종합 도매업,2005-12-27,12,,,20260401
00409788,비에이치아이,"BHI Co., LTD.",083650,코스닥,일반 목적용 기계 제조업,2005-12-02,12,,283,20251209
00406037,CSA 코스믹,"CSA COSMIC CO., LTD.",083660,코스닥,기타 화학제품 제조업,2006-07-25,12,,,20260828
00407814,CG인바이츠,"CG Invites Co., Ltd.",083790,코스닥,자연과학 및 공학 연구개발업,2006-01-06,12,,,20260330
00442145,아바코,"AVACOCO.,LTD.",083930,코스닥,특수 목적용 기계 제조업,2005-10-11,12,,,20220225
00113225,대한제강,"DAEHAN STEEL CO.,LTD",084010,유가,1차 철강 제조업,2005-10-31,12,,,20260310
00228059,휴온스글로벌,"Huons Global Co., Ltd.",084110,코스닥,의약품 제조업,2006-12-19,12,,,20250401
00531014,유진테크,"EugeneTechnologyCo.,Ltd.",084370,코스닥,특수 목적용 기계 제조업,2006-01-17,12,,150,20250901
00531078,유비온,UBION CO.LTD.,084440,코스닥,소프트웨어 개발 및 공급업,2022-11-18,9,,,20260917
00545114,랩지노믹스,"LabGenomics. Co., Ltd.",084650,코스닥,자연과학 및 공학 연구개발업,2014-12-16,12,,,20250624
00540641,동양고속,DONGYANG EXPRESS CORP.,084670,유가,육상 여객 운송업,2005-07-25,12,,,20240329
00540605,이월드,"E-WORLD CO.,LTD.",084680,유가,귀금속 및 장신용품 제조업,2005-07-26,12,,,20260903
00539274,대상홀딩스,"DAESANG HOLDINGS CO., LTD",084690,유가,기타 금융업,2005-08-17,12,,,20221206
00438036,팅크웨어,ThinkwareSystemsCorporation,084730,코스닥,통신 및 방송 장비 제조업,2006-05-19,12,,,20220221
00579980,아이티엠반도체,"ITM Semiconductor Co., Ltd",084850,코스닥,전자부품 제조업,2019-11-07,12,,,20260313
00409672,티비에이치글로벌,"TBH GLOBAL CO.,LTD",084870,유가,봉제의복 제조업,2005-12-19,12,,,20230922
00359395,헬릭스미스,"Helixmith Co., Ltd",084990,코스닥,자연과학 및 공학 연구개발업,2005-12-29,12,,,20250115
00172228,엔케이,"NK CO.,LTD.",085310,유가,"구조용 금속제품, 탱크 및 증기발생기 제조업",2008-01-24,12,,,20250811
00112332,미래에셋생명,"MIRAE ASSET Life Insurance CO., Ltd.",085620,유가,보험업,2015-07-08,12,,220,20260720
00525679,차바이오텍,"Chabiotech Co.,Ltd.",085660,코스닥,기초 의약물질 제조업,2005-12-27,12,,413,20260305
00493510,뉴프렉스,"NEWFLEXTECHNOLGYCo.,LTD.",085670,코스닥,전자부품 제조업,2006-01-17,12,,,20260515
00364254,알티캐스트,Alticast Corporation,085810,코스닥,소프트웨어 개발 및 공급업,2013-12-06,12,,,20251231
00447928,네오티스,"NEOTECHNICALSYSTEMCO.,LTD",085910,코스닥,자동차 신품 부품 제조업,2007-10-01,12,,,20230206
00447502,바이오톡스텍,"BiotoxtechCo.,Ltd.",086040,코스닥,자연과학 및 공학 연구개발업,2007-09-21,12,,,20221202
00491053,진바이오텍,"GeneBioTechCo.,Ltd.",086060,코스닥,산업용 농·축산물 및 동·식물 도매업,2006-04-28,12,,,20221123
00523176,광동헬스바이오,"Kwangdong Healthbio Co., Ltd.",086220,코넥스,기타 식품 제조업,2015-07-09,12,,,20260305
00360595,현대글로비스,"HYUNDAI GLOVIS Co., LTD.",086280,유가,기타 운송관련 서비스업,2005-12-26,12,,55,20240108
00540447,유니테스트,UniTestInc.,086390,코스닥,특수 목적용 기계 제조업,2006-12-05,12,,583,20250331
00114808,동국제약,"DongKookPharmaceuticalCo.,Ltd.",086450,코스닥,의약품 제조업,2007-05-29,12,,385,20240701
00536541,에코프로,"ECOPRO CO.,LTD",086520,코스닥,기타 금융업,2007-07-20,12,,63,20241227
00524786,비엠티,"BMTCo.,Ltd.",086670,코스닥,일반 목적용 기계 제조업,2007-11-02,12,,,20260325
00132202,선진뷰티사이언스,"SUNJIN BEAUTY SCIENCE CO., LTD.",086710,코스닥,기타 화학제품 제조업,2021-01-27,12,,,20250220
00547583,하나금융지주,Hana Financial Group Inc.,086790,유가,기타 금융업,2005-12-12,12,,20,20260930
00560982,바이오솔루션,"Bio Solution Co.,Ltd.",086820,코스닥,기초 의약물질 제조업,2018-08-20,12,,,20251201
00526872,이수앱지스,"ISU Abxis Co., Ltd.",086890,코스닥,의료용품 및 기타 의약 관련제품 제조업,2009-02-03,12,,,20260303
00580199,메디톡스,Medy-Tox Inc.,086900,코스닥,기초 의약물질 제조업,2009-01-16,12,,491,20240701
00445841,MDS테크,MDS Tech Inc.,086960,코스닥,소프트웨어 개발 및 공급업,2006-09-26,12,,,20250224
00303794,쇼박스,SHOWBOX Corp.,086980,코스닥,"영화, 비디오물, 방송프로그램 제작 및 배급업",2006-07-07,12,,,20241125
00415868,펩트론,"Peptron, Inc.",087010,코스닥,기초 의약물질 제조업,2015-07-22,12,,189,20260309
00556615,모바일어플라이언스,"MOBILE APPLIANCE, INC.",087260,코스닥,소프트웨어 개발 및 공급업,2017-02-24,12,,,20260630
00495086,픽셀플러스,"Pixelplus. Co., Ltd.",087600,코스닥,전자부품 제조업,2015-06-12,12,,,20240327
00489243,동아엘텍,"DONGAELTEKCo.,Ltd",088130,코스닥,특수 목적용 기계 제조업,2007-01-03,12,,,20260323
00544452,이리츠코크렙,E KOCREF CR-REIT,088260,유가,부동산 임대 및 공급업,2018-06-27,6,,,20260320
00561723,쏘닉스,SAWNICS INC.,088280,코스닥,반도체 제조업,2023-11-07,12,,,20231107
00409140,이원컴포텍,"EWON COMFORTECH CO.,LTD",088290,코스닥,자동차 신품 부품 제조업,2009-12-01,12,,,20260529
00407294,유라클,URACLE. Co. Ltd,088340,코스닥,소프트웨어 개발 및 공급업,2024-08-16,12,,,20260224
00113058,한화생명,"HANWHA LIFE INSURANCE CO., LTD.",088350,유가,보험업,2010-03-17,12,,137,20250806
00494476,이녹스,INNOXCorporation,088390,코스닥,그외 기타 운송장비 제조업,2006-10-20,12,,,20250331
00557933,진도,"JINDO.CO.,LTD",088790,유가,기타 전문 도매업,2006-03-28,12,,,20240829
00556907,에이스테크,Ace Technologies Corp.,088800,코스닥,통신 및 방송 장비 제조업,2006-03-27,12,,,20250401
00228712,동우팜투테이블,"DONGWOO FARM TO TABLE CO., LTD",088910,코스닥,"도축, 육류 가공 및 저장 처리업",2006-06-23,12,,,20230403
00435297,맥쿼리인프라,Macquarie Korea Infrastructure Fund,088980,유가,신탁업 및 집합투자업,2006-03-15,12,,134,20200715
00371485,켐트로닉스,"CHEMTRONICSCo.,Ltd.",089010,코스닥,기타 화학제품 제조업,2007-01-17,12,,500,20250102
00535676,테크윙,"Techwing, Inc.",089030,코스닥,특수 목적용 기계 제조업,2011-11-10,12,,262,20240223
00416414,넥스턴앤롤코리아,"NEXTURN&ROLLKOREA Co., Ltd",089140,코스닥,특수 목적용 기계 제조업,2006-11-01,12,,,20251114
00441447,케이씨티,Korea Computer Terminal Inc.,089150,코스닥,"컴퓨터 프로그래밍, 시스템 통합 및 관리업",2006-12-13,12,,,20240327
00519252,THE E&M,"THE E&M Co., Ltd.",089230,코스닥,기타 정보 서비스업,2006-10-10,12,,,20260119
00357935,HDC현대EP,"HDC Hyundai Engineering Plastics Co., Ltd.",089470,유가,기타 화학제품 제조업,2006-09-25,12,,,20260327
00555874,제주항공,"JEJUAIR, CO., LTD.",089590,유가,항공 여객 운송업,2015-11-06,12,,,20221227
00486097,KT나스미디어,"kt nasmedia Co., Ltd.",089600,코스닥,광고업,2013-07-17,12,,,20250821
00365457,제이티,JT Corporation.,089790,코스닥,특수 목적용 기계 제조업,2006-10-27,12,,,20240402
00592653,유비벨록스,UbiVelox Inc.,089850,코스닥,소프트웨어 개발 및 공급업,2010-06-18,12,,,20240418
00545716,롯데렌탈,"LOTTE rental co., ltd.",089860,유가,운송장비 임대업,2021-08-19,12,,278,20260902
00365934,코세스,"KOSES Co.,Ltd",089890,코스닥,특수 목적용 기계 제조업,2006-11-08,12,,457,20240221
00544577,브이엠,VM Inc.,089970,코스닥,특수 목적용 기계 제조업,2018-08-23,12,,289,20240424
00181299,상아프론테크,"SANG-A  FRONTEC CO., LTD.",089980,코스닥,플라스틱제품 제조업,2011-07-21,12,,,20221230
00573579,평화산업,"PYUNG HWA INDUSTRIAL CO., LTD",090080,유가,자동차 신품 부품 제조업,2006-06-02,12,,,20230330
00365624,아이윈,"iWIN CO.,LTD",090150,코스닥,자동차 신품 부품 제조업,2006-10-20,12,,,20260401
00583442,노루페인트,"NOROO PAINT & COATINGS Co.,LTD",090350,유가,기타 화학제품 제조업,2006-07-03,12,,,20260323
00536523,로보스타,"Robostar Co.,Ltd.",090360,코스닥,특수 목적용 기계 제조업,2011-10-17,12,,418,20240326
00442835,메타랩스,"METALABS CO., LTD.",090370,유가,봉제의복 제조업,2006-12-26,12,,,20260622
00454937,덕신이피씨,"DUKSHINEPC CO., LTD.",090410,코스닥,"구조용 금속제품, 탱크 및 증기발생기 제조업",2014-08-01,12,,,20260901
00583424,아모레퍼시픽,AMOREPACIFIC CORP.,090430,유가,기타 화학제품 제조업,2006-06-29,12,,93,20240102
00447609,비에이치,"BHCo.,Ltd.",090460,유가,전자부품 제조업,2023-06-20,12,,,20230620
00493185,제이스로보틱스,JAS Robotics Inc.,090470,코스닥,특수 목적용 기계 제조업,2007-01-10,12,,,20260427
00540429,휴림로봇,"Hyulim ROBOT Co.,Ltd.",090710,코스닥,특수 목적용 기계 제조업,2006-12-05,12,,417,20221207
00656951,현대이지웰,"HYUNDAI EZWEL CO., LTD.",090850,코스닥,소프트웨어 개발 및 공급업,2013-12-27,12,,,20250325
00541163,이엠텍,"EM-Tech.CO.,LTD.",091120,코스닥,전자부품 제조업,2007-05-02,12,,,20260327
00580667,S&K폴리텍,"S&KPOLYTECCO.,LTD.",091340,코스닥,전자부품 제조업,2007-07-30,12,,,20260929
00560122,한울소재과학,"HanWool Materials Science, Inc.",091440,코스닥,통신 및 방송 장비 제조업,2008-02-01,12,,,20260401
00480783,상신이디피,"SANGSINENERGYDISPLAYPRECISIONCO.,LTD",091580,코스닥,일차전지 및 이차전지 제조업,2007-05-23,12,,595,20260929
00108001,남화토건,"Nam Hwa Construction Company, Limited",091590,코스닥,건물 건설업,2012-01-31,12,,,20260916
00490151,파트론,"PARTRONCO.,LTD",091700,코스닥,전자부품 제조업,2006-12-13,12,,,20230327
00671376,트리니티항공,"Trinity Airways Co., Ltd.",091810,유가,항공 여객 운송업,2018-08-01,12,,,20260514
00542074,LSK아이로봇,"LSKAIROBOT CO.,LTD",091970,코스닥,플라스틱제품 제조업,2007-01-30,12,나노캠텍,,20260922
00545734,아미코젠,"Amicogen, Inc.",092040,코스닥,기타 식품 제조업,2013-09-12,12,,,20240701
00569691,디엔에프,"DNFCo.,Ltd.",092070,코스닥,기타 화학제품 제조업,2007-11-16,12,,,20260327
00634728,이크레더블,"e-Credible Co., Ltd.",092130,코스닥,기타 정보 서비스업,2008-10-24,12,,,20230330
00488402,서울바이오시스,"SEOUL VIOSYS CO., LTD.",092190,코스닥,반도체 제조업,2020-03-06,12,,529,20250328
00112165,디아이씨,DAE-IL Corporation,092200,유가,자동차 신품 부품 제조업,2007-10-18,12,,,20230216
00589127,KEC,KEC CORPORATION,092220,유가,반도체 제조업,2006-10-16,12,,,20250328
00587466,KPX홀딩스,"KPX HOLDINGS CO., LTD.",092230,유가,기초 화학물질 제조업,2006-10-12,12,,,20221128
00367455,현우산업,"HYUNWOOINDUSTRIALCO.,LTD",092300,코스닥,전자부품 제조업,2007-10-24,12,,,20230220
00106614,기신정기,KISHIN CORPORATION,092440,유가,특수 목적용 기계 제조업,2007-10-30,3,,,20240813
00528515,한라IMS,"HANLA IMS Co., LTD",092460,코스닥,선박 및 보트 건조업,2007-05-22,12,,,20260930
00578325,럭스피아,"Luxpia Co., Ltd.",092590,코넥스,반도체 제조업,2015-10-30,12,,,20260312
00537337,앤씨앤,"NC& Co., Ltd.",092600,코스닥,반도체 제조업,2007-06-26,12,,,20260814
00551920,네오팜,"NeopharmCO.,LTD.",092730,코스닥,기타 화학제품 제조업,2007-01-30,12,,550,20230713
00117726,DYP,"DYP CO.,LTD",092780,유가,자동차용 엔진 및 자동차 제조업,2017-12-08,12,,,20260324
00220613,넥스틸,"NEXTEEL CO.,LTD.",092790,유가,1차 철강 제조업,2023-08-21,12,,,20260401
00611736,엑시콘,"Exicon Co., Ltd.",092870,코스닥,특수 목적용 기계 제조업,2015-10-22,12,,444,20260327
00593032,LF,LF Corp.,093050,유가,봉제의복 제조업,2006-12-01,12,,,20221209
00478900,빅솔론,"BIXOLONCo.,Ltd",093190,코스닥,컴퓨터 및 주변장치 제조업,2007-08-20,12,,,20230217
00441243,형지엘리트,HYUNGJI ELITE INC.,093240,유가,봉제의복 제조업,2009-09-28,6,,,20241002
00603348,케이아이엔엑스,"KINX, Inc.",093320,코스닥,"자료처리, 호스팅, 포털 및 기타 인터넷 정보매개 서비스업",2011-02-08,12,,454,20240902
00595191,후성,"FOOSUNG CO.,LTD",093370,유가,기초 화학물질 제조업,2006-12-22,12,,292,20240314
00155373,풍강,"PUNGKANGCO.,LTD",093380,코스닥,기타 금속 가공제품 제조업,2007-06-01,8,,,20221027
00521433,엔지브이아이,"NGVI, INC.",093510,코넥스,자동차 신품 부품 제조업,2019-09-30,12,,,20260310
00596677,매커스,MAKUS Inc.,093520,코스닥,기계장비 및 관련 물품 도매업,2007-02-12,12,,562,20260401
00536888,케이알엠,"Korea Robot Manufacturing Co., Ltd.",093640,코스닥,반도체 제조업,2007-10-19,12,,,20231215
00445799,서원인텍,"SEOWONINTECH.CO.,LTD",093920,코스닥,통신 및 방송 장비 제조업,2007-12-20,12,,,20221220
00695969,동운아나텍,"DONGWOON ANATECH CO.,LTD.",094170,코스닥,반도체 제조업,2015-06-30,12,,466,20221130
00414850,효성 ITX,"HYOSUNG ITX.CO.,LTD",094280,유가,기타 사업지원 서비스업,2007-10-25,12,,,20240719
00579971,칩스앤미디어,"Chips&Media, Inc.",094360,코스닥,반도체 제조업,2015-08-05,12,,,20230222
00587457,갤럭시아머니트리,"GalaxiaMoneytree Co.,Ltd.",094480,코스닥,소프트웨어 개발 및 공급업,2007-07-20,12,,,20230102
00600013,맵스리얼티,MIRAEASSET MAPS REALTY INVESTMENT COMPANY,094800,유가,신탁업 및 집합투자업,2007-04-09,12,,,20251031
00485177,일진파워,"ILJIN POWER CO., LTD.",094820,코스닥,전기 및 통신 공사업,2007-11-06,12,,,20230214
00599957,슈프리마에이치큐,Suprema HQ Inc.,094840,코스닥,통신 및 방송 장비 제조업,2008-07-11,12,,,20260909
00606770,참좋은여행,"Very Good Tour Co.,Ltd.",094850,코스닥,여행사 및 기타 여행보조 서비스업,2007-04-30,12,,,20250324
00599106,네오리진,"NEORIGIN Co., Ltd.",094860,코스닥,소프트웨어 개발 및 공급업,2007-04-16,12,,,20260401
00537832,푸른로보틱스,PULOON Robotics Inc.,094940,코스닥,컴퓨터 및 주변장치 제조업,2007-09-14,12,푸른기술,,20260528
00533508,제이엠티,"JMT CO.,Ltd.",094970,코스닥,전자부품 제조업,2007-10-12,12,,,20221206
00526951,신화프리텍,"SHINHWAPRITECH CO., LTD.",095190,코스닥,기타 금속 가공제품 제조업,2007-10-29,12,,,20260417
00526696,웨이브일렉트로,"WaveElectronicsCo.,Ltd.",095270,코스닥,"측정, 시험, 항해, 제어 및 기타 정밀기기 제조업; 광학기기 제외",2007-09-12,12,,,20260406
00572905,ISC,"ISC Co., LTD.",095340,코스닥,기계장비 및 관련 물품 도매업,2007-10-01,12,,140,20260327
00526836,미래나노텍,"MNTECHCo.,Ltd.",095500,코스닥,플라스틱제품 제조업,2007-10-01,12,,,20260928
00365387,AJ네트웍스,"AJ Networks Co.,Ltd.",095570,유가,산업용 기계 및 장비 임대업,2015-08-21,12,,,20260327
00524421,테스,"TESCO.,LTD.",095610,코스닥,특수 목적용 기계 제조업,2008-05-20,12,,171,20260410
00628860,네오위즈,NEOWIZ,095660,코스닥,소프트웨어 개발 및 공급업,2007-07-02,12,,541,20260813
00545929,제넥신,"Genexine, Inc.",095700,코스닥,자연과학 및 공학 연구개발업,2009-09-15,12,,,20260311
00628189,웅진씽크빅,"WOONGJIN THINKBIG CO., LTD.",095720,유가,초등 교육기관,2007-05-31,12,,,20260410
00585538,에스에너지,"S-EnergyCO.,LTD.",095910,코스닥,"전동기, 발전기 및 전기 변환 · 공급 · 제어 장치 제조업",2007-10-16,12,,,20260401
00525882,크레버스,"Creverse, Inc.",096240,코스닥,일반 교습 학원,2008-06-27,12,,,20261002
00351427,와이즈넛,"WISEnut, INC.",096250,코스닥,소프트웨어 개발 및 공급업,2025-01-24,12,,,20250205
00177870,대창솔루션,"DAECHANG SOLUTION CO.,LTD.",096350,코스닥,"구조용 금속제품, 탱크 및 증기발생기 제조업",2007-12-17,12,,,20260401
00788773,씨젠,"SEEGENE, INC.",096530,코스닥,의료용품 및 기타 의약 관련제품 제조업,2010-09-10,12,,294,20240325
00573269,에스코넥,"S Connect Co., LTD",096630,코스닥,통신 및 방송 장비 제조업,2007-12-26,12,,,20250331
00608839,에이루트,"Aroot Co., Ltd.",096690,코스닥,컴퓨터 및 주변장치 제조업,2010-12-01,12,,,20221201
00632304,JW홀딩스,JW HOLDINGS CORPORATION,096760,유가,기타 금융업,2007-07-31,12,,,20240328
00631518,SK이노베이션,"SK Innovation Co., Ltd.",096770,유가,석유 정제품 제조업,2007-07-25,12,,29,20260609
00540571,엘디티,LDTInc.,096870,코스닥,반도체 제조업,2008-05-02,12,,,20260327
00633835,HJ중공업,"HJ SHIPBUILDING & CONSTRUCTION CO.,LTD",097230,유가,토목 건설업,2007-08-31,12,,344,20260330
00564562,엠씨넥스,"MCNEX CO.,LTD",097520,유가,영상 및 음향기기 제조업,2021-07-06,12,,,20230227
00562360,에코볼트,"Eco Volt Co.,Ltd.",097780,코스닥,자동차 신품 부품 제조업,2008-01-23,12,,,20260102
00536286,윈팩,WINPAC INC.,097800,코스닥,반도체 제조업,2013-03-07,12,,,20260306
00367385,효성오앤비,"HyosungONBCo.,Ltd",097870,코스닥,"비료, 농약 및 살균, 살충제 제조업",2008-04-08,6,,,20220812
00635134,CJ제일제당,CJ CHEILJEDANG CORP.,097950,유가,기타 식품 제조업,2007-09-28,12,,210,20260325
00404941,한텍,HANTECH LTD.,098070,코스닥,"구조용 금속제품, 탱크 및 증기발생기 제조업",2025-03-20,12,,,20260504
00568188,마이크로컨텍솔,"Micro Contact Solution Co.,Ltd.",098120,코스닥,전자부품 제조업,2008-09-23,12,,482,20230223
00579999,고영,KohYoungTechnologyInc.,098460,코스닥,특수 목적용 기계 제조업,2008-06-03,12,,236,20260312
00612188,에스티오,"STO Co., Ltd.",098660,코스닥,봉제의복 제조업,2009-04-17,12,,,20221129
00550994,아이센스,"i-SENS, Inc.",099190,코스닥,의료용 기기 제조업,2013-01-30,12,,484,20230223
00574611,SDN,SDN Company Ltd.,099220,코스닥,기계장비 및 관련 물품 도매업,2009-05-19,12,,,20240401
00449254,쎄트렉아이,"SatrecInitiativeCo.,Ltd.",099320,코스닥,"항공기,우주선 및 부품 제조업",2008-06-13,12,,397,20240701
00642897,브레인즈컴퍼니,"Brainzcompany Co., Ltd.",099390,코스닥,소프트웨어 개발 및 공급업,2021-08-19,12,,,20230224
00526678,동방선기,"Dongbang Ship Machinery Co., Ltd",099410,코스닥,선박 및 보트 건조업,2009-11-10,12,,,20260401
00636656,바이오플러스,"BioPlus Co., Ltd",099430,코스닥,기초 의약물질 제조업,2021-09-27,12,,,20230215
00580056,스맥,"SMEC CO.,LTD",099440,코스닥,특수 목적용 기계 제조업,2009-05-26,12,,,20260401
00627029,DGI,"DG-ITX Co., Ltd.",099520,코스닥,영상 및 음향기기 제조업,2009-12-22,12,,,20260310
00490090,이지케어텍,"ezCaretech Co., LTD",099750,코스닥,소프트웨어 개발 및 공급업,2019-03-22,3,,,20241115
00641171,인지소프트,"Inzisoft Co., Ltd.",100030,코스닥,소프트웨어 개발 및 공급업,2010-05-25,12,,,20221213
00480367,SK오션플랜트,"SK oceanplant Co.,Ltd",100090,유가,1차 철강 제조업,2023-04-19,12,,,20260401
00609324,뷰웍스,"Vieworks Co., Ltd.",100120,코스닥,의료용 기기 제조업,2009-04-10,12,,,20220228
00415594,동국S&C,DONGKUK STRUCTURES & CONSTRUCTION COMPANY LIMITED,100130,코스닥,"구조용 금속제품, 탱크 및 증기발생기 제조업",2009-08-31,12,,,20240327
00520887,비상교육,VISANG EDUCATION INC,100220,유가,"서적, 잡지 및 기타 인쇄물 출판업",2008-06-30,12,,,20260319
00646732,진양홀딩스,CHINYANG HOLDINGS CORPORATION,100250,유가,플라스틱제품 제조업,2008-02-15,12,,,20230516
00364740,머큐리,MERCURY CORPORATION,100590,코스닥,통신 및 방송 장비 제조업,2018-12-14,12,,,20260327
00166528,서암기계공업,"SEOAM MACHINERY INDUSTRY CO., LTD",100660,코스닥,일반 목적용 기계 제조업,2011-12-19,12,,,20250918
00362201,세운메디칼,"SEWOONMEDICAL CO,. LTD.",100700,코스닥,의료용품 및 기타 의약 관련제품 제조업,2008-09-30,12,,,20250728
00340096,미래에셋벤처투자,"Mirae Asset Venture Investment Co.,Ltd.",100790,코스닥,기타 금융업,2019-03-15,12,,392,20260313
00648721,SNT에너지,"SNTEnergy Co.,Ltd.",100840,유가,일반 목적용 기계 제조업,2008-02-22,12,,,20260515
00618410,KS인더스트리,"KS Industry Co., Ltd.",101000,코스닥,특수 목적용 기계 제조업,2009-11-06,12,,,20260327
00652423,인바이오젠,"INBIOGEN CO.,Ltd",101140,유가,기계장비 및 관련 물품 도매업,2008-04-02,12,,,20240411
00580065,월덱스,"WORLDEXINDUSTRY&TRADINGCO.,LTD",101160,코스닥,전자부품 제조업,2008-06-19,12,,472,20260310
00567222,우림피티에스,"WOORIM POWER TRAIN SOLUTION Co., Ltd.",101170,코스닥,일반 목적용 기계 제조업,2009-04-28,12,,,20260227
00520610,씨큐브,"CQV Co., Ltd.",101240,코스닥,기초 화학물질 제조업,2011-11-08,12,,,20230823
00498001,모베이스,"MOBASE Co., Ltd.",101330,코스닥,통신 및 방송 장비 제조업,2010-02-04,12,,,20240913
00619640,에코앤드림,"Eco&Dream Co., Ltd.",101360,코스닥,일차전지 및 이차전지 제조업,2020-07-30,12,,,20260504
00641393,엔시트론,"N CITRON, INC.",101400,코스닥,반도체 제조업,2009-03-31,12,,,20250909
00411048,에스앤에스텍,S&S TECH CORPORATION,101490,코스닥,전자부품 제조업,2009-04-14,12,,381,20260316
00428321,해태제과식품,"Haitai Confectionery and Foods Co., Ltd.",101530,유가,기타 식품 제조업,2016-05-11,12,,,20240701
00527491,하이드로리튬,Hydro Lithium Inc,101670,코스닥,"구조용 금속제품, 탱크 및 증기발생기 제조업",2008-07-15,12,,,20260630
00257732,한국정밀기계,"HNK MACHINE TOOL CO.,LTD.",101680,코스닥,특수 목적용 기계 제조업,2009-05-19,12,,,20221109
00643656,위메이드맥스,"Wemade Max Co., Ltd.",101730,코스닥,소프트웨어 개발 및 공급업,2009-06-03,12,,542,20260325
00482426,인화정공,"Inhwa Precision Co., Ltd.",101930,코스닥,선박 및 보트 건조업,2010-10-22,12,,,20260304
00450931,우양에이치씨,"WOOYANG HC CO.,LTD.",101970,코스닥,"구조용 금속제품, 탱크 및 증기발생기 제조업",2025-03-28,12,,,20250328
00591441,어보브반도체,"ABOV Semiconductor Co.,Ltd.",102120,코스닥,반도체 제조업,2009-06-05,12,,,20251215
00679314,동성케미컬,"DONGSUNG CHEMICAL Co., Ltd.",102260,유가,합성고무 및 플라스틱 물질 제조업,2008-06-23,12,,,20250502
00668600,케이옥션,K Auction Inc.,102370,코스닥,상품 중개업,2022-01-24,12,,,20250908
00145598,이연제약,"REYON PHARMACEUTICAL CO., LTD",102460,유가,의약품 제조업,2010-06-10,12,,,20230802
00530185,이엔에프테크놀로지,"ENF Technology Co., Ltd",102710,코스닥,기타 화학제품 제조업,2009-05-28,12,,443,20260325
00525642,코오롱생명과학,KOLON LIFE SCIENCE Inc.,102940,코스닥,기초 의약물질 제조업,2009-04-07,12,,,20260327
00677334,아하,"AHA Co.,Ltd",102950,코넥스,전자부품 제조업,2022-11-30,12,,,20260410
00684714,풍산,POONGSAN CORPORATION,103140,유가,1차 비철금속 제조업,2008-07-30,12,,249,20260715
00137012,에스앤더블류,S&W Corporation,103230,코스닥,일반 목적용 기계 제조업,2009-08-05,12,,,20221205
00683469,일진전기,"ILJIN ELECTRIC CO.,LTD",103590,유가,절연선 및 케이블 제조업,2008-08-01,12,,151,20260320
00762377,씨앗,"CIAAT Co., Ltd.",103660,코넥스,기타 화학제품 제조업,2015-06-22,12,,,20260402
00486875,우양,"WOOYANG  Co., Ltd.",103840,코스닥,"과실, 채소 가공 및 저장 처리업",2019-11-20,12,,,20251124
00442905,디에스엠,DSM Corporation,104040,코스닥,자동차 신품 부품 제조업,2009-01-23,12,,,20260420
00645089,NHN벅스,NHN BUGS Corporation,104200,코스닥,기타 정보 서비스업,2009-10-06,12,,,20260512
00602136,디와이피엔에프,"DYPNF CO.,LTD",104460,코스닥,일반 목적용 기계 제조업,2009-12-22,12,,,20241202
00693554,티케이케미칼,TK CHEMICAL CORPORATION,104480,코스닥,화학섬유 제조업,2011-04-26,12,,,20250804
00541437,코렌텍,"Corentec Co., Ltd.",104540,코스닥,의료용 기기 제조업,2013-03-05,12,,,20260316
00632845,노랑풍선,"Yellow Balloon Tour Co., Ltd.",104620,코스닥,여행사 및 기타 여행보조 서비스업,2019-01-30,12,,,20260311
00687711,한국철강,KISCO Corp.,104700,유가,1차 철강 제조업,2008-09-29,12,,,20260304
00623661,원익머트리얼즈,"WONIK Materials Co.,Ltd.",104830,코스닥,기초 화학물질 제조업,2011-12-28,12,,478,20230109
00606664,케이엔더블유,"KNW Co., Ltd.",105330,코스닥,자동차 신품 부품 제조업,2009-09-29,12,,,20260325
00766106,엣지파운드리,"Edge Foundry Co.,Ltd",105550,코스닥,전자부품 제조업,2014-07-11,12,,,20240620
00688996,KB금융,KB Financial Group Inc.,105560,유가,기타 금융업,2008-10-10,12,,9,20250108
00728638,한세실업,"HANSAE CO.,LTD.",105630,유가,봉제의복 제조업,2009-03-20,12,,,20251107
00533003,디케이락,DK-Lok Corporation,105740,코스닥,일반 목적용 기계 제조업,2010-11-12,12,,,20260317
00862312,포스뱅크,"POSBANK CO., LTD.",105760,코스닥,일반 목적용 기계 제조업,2024-01-29,12,,,20240129
00173944,우진,WOOJIN INC,105840,유가,"측정, 시험, 항해, 제어 및 기타 정밀기기 제조업; 광학기기 제외",2010-07-26,12,,,20211210
00542898,케이이엠텍,KEM Tech Corp.,106080,코스닥,전자부품 제조업,2010-02-09,12,,,20260630
00409964,하이텍팜,"HIGH TECH PHARM CO.,LTD.",106190,코스닥,기초 의약물질 제조업,2010-07-28,12,,,20260504
00755739,파인테크닉스,"FINE TECHNIX CO., LTD",106240,코스닥,전구 및 조명장치 제조업,2009-03-16,12,,,20260306
00706715,미원홀딩스,"Miwon Holdings Co.,Ltd.",107590,유가,기타 금융업,2009-03-02,12,,,20260330
00862880,새빗켐,"Sebitchem Co., LTD",107600,코스닥,기타 화학제품 제조업,2022-08-04,12,,,20250509
00474588,한중엔시에스,"HanJungNCS.Co.,Ltd",107640,코스닥,"전동기, 발전기 및 전기 변환 · 공급 · 제어 장치 제조업",2024-06-24,12,,546,20260716
00531917,톱텍,"TOPTEC COMPANY,LIMITED",108230,코스닥,특수 목적용 기계 제조업,2009-09-15,12,,,20230410
00525934,LX세미콘,"LX Semicon Co., Ltd.",108320,유가,반도체 제조업,2022-11-03,12,,,20240322
00111193,대양전기공업,"DAEYANG ELECTRIC CO.,LTD",108380,코스닥,선박 및 보트 건조업,2011-07-08,12,,,20221213
00946030,로보티즈,ROBOTIS,108490,코스닥,특수 목적용 기계 제조업,2018-10-26,12,,138,20220217
00759513,LX하우시스,"LX HAUSYS, LTD.",108670,유가,플라스틱제품 제조업,2009-04-20,12,,,20260325
00666064,셀바스AI,SELVAS AI Inc.,108860,코스닥,소프트웨어 개발 및 공급업,2009-12-10,12,,,20230215
00753643,주성코퍼레이션,JOOSUNG CORPORATION,109070,유가,통신 및 방송 장비 제조업,2009-03-17,12,,,20240503
00660291,옵티시스,"OPTICIS CO., LTD.",109080,코스닥,통신 및 방송 장비 제조업,2011-07-12,12,,,20221208
00535481,에스와이,"SY CO., LTD.",109610,코스닥,"구조용 금속제품, 탱크 및 증기발생기 제조업",2015-12-29,12,,,20250331
00492706,씨싸이트,"C-SITE Co., Ltd.",109670,코스닥,봉제의복 제조업,2023-12-21,12,,,20260327
00530121,디에스케이,"DSK Co.,Ltd.",109740,코스닥,특수 목적용 기계 제조업,2009-09-23,12,,,20220223
00552992,진매트릭스,GENEMATRIX INC.,109820,코스닥,자연과학 및 공학 연구개발업,2009-11-06,12,,,20220224
00118284,동일금속,"DONGIL METAL CO., LTD.",109860,코스닥,금속 주조업,2009-07-28,12,,,20220225
00653194,앱토크롬,APTOCROM Inc.,109960,코스닥,기타 전문 도매업,2009-11-13,12,,,20250917
00632793,전진바이오팜,"JEONJINBIO CO., LTD.",110020,코스닥,기타 화학제품 제조업,2018-12-14,12,,,20220503
00522007,크리스에프앤씨,"Creas F&C Co., Ltd",110790,코스닥,봉제의복 제조업,2018-10-01,12,,,20251126
00576798,디아이티,DIT Corp.,110990,코스닥,특수 목적용 기계 제조업,2018-08-07,12,,556,20240418
00226316,호전실업,Hojeon Limited,111110,유가,봉제의복 제조업,2017-02-02,12,,,20241203
00367710,동인기연,"DONG IN ENTECH Co., Ltd.",111380,유가,"가죽, 가방 및 유사제품 제조업",2023-11-21,12,,,20231121
00245694,남화산업,"Namhwa Industrial Co.,Ltd.",111710,코스닥,스포츠 서비스업,2018-11-29,12,,,20260325
00776820,영원무역,Youngone Corporation,111770,유가,상품 종합 도매업,2009-07-30,12,,192,20230223
00444329,위메이드,"Wemade Co., Ltd.",112040,코스닥,소프트웨어 개발 및 공급업,2009-12-18,12,,475,20260304
00366517,KC산업,"KC INDUSTRY CO.,LTD.",112190,코넥스,토목 건설업,2016-05-31,12,,,20260504
00619507,와이씨켐,"YCCHEM CO., LTD.",112290,코스닥,기타 화학제품 제조업,2022-07-14,12,,,20230417
00670340,씨에스윈드,CS Wind Corporation,112610,유가,"구조용 금속제품, 탱크 및 증기발생기 제조업",2014-11-27,12,,237,20241028
00576789,디젠스,"Dgenx Co., Ltd.",113810,코스닥,자동차 신품 부품 제조업,2012-11-22,12,,,20221212
00557508,GKL,"Grand Korea Leisure Co.,Ltd",114090,유가,유원지 및 기타 오락관련 서비스업,2009-11-19,12,,,20241203
00100601,강원에너지,"KANGWON ENERGY Co., Ltd.",114190,코스닥,기타 전기장비 제조업,2009-11-20,12,,,20260206
00532059,그린생명과학,"GREEN LIFESCIENCE CO., LTD.",114450,코스닥,기초 의약물질 제조업,2009-12-22,12,,,20240701
00663669,폴라리스우노,"POLARIS UNO, Inc.",114630,코스닥,화학섬유 제조업,2010-01-15,12,,,20250221
00625942,한솔아이원스,"Hansol IONES Co., Ltd.",114810,코스닥,특수 목적용 기계 제조업,2013-02-07,12,,521,20240527
00692254,아이패밀리에스씨,"iFamilySC Co,. Ltd.",114840,코스닥,기타 화학제품 제조업,2021-10-28,12,,,20240223
00414540,대주이엔티,"Daejoo Energy INnovation Technology Co.,Ltd",114920,코넥스,1차 철강 제조업,2013-07-01,12,,,20240401
00787057,휴맥스,"HUMAX CO., LTD.",115160,코스닥,기계장비 및 관련 물품 도매업,2009-11-16,12,,,20260504
01042650,큐리언트,"Qurient Co., Ltd.",115180,코스닥,자연과학 및 공학 연구개발업,2016-02-29,12,,394,20260305
00491415,인포바인,"INFOvine co., Ltd.",115310,코스닥,전기 통신업,2010-02-09,12,,,20260311
00664048,우리넷,"Woori-Net Co., Ltd.",115440,코스닥,통신 및 방송 장비 제조업,2010-01-27,12,,,20240201
00552859,HLB테라퓨틱스,"HLB Therapeutics Co.,Ltd.",115450,코스닥,기타 전문 도매업,2010-03-26,12,,,20260330
00681249,씨유메디칼,CU MEDICAL SYSTEMS Inc.,115480,코스닥,의료용 기기 제조업,2011-12-15,12,,,20251127
00441650,케이씨에스,Korea Computer & Systems Inc.,115500,코스닥,"컴퓨터 프로그래밍, 시스템 통합 및 관리업",2010-04-14,12,,,20221201
00660033,씨엔플러스,"CNPLUS Co., Ltd.",115530,코스닥,전자부품 제조업,2011-11-02,12,,,20260306
00405959,스타플렉스,"STARFLEX CO., LTD",115570,코스닥,플라스틱제품 제조업,2010-01-27,12,,,20250204
00694942,이미지스,"IMAGIS Co., Ltd.",115610,코스닥,반도체 제조업,2010-02-26,12,,,20260803
00442631,태양기계,"Sun Machinery Co.,LTD",116100,코넥스,자동차 신품 부품 제조업,2013-07-01,12,,,20260310
00787376,대성에너지,"DAESUNG ENERGY CO.,LTD",117580,유가,연료용 가스 제조 및 배관공급업,2010-12-24,12,,,20260306
00605124,알파칩스,"Alphachips, Inc.",117670,코스닥,반도체 제조업,2010-09-17,12,,,20250904
00867098,티로보틱스,"T-Robotics co., Ltd.",117730,코스닥,특수 목적용 기계 제조업,2018-11-29,12,,567,20220221
00791209,메타케어,"METACARE Co., Ltd.",118000,유가,기계장비 및 관련 물품 도매업,2009-12-30,12,,,20260310
00876908,모트렉스,"MOTREX CO., LTD",118990,코스닥,자동차 신품 부품 제조업,2017-08-04,12,,,20251212
00188797,포메탈,"FORMETAL CO., LTD",119500,코스닥,기타 금속 가공제품 제조업,2010-09-17,12,,,20221228
00604426,인터로조,INTEROJO CO. LTD.,119610,코스닥,의료용 기기 제조업,2010-07-28,12,,,20230222
00797364,KC코트렐,"KC Cottrell Co., Ltd.",119650,유가,일반 목적용 기계 제조업,2010-01-29,12,,,20241022
00626011,아이텍,"ITEK, Inc.",119830,코스닥,"그외 기타 전문, 과학 및 기술 서비스업",2010-10-26,12,,,20221207
00626464,지엔씨에너지,"GnCenergy Co., Ltd.",119850,코스닥,"전동기, 발전기 및 전기 변환 · 공급 · 제어 장치 제조업",2013-10-02,12,,403,20260304
00796994,조선선재,"CHOSUN WELDING POHANG Co., Ltd",120030,유가,기타 금속 가공제품 제조업,2010-02-19,12,,,20230727
00795135,코오롱인더,"KOLON INDUSTRIES, INC.",120110,유가,화학섬유 제조업,2010-02-01,12,,301,20260401
00250997,대정화금,"Daejung Chemicals & Metals Co., Ltd",120240,코스닥,기초 화학물질 제조업,2010-12-20,12,,,20221206
00445869,유니포인트,UNIPOINT Corp.,121060,코넥스,"컴퓨터 프로그래밍, 시스템 통합 및 관리업",2014-10-24,12,,,20260306
00674498,골프존홀딩스,"GOLFZON HOLDINGS Co., Ltd.",121440,코스닥,상품 중개업,2011-05-20,12,,577,20260403
00439965,나노신소재,"Advanced Nano Products Co., Ltd.",121600,코스닥,기타 화학제품 제조업,2011-02-09,12,,436,20221121
00693651,비덴트,"Vidente Co., Ltd.",121800,코스닥,통신 및 방송 장비 제조업,2011-12-01,12,,,20260701
00604815,에스디시스템,"SD system  Co., Ltd",121890,코스닥,전자부품 제조업,2010-07-16,12,,,20221201
00799539,제노레이,"GENORAY Co., LTD.",122310,코스닥,의료용 기기 제조업,2018-05-28,12,,,20260930
00799177,삼기,SAMKEE CORP.,122350,코스닥,자동차 신품 부품 제조업,2010-03-19,12,,,20260327
00657987,KX,"KX Innovation Co., Ltd.",122450,코스닥,텔레비전 방송업,2011-05-25,12,,,20250331
00530556,예스티,"YEST Co.,Ltd.",122640,코스닥,특수 목적용 기계 제조업,2015-12-16,12,,433,20221205
00800145,서진오토모티브,"Seojin Automotive Co.,Ltd.",122690,코스닥,자동차 신품 부품 제조업,2010-05-25,12,,,20221110
00337296,원포유,"ONE4U CO.,LTD",122830,코넥스,소프트웨어 개발 및 공급업,2020-10-23,12,,,20240523
00613318,와이지엔터테인먼트,YG Entertainment Inc.,122870,코스닥,오디오물 출판 및 원판 녹음업,2011-11-23,12,,426,20240401
00360142,아이마켓코리아,iMarketKorea Inc.,122900,유가,상품 종합 도매업,2010-07-30,12,,,20250514
00759294,와이솔,"WiSoL Co.,LTD.",122990,코스닥,전자부품 제조업,2010-09-10,12,,,20230216
00615723,MSDI,"MSDI Co.,Ltd",123010,코스닥,전자부품 제조업,2016-07-20,12,알엔티엑스,,20260824
00259545,엠에스오토텍,"MS AUTOTECH COMPANY, LIMITED",123040,코스닥,자동차 신품 부품 제조업,2010-08-06,12,,,20250110
00624998,제닉,"Genic Co.,Ltd",123330,코스닥,기타 화학제품 제조업,2011-08-03,12,,,20260306
00803425,코리아에프티,KOREA FUEL-TECH CORPORATION,123410,코스닥,자동차 신품 부품 제조업,2010-08-27,12,,,20260916
00815767,위메이드플레이,"Wemade Play Co., Ltd.",123420,코스닥,소프트웨어 개발 및 공급업,2010-11-10,12,,,20260303
00616290,이엠넷,EMNET INC.,123570,코스닥,광고업,2011-11-25,12,,,20260309
00823429,한국화장품,"HANKOOK COSMETICS CO.,LTD.",123690,유가,생활용품 도매업,2010-06-01,12,,,20221130
00815369,에스제이엠,"SJM CO.,LTD",123700,유가,자동차 신품 부품 제조업,2010-05-31,12,,,20251212
00821607,알톤,"Alton Co.,Ltd.",123750,코스닥,그외 기타 운송장비 제조업,2010-07-02,12,,,20250408
00809429,뉴온,"NUON CO., LTD.",123840,코스닥,기타 식품 제조업,2010-10-05,12,,,20260508
00761952,아나패스,"Anapass, Inc.",123860,코스닥,반도체 제조업,2010-11-05,12,,,20221207
00404701,한국자산신탁,"KOREA ASSET IN TRUST Co., Ltd",123890,유가,신탁업 및 집합투자업,2016-07-13,12,,,20260330
00620868,아이티센글로벌,"ITCENGLOBAL CO.,LTD.",124500,코스닥,"컴퓨터 프로그래밍, 시스템 통합 및 관리업",2014-12-23,12,,445,20250904
00562245,태웅로직스,"Taewoong Logistics Co., Ltd.",124560,코스닥,기타 운송관련 서비스업,2019-12-10,12,,,20250402
00381756,티씨머티리얼즈,"TC Materials Co., Ltd.",125020,코스닥,절연선 및 케이블 제조업,2025-05-15,12,,,20250729
00611912,아모그린텍,"AMOGREENTECH Co., Ltd.",125210,코스닥,전자부품 제조업,2019-03-29,12,,,20240228
00683061,한라캐스트,"HALLACAST Co.,Ltd",125490,코스닥,자동차 신품 부품 제조업,2025-08-20,12,,496,20250820
00563518,비나텍,"VINA TECH CO.,LTD",126340,코스닥,일차전지 및 이차전지 제조업,2020-09-23,12,,448,20230220
00403632,현대퓨처넷,"Hyundai Futurenet Co., Ltd",126560,유가,전기 통신업,2010-12-23,12,,,20240206
00599595,BGF에코머티리얼즈,"BGFecomaterials CO., LTD.",126600,코스닥,합성고무 및 플라스틱 물질 제조업,2010-11-12,12,,,20231213
00825223,화신정공,"HWASHIN PRECISION CO., LTD.",126640,코스닥,자동차 신품 부품 제조업,2010-08-31,12,,,20240425
00825959,하이비젼시스템,HyVISION SYSTEM.INC,126700,코스닥,사진장비 및 광학기기 제조업,2010-09-10,12,,,20240701
00193328,수산인더스트리,"SOOSAN INDUSTRIES CO., LTD.",126720,유가,전기 및 통신 공사업,2022-08-01,12,,,20260504
00446901,코칩,KORCHIP CORPORATION,126730,코스닥,전자부품 제조업,2024-05-07,12,,,20240507
00442154,제이엔케이글로벌,"JNK Global Co., Ltd.",126880,코스닥,일반 목적용 기계 제조업,2011-01-31,12,,,20250224
00642541,제이에스링크,"JS Link, Inc.",127120,코스닥,자연과학 및 공학 연구개발업,2011-12-26,12,,383,20260910
00665676,아시아경제,"The Asia Business Daily Co., Ltd.",127710,코스닥,"자료처리, 호스팅, 포털 및 기타 인터넷 정보매개 서비스업",2015-07-31,12,,,20250401
00527002,화인써키트,"Finecircuit CO.,LTD.",127980,코스닥,전자부품 제조업,2023-02-17,12,,,20250421
00870481,에코캡,"ECOCAB CO., LTD.",128540,코스닥,자동차 신품 부품 제조업,2018-12-05,12,,,20240401
00829380,피제이메탈,"PJ METAL CO., LTD",128660,코스닥,1차 비철금속 제조업,2010-12-13,12,,,20260702
00828789,대성산업,"DAESUNG INDUSTRIAL CO., LTD.",128820,유가,연료 소매업,2010-07-30,12,,,20231020
00828497,한미약품,"Hanmi Pharm. Co., Ltd.",128940,유가,의약품 제조업,2010-07-30,12,,108,20260908
00151368,인터지스,"INTERGIS CO., LTD",129260,유가,도로 화물 운송업,2011-12-16,12,,,20260114
01207716,앱코,"ABKO CO., LTD.",129890,코스닥,컴퓨터 및 주변장치 제조업,2020-12-02,12,,,20251128
00577335,대성하이텍,"Daesung Hi-Tech Co., Ltd.",129920,코스닥,특수 목적용 기계 제조업,2022-08-22,12,,,20221208
00491938,GH신소재,GH Advanced Materials Inc.,130500,코스닥,기타 섬유제품 제조업,2013-08-02,12,,,20260331
00606293,나이스디앤비,"NICE D&B CO., LTD.",130580,코스닥,기타 사업지원 서비스업,2011-12-22,12,,,20240930
00194947,한전산업,"Korea Electronic Power Industrial Development Co., Ltd",130660,유가,"건축기술, 엔지니어링 및 관련 기술 서비스업",2010-12-16,12,,,20260319
00578538,티피씨글로벌,"TPC CO., LTD",130740,코스닥,자동차 신품 부품 제조업,2011-02-08,12,,,20240227
00831428,옵투스제약,"OPTUS Pharmaceutical Co., Ltd.",131030,코스닥,의약품 제조업,2010-12-03,12,,,20260604
00402110,시큐브,"SECUVE Co., Ltd.",131090,코스닥,소프트웨어 개발 및 공급업,2011-12-21,12,,,20251010
00814786,티엔엔터테인먼트,"TN entertainment Co., Ltd.",131100,코스닥,"영화, 비디오물, 방송프로그램 제작 및 배급업",2011-06-14,12,,,20260805
00629212,딜리,"DILLI ILLUSTRATE INC.,",131180,코스닥,컴퓨터 및 주변장치 제조업,2011-01-31,12,,,20250219
00608316,대한과학,"DAIHAN SCIENTIFIC CO., Ltd",131220,코스닥,기계장비 및 관련 물품 도매업,2011-10-11,12,,,20260224
00372226,티에스이,"TSE CO.,Ltd",131290,코스닥,"측정, 시험, 항해, 제어 및 기타 정밀기기 제조업; 광학기기 제외",2011-01-05,12,,179,20250331
00838962,알서포트,"RSUPPORT Co., Ltd.",131370,코스닥,소프트웨어 개발 및 공급업,2011-01-05,12,,,20240524
00533924,이브이첨단소재,"EV ADVANCED MATERIAL CO., LTD.",131400,코스닥,전자부품 제조업,2010-12-27,12,,,20260324
00820352,파인텍,"FINETEK CO., LTD.",131760,코스닥,특수 목적용 기계 제조업,2015-08-17,12,,,20260206
00563545,두산테스나,DOOSAN TESNA Inc.,131970,코스닥,"그외 기타 전문, 과학 및 기술 서비스업",2013-10-22,12,,257,20260401
00807555,메가엠디,"MegaMD Co., Ltd.",133750,코스닥,일반 교습 학원,2015-12-18,12,,,20260304
00661847,화인베스틸,"FINEBESTEEL CO., LTD",133820,유가,1차 철강 제조업,2014-07-22,12,,,20250401
00788737,이퓨쳐,"e-future.Co.,Ltd.",134060,코스닥,"서적, 잡지 및 기타 인쇄물 출판업",2011-04-27,12,,,20260130
00855163,미원화학,"MIWON CHEMICALS CO., LTD.",134380,유가,기타 화학제품 제조업,2011-02-15,12,,,20230322
00608699,탑코미디어,"Topco Media Co.,Ltd.",134580,코스닥,"자료처리, 호스팅, 포털 및 기타 인터넷 정보매개 서비스업",2013-11-26,12,,,20260311
00852087,시디즈,"Sidiz, Inc.",134790,유가,가구 제조업,2011-01-25,12,,,20250331
00488244,원일티엔아이,"WONILTNI CO., LTD.",136150,코스닥,일반 목적용 기계 제조업,2025-05-09,12,,,20260401
00922304,아셈스,ASSEMS INC.,136410,코스닥,플라스틱제품 제조업,2022-02-07,12,,,20230223
00857727,하림,"HARIM Co., Ltd.",136480,코스닥,"도축, 육류 가공 및 저장 처리업",2011-05-02,12,,,20221213
00855093,선진,"SUNJIN CO., LTD.",136490,유가,동물용 사료 및 조제식품 제조업,2011-02-16,12,,,20240701
00868705,윈스테크넷,"WINS Technet Co., Ltd",136540,코스닥,"컴퓨터 프로그래밍, 시스템 통합 및 관리업",2011-05-02,12,,,20250416
00816696,큐엠씨,"QMC Co., Ltd.",136660,코넥스,특수 목적용 기계 제조업,2014-07-01,12,,,20260316
00362122,나래나노텍,NARAE NANOTECH CORPORATION,137080,코스닥,특수 목적용 기계 제조업,2022-02-08,12,,,20251103
00854997,에스디바이오센서,SD BIOSENSOR  INC.,137310,유가,의료용 기기 제조업,2021-07-16,12,,,20250327
00612294,피엔티,"PEOPLE & TECHNOLOGY, INC.",137400,코스닥,특수 목적용 기계 제조업,2012-07-06,12,,420,20230223
00614593,넥스트아이,"NextEye Co., Ltd.",137940,코스닥,"측정, 시험, 항해, 제어 및 기타 정밀기기 제조업; 광학기기 제외",2011-06-14,12,,,20240111
00664853,제이씨케미칼,"JC Chemical Corporation, LTD.",137950,코스닥,기타 화학제품 제조업,2011-08-08,12,,,20260327
00860332,메리츠금융지주,MERITZ FINANCIAL GROUP INC.,138040,유가,기타 금융업,2011-05-13,12,,37,20230105
00577380,신진에스엠,"SINJIN SM CO.,LTD.",138070,코스닥,기타 금속 가공제품 제조업,2011-11-28,12,,,20241210
00571483,오이솔루션,"OE Solutions Co., Ltd.",138080,코스닥,통신 및 방송 장비 제조업,2014-02-27,12,,533,20251022
00808068,앤로보틱스,"NRobotics Co., Ltd.",138360,코스닥,특수 목적용 기계 제조업,2013-11-08,12,,,20260303
00767628,나이벡,"NIBEC CO., LTD.",138610,코스닥,의료용품 및 기타 의약 관련제품 제조업,2011-07-13,12,,,20240701
00858364,BNK금융지주,BNK Financial Group Inc.,138930,유가,기타 금융업,2011-03-30,12,,130,20230320
00878915,iM금융지주,"iM Financial Group Co., Ltd.",139130,유가,기타 금융업,2011-06-07,12,,193,20250415
00872984,이마트,E-MART Inc.,139480,유가,종합 소매업,2011-06-10,12,,269,20240329
00535375,키네마스터,KineMaster Corporation,139670,코스닥,소프트웨어 개발 및 공급업,2011-12-02,12,,,20260326
00486705,아주스틸,"AJUSTEEL CO.,LTD.",139990,유가,1차 철강 제조업,2021-08-20,12,,,20250109
00599285,서플러스글로벌,"SurplusGLOBAL,Inc.",140070,코스닥,기계장비 및 관련 물품 도매업,2017-01-25,12,,,20230223
00808022,메지온,"Mezzion Pharma Co., Ltd.",140410,코스닥,자연과학 및 공학 연구개발업,2012-01-20,12,,260,20221227
01116265,카티스,CATIS INC.,140430,코스닥,"컴퓨터 프로그래밍, 시스템 통합 및 관리업",2024-05-03,12,,,20260528
00112721,대창스틸,"DaeChang Steel CO., LTD.",140520,코스닥,1차 철강 제조업,2014-12-05,12,,,20221201
01018802,엔솔바이오사이언스,Ensol Biosciences Inc.,140610,코넥스,자연과학 및 공학 연구개발업,2018-09-10,12,,,20221201
00663289,위월드,"WIWORLD Co.,Ltd",140660,코넥스,통신 및 방송 장비 제조업,2013-12-26,12,,,20220225
00858124,알에스오토메이션,"RS AUTOMATION CO.,LTD.",140670,코스닥,전자부품 제조업,2017-08-11,12,,,20230216
00244747,파크시스템스,Park Systems Corp.,140860,코스닥,"측정, 시험, 항해, 제어 및 기타 정밀기기 제조업; 광학기기 제외",2015-12-17,12,,259,20260407
00610083,비아트론,"Viatron Technologies, Inc.",141000,코스닥,특수 목적용 기계 제조업,2012-05-04,12,,,20260312
00842619,리가켐바이오,LigaChem Biosciences Inc.,141080,코스닥,자연과학 및 공학 연구개발업,2013-05-10,12,,187,20260504
00879020,유니트론텍,"Unitrontech Co., Ltd.",142210,코스닥,자동차 부품 및 내장품 판매업,2016-02-02,12,,,20230220
00513948,녹십자엠에스,GC Medical Science Corporation,142280,코스닥,의료용품 및 기타 의약 관련제품 제조업,2014-12-17,12,,,20260511
00587925,모아라이프플러스,MOA Life Plus Co. Ltd.,142760,코스닥,자연과학 및 공학 연구개발업,2016-07-07,12,,,20240417
00883980,아이디스,"INTELLIGENT DIGITAL INTEGRATED SECURITY CO., LTD.",143160,코스닥,통신 및 방송 장비 제조업,2011-09-26,12,,,20221129
00119140,핸즈코퍼레이션,HANDS CORPORATION LTD.,143210,유가,자동차 신품 부품 제조업,2016-12-02,12,,,20260401
00857480,사람인,"Saramin Co., Ltd.",143240,코스닥,"자료처리, 호스팅, 포털 및 기타 인터넷 정보매개 서비스업",2012-02-21,12,,,20250304
00569646,영우디에스피,"YoungWoo DSP Co.,Ltd.",143540,코스닥,특수 목적용 기계 제조업,2014-10-29,12,,,20230220
01010642,지씨셀,GC CELL CORPORATION,144510,코스닥,"그외 기타 전문, 과학 및 기술 서비스업",2016-06-23,12,,,20250326
00521390,뉴파워프라즈마,"New Power Plasma Co.,Ltd",144960,코스닥,특수 목적용 기계 제조업,2016-11-30,12,,460,20241126
00888347,휴젤,"Hugel, Inc.",145020,코스닥,기초 의약물질 제조업,2015-12-24,12,,246,20250917
00305941,노브랜드,Nobland International Inc.,145170,코스닥,편조의복 제조업,2024-05-23,12,,,20260323
00453488,다이나믹디자인,"Dynamic Design Co., LTD.",145210,유가,특수 목적용 기계 제조업,2015-03-19,12,,,20250822
00861076,케이탑리츠,"K-TOP REITS CO.,LTD.",145270,유가,부동산 임대 및 공급업,2012-01-31,12,,,20230330
00526599,덴티움,DENTIUM,145720,유가,의료용 기기 제조업,2017-03-15,12,,,20240715
00896285,삼양사,Samyang Corporation,145990,유가,기타 식품 제조업,2011-12-05,12,,,20260327
00495633,율촌,"YulChon co., Ltd",146060,코스닥,1차 철강 제조업,2023-09-08,12,,,20260616
01301623,비씨엔씨,"BCnC Co., Ltd.",146320,코스닥,반도체 제조업,2022-03-03,12,,,20220429
00654175,피엠티,Protec Mems Technology Inc.,147760,코스닥,"측정, 시험, 항해, 제어 및 기타 정밀기기 제조업; 광학기기 제외",2016-12-12,12,,,20260401
00899556,제룡산업,"CHERYONG INDUSTRIAL CO.,LTD.",147830,코스닥,"구조용 금속제품, 탱크 및 증기발생기 제조업",2012-02-13,12,,,20240709
00913689,세경하이테크,"Se Gyung Hi Tech Co., Ltd.",148150,코스닥,전자부품 제조업,2019-07-30,12,,,20230703
00915508,알엔투테크놀로지,"RN2 Technologies Co., Ltd.",148250,코스닥,전자부품 제조업,2016-06-22,12,,,20260702
00980043,비큐AI,BECU AI Inc.,148780,코스닥,소프트웨어 개발 및 공급업,2022-06-20,12,,,20250818
00885906,에이치와이티씨,"HYTC CO., LTD",148930,코스닥,기타 금속 가공제품 제조업,2022-08-09,12,,,20250701
00861100,아이케이세미콘,"IK Semicon Co., Ltd.",149010,코넥스,반도체 제조업,2014-11-14,12,,,20220826
00442048,아바텍,"AVATEC CO.,LTD.",149950,코스닥,전자부품 제조업,2012-11-06,12,,,20220225
00977641,하이로닉,"Hironic Co.,Ltd",149980,코스닥,의료용 기기 제조업,2014-12-17,12,,,20260311
00638487,파수AI,"FASOO AI Co.,Ltd.",150900,코스닥,소프트웨어 개발 및 공급업,2013-10-18,12,,,20260508
00366137,KG에코솔루션,"KG Eco Solution Co., Ltd.",151860,코스닥,자동차 차체나 트레일러 제조업,2013-07-24,12,,,20260327
00842585,네이블,Nable Inc.,153460,코스닥,소프트웨어 개발 및 공급업,2012-07-19,12,,,20240415
00815095,우리이앤엘하루틴,"WOOREE E&L Haroutine Co.,LTD.",153490,코스닥,반도체 제조업,2013-02-05,12,,,20260424
00971726,옵티팜,"Optipharm.CO.,LTD",153710,코스닥,의료용품 및 기타 의약 관련제품 제조업,2018-10-26,12,,,20240701
00577593,져스텍,"Justek, Inc.",153890,코스닥,"전동기, 발전기 및 전기 변환 · 공급 · 제어 장치 제조업",2026-06-29,12,,,20260629
00867478,아시아종묘,"ASIA SEED Co.,Ltd.",154030,코스닥,작물 재배업,2018-02-12,12,,,20251231
00624518,다산솔루에타,"Dasan Solueta Co.,Ltd.",154040,코스닥,전자부품 제조업,2013-12-27,12,,,20260309
00870861,와이엠씨,"YMC Co., Ltd.",155650,코스닥,전자부품 제조업,2012-11-15,12,,,20230215
00110608,DSR,DSR CORP,155660,유가,1차 비철금속 제조업,2013-05-15,12,,,20230223
00918222,엘앤케이바이오,"L&K BIOMED CO., LTD.",156100,코스닥,의료용 기기 제조업,2016-11-30,12,,,20240812
00595182,아톤,ATON Inc.,158430,코스닥,소프트웨어 개발 및 공급업,2019-10-17,12,,,20260904
00561732,아스플로,"ASFLOW CO.,LTD.",159010,코스닥,일반 목적용 기계 제조업,2021-10-07,12,,522,20220603
00563837,제로투세븐,Zero to Seven Inc,159580,코스닥,생활용품 도매업,2013-02-19,12,,,20251217
00896753,에코글로우,"EcoGlow Co., Ltd.",159910,코스닥,기타 화학제품 제조업,2012-12-27,12,,,20250926
00650771,하이젠알앤엠,"HIGEN RNM CO., LTD",160190,코스닥,"전동기, 발전기 및 전기 변환 · 공급 · 제어 장치 제조업",2024-06-27,12,,399,20250224
00974927,NEW,"Next Entertainment World Co., Ltd.",160550,코스닥,"영화, 비디오물, 방송프로그램 제작 및 배급업",2014-12-23,12,,,20221130
00659161,싸이맥스,CYMECHS Inc.,160980,코스닥,특수 목적용 기계 제조업,2015-06-17,12,,591,20250909
00936787,애경케미칼,"AEKYUNG CHEMICAL CO., LTD",161000,유가,기초 화학물질 제조업,2012-09-17,12,,,20260818
00937324,한국타이어앤테크놀로지,"HANKOOK TIRE & TECHNOLOGY CO.,LTD",161390,유가,고무제품 제조업,2012-10-04,12,,94,20250327
00938721,필옵틱스,"PHILOPTICS CO., LTD.",161580,코스닥,특수 목적용 기계 제조업,2017-06-01,12,,391,20260309
00939331,한국콜마,"KOLMAR KOREA CO.,LTD",161890,유가,기타 화학제품 제조업,2012-10-19,12,,178,20221220
00886792,루켄테크놀러지스,"LUKEN Technologies Co., Ltd.",162120,코넥스,기타 전기장비 제조업,2017-07-25,12,,,20240227
00958664,신스틸,"SHIN STEEL CO.,LTD.",162300,코스닥,1차 철강 제조업,2022-12-23,12,,,20240522
01663116,에어레인,"Airrane Co., Ltd.",163280,코스닥,일반 목적용 기계 제조업,2024-11-08,12,,,20241108
00939687,동일고무벨트,"DRB Industrial Co.,Ltd",163560,유가,고무제품 제조업,2012-10-19,12,,,20250321
01142075,핑거,Finger Inc.,163730,코스닥,소프트웨어 개발 및 공급업,2021-01-29,12,,,20230220
00660750,하나머티리얼즈,Hana Materials Inc.,166090,코스닥,반도체 제조업,2017-04-28,12,,366,20240326
00989664,코아스템켐온,CORESTEMCHEMON Inc.,166480,코스닥,의약품 제조업,2015-06-26,12,,,20260303
00923792,내츄럴엔도텍,"Naturalendo Tech Co., Ltd",168330,코스닥,자연과학 및 공학 연구개발업,2013-10-31,12,,,20260316
00957373,펨트론,PEMTRON Corporation,168360,코스닥,특수 목적용 기계 제조업,2022-11-24,12,,560,20240226
00877174,엠브레인,"Macromill Embrain Co., Ltd.",169330,코스닥,시장조사 및 여론조사업,2020-07-01,6,,,20240614
00610861,코스텍시스템,"Kostek Systems, Inc.",169670,코넥스,특수 목적용 기계 제조업,2022-01-21,12,,,20260721
00164502,현대공업,"HYUNDAI INDUSTRIAL CO.,LTD",170030,코스닥,자동차 신품 부품 제조업,2013-12-04,12,,,20230418
00492353,파이오링크,"Piolink, Inc.",170790,코스닥,통신 및 방송 장비 제조업,2013-08-01,12,,,20250218
00956930,동아에스티,"DONG-A ST CO.,LTD",170900,유가,의약품 제조업,2013-04-08,12,,,20240809
00866062,엘티씨,"LTC CO.,LTD.",170920,코스닥,기초 화학물질 제조업,2013-10-08,12,,508,20221125
00654272,램테크놀러지,"RAM TECHNOLOGY CO., LTD.",171010,코스닥,기초 화학물질 제조업,2013-11-18,12,,,20221209
00327819,선익시스템,"SUNIC SYSTEM Co., Ltd.",171090,코스닥,특수 목적용 기계 제조업,2017-09-20,12,,419,20230215
00317104,라이온켐텍,"LION CHEMTECH CO., Ltd.",171120,코스닥,기타 화학제품 제조업,2013-11-19,12,,,20250331
00493325,에이엘티,"ALT Co.,Ltd.",172670,코스닥,반도체 제조업,2023-07-27,12,,,20260323
00867849,오파스넷,"OPASNET co., Ltd.",173130,코스닥,"컴퓨터 프로그래밍, 시스템 통합 및 관리업",2018-08-24,12,,,20260303
00925295,에프엔씨엔터,"FNC ENTERTAINMENT Co., Ltd.",173940,코스닥,창작 및 예술관련 서비스업,2014-12-04,12,,,20221205
00991191,앱클론,AbClon Inc.,174900,코스닥,의료용품 및 기타 의약 관련제품 제조업,2017-09-18,12,,464,20220407
00861997,아고스,"AGOS Co., Ltd.",175140,코스닥,통신 및 방송 장비 제조업,2015-09-23,12,휴먼테크놀로지,,20260901
00554352,아이큐어,Icure Pharmaceutical Incorporation,175250,코스닥,기타 화학제품 제조업,2018-07-12,12,,,20260504
00980122,JB금융지주,"JB FINANCIAL GROUP CO.,LTD",175330,유가,기타 금융업,2013-07-18,12,,124,20260902
00666329,코나솔,"KONASOL CO.,LTD",176590,코넥스,기타 금속 가공제품 제조업,2022-06-15,12,,,20250502
00867034,듀켐바이오,"DuChemBio Co, LTD",176750,코스닥,의약품 제조업,2024-12-20,12,,,20260909
00813389,베셀,"Vessel Co., Ltd.",177350,코스닥,플라스틱제품 제조업,2015-06-19,12,,,20260504
00429694,파버나인,"PAVONINE CO., LTD.",177830,코스닥,전자부품 제조업,2014-08-04,12,,,20221202
00870065,쓰리에이로직스,3ALogics. Inc.,177900,코스닥,반도체 제조업,2024-12-24,12,,,20260611
00838005,서진시스템,"SEOJIN SYSTEM CO.,LTD",178320,코스닥,기타 전기장비 제조업,2017-03-27,12,,214,20260324
00910202,대동고려삼,"DAEDONG KOREA GINSENG CO.,LTD.",178600,코넥스,기타 식품 제조업,2013-12-20,6,,,20240902
00923826,일월지엠엘,"ILWOUL GML Co.,Ltd",178780,코스닥,상품 종합 도매업,2015-06-30,12,,,20260309
00767460,PI첨단소재,"PI Advanced Materials Co., Ltd.",178920,유가,플라스틱제품 제조업,2021-08-09,12,,,20230324
00531829,엠아이텍,"MITECH CO.,LTD.",179290,코스닥,의료용 기기 제조업,2018-11-29,12,,,20251229
01022902,애드바이오텍,"ADBIOTECH Co.,Ltd.",179530,코스닥,의약품 제조업,2022-01-24,12,,,20260821
00978075,머니무브,"MoneyMove Co., Ltd.",179720,코넥스,기타 금융업,2013-07-01,12,,,20240415
00961774,유티아이,UTI INC.,179900,코스닥,전자부품 제조업,2017-09-27,12,,,20260909
00874937,탑선,"Topsun co.,Ltd",180060,코넥스,기타 전기장비 제조업,2017-10-27,12,,,20260227
00995993,DXVX,"Dx & Vx Co., Ltd.",180400,코스닥,기타 과학기술 서비스업,2015-11-20,12,,,20260918
00983040,한진칼,HANJINKAL,180640,유가,기타 금융업,2013-09-16,12,,88,20240502
00983271,NHN,NHN Corporation,181710,유가,소프트웨어 개발 및 공급업,2013-08-29,12,,280,20260303
00985686,큐브엔터,"CUBE ENTERTAINMENT, INC.",182360,코스닥,오디오물 출판 및 원판 녹음업,2013-11-21,12,,,20260701
00977650,엔케이젠바이오텍코리아,"NKGen Biotech Korea Co., Ltd.",182400,코스닥,기초 의약물질 제조업,2015-10-23,12,,,20260316
00990165,아세아시멘트,"ASIA CEMENT CO.,LTD.",183190,유가,"시멘트, 석회, 플라스터 및 그 제품 제조업",2013-11-06,12,,,20221209
00997812,코미코,KoMiCo Ltd.,183300,코스닥,특수 목적용 기계 제조업,2017-03-23,12,,291,20230215
00606886,엔지켐생명과학,ENZYCHEM LIFESCIENCES CORPORATION,183490,코스닥,기초 의약물질 제조업,2018-02-21,12,,,20260323
00988364,SGA솔루션즈,"SGA Solutions Co.,Ltd.",184230,코스닥,소프트웨어 개발 및 공급업,2013-12-20,12,,,20240801
00830447,수프로,"Suppro Co.,Ltd",185190,코넥스,산업용 농·축산물 및 동·식물 도매업,2013-10-29,3,,,20220513
00945457,아이진,"EyeGene,Inc",185490,코스닥,자연과학 및 공학 연구개발업,2015-11-16,12,,,20240408
00992871,종근당,Chong Kun Dang Pharmaceutical Corp.,185750,유가,의약품 제조업,2013-12-06,12,,,20240701
00602279,그린플러스,"GREEN PLUS Co., Ltd.",186230,코스닥,1차 비철금속 제조업,2019-08-07,12,,,20230328
00675594,디티앤씨,"Dt&C Co., Ltd.",187220,코스닥,기타 과학기술 서비스업,2014-12-17,12,,,20250331
00925189,신화콘텍,"Shin Hwa Contech Co.,Ltd.",187270,코스닥,"전동기, 발전기 및 전기 변환 · 공급 · 제어 장치 제조업",2014-08-08,12,,,20221202
00983916,HLB제넥스,"HLB Genex, Inc.",187420,코스닥,기초 의약물질 제조업,2015-05-29,12,,,20241230
01409022,페니트리움바이오,Penetrium Bioscience Inc.,187660,코스닥,자연과학 및 공학 연구개발업,2021-06-03,12,,514,20260325
00994994,나노,"NANO. Co., Ltd.",187790,코스닥,기초 화학물질 제조업,2014-05-08,12,,,20221128
00624509,디바이스,"DEVICE CO.,Ltd",187870,코스닥,특수 목적용 기계 제조업,2017-12-20,12,,,20250425
01157846,바이오포트,"BIO PORT KOREA, INC.",188040,코스닥,기타 식품 제조업,2025-05-16,12,,,20260417
01305869,세니젠,"SANIGEN Co., Ltd.",188260,코스닥,그외 기타 제품 제조업,2023-11-03,12,,,20231103
00664181,인텔리안테크,INTELLIAN TECHNOLOGIES Inc.,189300,코스닥,통신 및 방송 장비 제조업,2016-10-18,12,,415,20220225
00991298,씨이랩,"XIIlab Co., Ltd",189330,코스닥,소프트웨어 개발 및 공급업,2021-02-24,12,,,20250327
00965062,코셋,Coset Inc.,189350,코넥스,통신 및 방송 장비 제조업,2013-12-24,12,,,20260325
00939942,포시에스,"FORCS Co., Ltd.",189690,코스닥,소프트웨어 개발 및 공급업,2015-02-11,6,,,20260812
00869272,서전기전,"SEOJEON ELECTRIC MACHINERY Co.,Ltd.",189860,코스닥,"전동기, 발전기 및 전기 변환 · 공급 · 제어 장치 제조업",2014-12-24,12,,,20260306
00916516,흥국에프엔비,"HYUNGKUK F&B Co.,Ltd",189980,코스닥,비알코올음료 및 얼음 제조업,2015-08-07,12,,,20260401
00819374,나무가,"Namuga Co.,Ltd",190510,코스닥,전자부품 제조업,2015-11-12,12,,,20240723
00304915,코리아에셋투자증권,"KOREA ASSET INVESTMENT SECURITIES CO.,LTD.",190650,코스닥,금융 지원 서비스업,2019-11-20,3,,,20260701
00843900,육일씨엔에쓰,"RYUK-IL C&S., Ltd.",191410,코스닥,전자부품 제조업,2015-12-24,12,,,20261002
00926522,테고사이언스,"Tego Science, Inc.",191420,코스닥,기초 의약물질 제조업,2014-11-06,12,,,20240701
00611286,블루탑,"BLUETOP CO.,LTD.",191600,코넥스,전자부품 제조업,2016-08-05,12,,,20230217
01010110,더블유게임즈,"DoubleUGames Co., Ltd.",192080,유가,소프트웨어 개발 및 공급업,2019-03-12,12,,370,20260319
01003040,케이사인,"KSIGN CO., Ltd.",192250,코스닥,소프트웨어 개발 및 공급업,2014-04-28,12,,,20240327
00910840,윈하이텍,"WINHITECH CO., Ltd.",192390,코스닥,"구조용 금속제품, 탱크 및 증기발생기 제조업",2014-07-25,12,,,20230330
00132354,쿠쿠홀딩스,"Cuckoo Holdings Co.,Ltd",192400,유가,기타 금융업,2014-08-06,12,,,20220502
00623184,오늘이엔엠,"ONEUL E&M co.,Ltd",192410,코스닥,통신 및 방송 장비 제조업,2014-08-14,12,,,20250221
00917861,슈피겐코리아,"Spigen Korea Co., Ltd",192440,코스닥,그외 기타 제품 제조업,2014-11-05,12,,,20260303
00415646,드림텍,"DREAMTECH CO.,LTD.",192650,유가,전자부품 제조업,2019-03-14,12,,,20260804
01009789,코스맥스,"COSMAX, INC.",192820,유가,기타 화학제품 제조업,2014-04-07,12,,186,20250328
01035678,링크드,Linked Inc.,193250,코스닥,전자부품 제조업,2014-12-29,12,,,20251203
00332927,제이에스코퍼레이션,JS Corporation,194370,유가,"가죽, 가방 및 유사제품 제조업",2016-02-04,12,,,20230220
01008762,데브시스터즈,Devsisters corporation,194480,코스닥,소프트웨어 개발 및 공급업,2014-10-06,12,,,20250211
00811372,노바렉스,"NOVAREX Co., Ltd.",194700,코스닥,기타 식품 제조업,2018-11-14,12,,,20260820
00770312,마니커에프앤지,Maniker F&G,195500,코스닥,"도축, 육류 가공 및 저장 처리업",2019-08-20,12,,,20251021
01032413,해성디에스,"HAESUNG DS Co.,Ltd.",195870,유가,전자부품 제조업,2016-06-24,12,,,20250325
01012066,HK이노엔,HK inno.N Corporation,195940,코스닥,의약품 제조업,2021-08-09,12,,380,20240701
00620558,루트K,"RootK Co., Ltd.",195990,코스닥,특수 목적용 기계 제조업,2015-04-13,12,에이비프로바이오,,20260702
00989619,알테오젠,Alteogen Inc.,196170,코스닥,자연과학 및 공학 연구개발업,2014-12-12,12,,45,20251229
00808086,HLB펩,"HLB Pep Co., Ltd.",196300,코스닥,기초 의약물질 제조업,2016-12-07,12,,,20260403
01031502,코아시아씨엠,"CoAsia CM Co.,Ltd",196450,코스닥,사진장비 및 광학기기 제조업,2014-06-02,12,,,20260224
00660121,디에이테크놀로지,"DA Technology Co.,Ltd.",196490,코스닥,특수 목적용 기계 제조업,2014-11-19,12,,,20240402
00864338,웹스,"WAPS Co., Ltd.",196700,코스닥,합성고무 및 플라스틱 물질 제조업,2015-08-24,12,,,20221213
00681373,디지캡,"DigiCAP Co., Ltd.",197140,코스닥,소프트웨어 개발 및 공급업,2018-09-07,12,,,20241210
00876643,캐프,"CAP Co.,Ltd.",198080,코스닥,전자부품 제조업,2020-03-16,12,,,20260807
01032583,강동씨앤엘,"KANGDONG C&L co., Ltd",198440,코스닥,"시멘트, 석회, 플라스터 및 그 제품 제조업",2014-08-13,12,,,20260327
00156600,한주라이트메탈,"HANJOO LIGHT METAL CO., LTD.",198940,코스닥,1차 비철금속 제조업,2023-01-19,12,,,20260304
00553025,데이터스트림즈,Data Streams Corp.,199150,코넥스,소프트웨어 개발 및 공급업,2014-06-25,12,,,20230220
00669450,바이오프로테크,BIO PROTECH INC.,199290,코넥스,의료용 기기 제조업,2016-12-08,12,,,20221125
00672603,케이엔알시스템,KNR SYSTEMS Inc.,199430,코스닥,"측정, 시험, 항해, 제어 및 기타 정밀기기 제조업; 광학기기 제외",2024-03-07,12,,,20250407
01138595,뱅크웨어글로벌,"Bankware Global Co., Ltd.",199480,코스닥,소프트웨어 개발 및 공급업,2024-08-12,12,,,20240812
01161432,레이저옵텍,"Laseroptek Co., Ltd.",199550,코스닥,의료용 기기 제조업,2024-02-01,12,,,20250217
01110058,바이오인프라,"BioInfra Co.,Ltd.",199730,코스닥,자연과학 및 공학 연구개발업,2023-03-02,12,,,20230329
00547510,툴젠,ToolGen Incorporated,199800,코스닥,자연과학 및 공학 연구개발업,2021-12-10,12,,588,20250331
00148470,제일일렉트릭,"CHEIL ELECTRIC CO.,LTD.",199820,코스닥,"전동기, 발전기 및 전기 변환 · 공급 · 제어 장치 제조업",2020-11-26,12,,,20250224
01032404,콜마비앤에이치,"KolmarBNH Co., Ltd",200130,코스닥,기초 의약물질 제조업,2014-07-23,12,,,20260416
00608802,텔콘RF제약,TELCON RF PHARMACEUTICAL. Inc.,200230,코스닥,의약품 제조업,2014-11-24,12,,,20250825
00990819,아티스트스튜디오,Artist Studio Inc.,200350,코스닥,"영화, 비디오물, 방송프로그램 제작 및 배급업",2021-12-30,12,,,20250515
00667425,에이팩트,"APACT Co., Ltd.",200470,코스닥,반도체 제조업,2014-12-26,12,,513,20260316
01018617,메디쎄이,"MEDYSSEY CO.,LTD",200580,코넥스,의료용 기기 제조업,2015-10-20,12,,,20240904
00614478,휴메딕스,"Humedix Co., Ltd.",200670,코스닥,의약품 제조업,2014-12-26,12,,,20250327
00657002,에이디테크놀로지,"ADTechnology Co., Ltd.",200710,코스닥,반도체 제조업,2014-12-16,12,,535,20250402
00256043,비씨월드제약,"BCWORLDPHARM Co., Ltd.",200780,코스닥,의약품 제조업,2014-12-15,12,,,20240701
01036446,서연이화,"SEOYON E-HWA CO.,LTD.",200880,유가,자동차 신품 부품 제조업,2014-08-08,12,,,20211215
00965813,미투온,"ME2ON CO., LTD",201490,코스닥,소프트웨어 개발 및 공급업,2016-10-10,12,,,20241209
00541862,판도라티비,"PANDORA TV CO.,LTD.",202960,코넥스,소프트웨어 개발 및 공급업,2014-08-11,12,,,20250611
00977377,에이비온,ABION Inc.,203400,코스닥,자연과학 및 공학 연구개발업,2021-09-08,12,,,20260430
00408266,유니온바이오메트릭스,"UNION biometrics Co., Ltd.",203450,코스닥,통신 및 방송 장비 제조업,2016-12-07,12,,,20250425
01038693,드림시큐리티,"Dream Security Co.,Ltd.",203650,코스닥,소프트웨어 개발 및 공급업,2014-10-13,12,,599,20260330
00671978,그리티,"GRITEE, Inc.",204020,코스닥,봉제의복 제조업,2018-07-23,12,,,20230221
00447575,제이앤티씨,"JNTC CO.,LTD.",204270,코스닥,전자부품 제조업,2020-03-04,12,,365,20250401
01042775,HL만도,"HL Mando CO.,LTD",204320,유가,자동차 신품 부품 제조업,2014-10-06,12,,247,20260327
00609661,티쓰리,T3 Entertainment Inc.,204610,코스닥,소프트웨어 개발 및 공급업,2022-11-17,12,,,20230220
01042711,글로벌텍스프리,"Global Tax Free Co., Ltd.",204620,코스닥,금융 지원 서비스업,2014-11-19,12,,537,20260316
01042359,지엘팜텍,GL Pharm Tech Corp.,204840,코스닥,생활용품 도매업,2014-11-20,12,,,20260220
01042085,엑셈,"EXEM CO., LTD.",205100,코스닥,소프트웨어 개발 및 공급업,2014-11-07,12,,,20260303
01042979,휴마시스,"HUMASIS CO., LTD.",205470,코스닥,의료용품 및 기타 의약 관련제품 제조업,2014-12-01,12,,,20260401
01042429,넥써쓰,"NEXUS Co., Ltd.",205500,코스닥,소프트웨어 개발 및 공급업,2014-11-12,12,,,20260729
01043853,베노티앤알,"BENO TNR, Inc.",206400,코스닥,실내건축 및 건축마무리 공사업,2014-12-10,12,,,20260930
01021949,덱스터,"Dexter studios Co., Ltd.",206560,코스닥,"영화, 비디오물, 방송프로그램 제작 및 배급업",2015-12-22,12,,,20260428
01046708,바디텍메드,Boditech Med Inc.,206640,코스닥,의료용품 및 기타 의약 관련제품 제조업,2014-12-29,12,,,20220802
00927558,유바이오로직스,"EuBiologics Co., Ltd.",206650,코스닥,의약품 제조업,2017-01-24,12,,586,20250401
00756163,볼빅,VOLVIK INC.,206950,코넥스,운동 및 경기용구 제조업,2015-12-30,12,,,20260327
00832700,에이펙스인텍,"APEX INTEC Co.,LTD.",207490,코넥스,전구 및 조명장치 제조업,2018-11-28,12,,,20230222
01047840,미스터블루,Mr. Blue Corporation,207760,코스닥,기타 정보 서비스업,2014-12-12,12,,,20230220
00877059,삼성바이오로직스,"SAMSUNG BIOLOGICS CO.,LTD.",207940,유가,기초 의약물질 제조업,2016-11-10,12,,8,20240701
01047415,정다운,"JUNGDAWN Co., Ltd.",208140,코스닥,"도축, 육류 가공 및 저장 처리업",2014-12-17,12,,,20230518
01047169,지란지교시큐리티,"Jiransecurity Co., Ltd.",208350,코스닥,소프트웨어 개발 및 공급업,2014-12-24,12,,,20240401
01047451,셀바스헬스케어,"SELVAS Healthcare, Inc.",208370,코스닥,의료용 기기 제조업,2014-12-17,12,,,20230215
01049422,썸에이지,"Thumbage Co., Ltd.",208640,코스닥,소프트웨어 개발 및 공급업,2014-12-29,12,,,20251203
01047707,포톤,"PHOTON CO., LTD",208710,코스닥,전자부품 제조업,2014-12-24,12,,,20260311
01116344,이비테크,"EB TECH CO.,LTD.",208850,코넥스,기타 전기장비 제조업,2016-06-22,12,,,20230331
01084364,다산디엠씨,"DASAN DMC Co., Ltd.",208860,코스닥,소프트웨어 개발 및 공급업,2016-07-28,12,,,20260827
00876209,미래엔에듀파트너,"MiraeN Edupartner Co., Ltd.",208890,코넥스,교육지원 서비스업,2014-12-18,12,,,20240305
01023211,와이제이링크,"YJLINK CO.,LTD.",209640,코스닥,특수 목적용 기계 제조업,2024-10-18,12,,,20241018
00550082,캔버스엔,"CANVAS N Co.,Ltd.",210120,코스닥,"영화, 비디오물, 방송프로그램 제작 및 배급업",2023-08-17,12,,,20260518
01059605,디와이파워,DY POWER Corporation,210540,유가,특수 목적용 기계 제조업,2015-01-15,12,,,20221213
00508344,SK디앤디,"SK D&D Co.,Ltd.",210980,유가,부동산 임대 및 공급업,2015-06-23,12,,,20230224
01013694,인카금융서비스,"INCAR FINANCIAL SERVICE Co.,Ltd.",211050,코스닥,보험 및 연금관련 서비스업,2022-02-16,12,,495,20250102
00874803,AP위성,Asia Pacific Satellite lnc.,211270,코스닥,통신 및 방송 장비 제조업,2016-03-04,12,,,20250502
01085442,오건에코텍,"Organ Eco Tech Co.,Ltd.",212310,코넥스,의료용 기기 제조업,2016-07-26,12,,,20261002
00876865,네오오토,"NEOOTO CO.,LTD.",212560,코스닥,자동차 신품 부품 제조업,2015-11-18,12,,,20250702
01208751,아이에스티이,"ISTE Co.,Ltd.",212710,코스닥,반도체 제조업,2025-02-12,12,,,20250212
01061558,덕산네오룩스,"DUK SAN NEOLUX CO.,LTD",213420,코스닥,전자부품 제조업,2015-02-06,12,,428,20260327
01060744,한솔제지,"Hansol Paper Co., Ltd",213500,유가,"펄프, 종이 및 판지 제조업",2015-01-26,12,,,20260324
01061327,클래시스,CLASSYS Inc.,214150,코스닥,의료용 기기 제조업,2015-04-03,12,,265,20260721
01013311,헥토이노베이션,"Hecto Innovation Co., Ltd.",214180,코스닥,기타 정보 서비스업,2015-06-30,12,,,20260917
01058101,라파스,"Raphas Co., Ltd.",214260,코스닥,기타 화학제품 제조업,2019-11-11,12,,,20220225
01061497,FSN,"FSN Co., Ltd.",214270,코스닥,소프트웨어 개발 및 공급업,2015-03-25,12,,,20260615
00565154,이노션,INNOCEAN WORLDWIDE INC.,214320,유가,광고업,2015-07-17,12,,,20251219
00105606,금호에이치티,"Kumho HT, Inc.",214330,유가,자동차 신품 부품 제조업,2015-11-11,12,,,20221201
00549891,케어젠,"CAREGEN CO.,LTD.",214370,코스닥,기초 의약물질 제조업,2015-11-17,12,,244,20260225
00101664,경보제약,"KYONGBO PHARMACEUTICAL CO., LTD.",214390,유가,기초 의약물질 제조업,2015-06-29,12,,,20250207
00816544,토니모리,"TONYMOLY CO., LTD.",214420,유가,기타 화학제품 제조업,2015-07-10,12,,,20260401
00612489,아이쓰리시스템,i3system Inc.,214430,코스닥,전자부품 제조업,2015-07-30,12,,462,20230223
00970453,파마리서치,"PharmaResearch Co., Ltd.",214450,코스닥,의료용품 및 기타 의약 관련제품 제조업,2015-07-24,12,,183,20260330
01049167,롤링스톤,"RollingStone Co., Ltd.",214610,코스닥,의료용 기기 제조업,2020-10-22,12,,,20260324
01062867,디알텍,DRTECH Corporation,214680,코스닥,의료용 기기 제조업,2015-04-20,12,,,20230222
01067516,골프존,"GOLFZON Co., Ltd.",215000,코스닥,소프트웨어 개발 및 공급업,2015-04-03,12,,,20260330
01063884,솔디펜스,"SolDefense Co., Ltd.",215090,코스닥,"측정, 시험, 항해, 제어 및 기타 정밀기기 제조업; 광학기기 제외",2015-04-28,12,,,20250814
01063990,로보로보,"RoboRobo Co., Ltd.",215100,코스닥,기타 전기장비 제조업,2015-04-22,12,,,20260305
01074862,메가스터디교육,MegaStudyEdu Co. Ltd,215200,코스닥,일반 교습 학원,2015-05-04,12,,540,20240806
01077577,우리산업,"WOORY INDUSTRIAL CO.,LTD.",215360,코스닥,자동차 신품 부품 제조업,2015-05-06,12,,,20221206
01065013,콜마바이오텍,"Kolmar BioTech, Inc.",215380,코스닥,자연과학 및 공학 연구개발업,2015-05-18,12,우정바이오,,20260724
01064069,토박스코리아,"TOEBOX KOREA, Ltd.",215480,코스닥,"섬유, 의복, 신발 및 가죽제품 소매업",2015-05-13,12,,,20260818
01034730,크로넥스,"CRONEX.CO.,LTD",215570,코넥스,자연과학 및 공학 연구개발업,2015-12-28,12,,,20260310
00919966,신라젠,"SillaJen, Inc.",215600,코스닥,자연과학 및 공학 연구개발업,2016-12-06,12,,578,20260330
01065679,이노인스트루먼트,INNO INSTRUMENT INC.,215790,코스닥,통신 및 방송 장비 제조업,2015-05-08,12,,,20260427
00819073,인크로스,"Incross Co.,Ltd.",216050,코스닥,광고업,2016-10-31,12,,,20230809
01222867,제테마,"JETEMA Co.,Ltd.",216080,코스닥,의료용품 및 기타 의약 관련제품 제조업,2019-11-14,12,,,20260401
00537221,인바이츠바이오코아,"INVITES BIOCORE CO., LTD",216400,코넥스,자연과학 및 공학 연구개발업,2015-06-29,12,,,20260826
00666204,제너셈,Genesem Inc.,217190,코스닥,특수 목적용 기계 제조업,2015-09-25,12,,,20250401
01067808,넵튠,Neptune Company,217270,코스닥,소프트웨어 개발 및 공급업,2015-06-18,12,,,20260407
00963000,썬테크,"SUNTECH.CO.,LTD",217320,코넥스,"전동기, 발전기 및 전기 변환 · 공급 · 제어 장치 제조업",2015-04-29,12,,,20220307
01046391,싸이토젠,"Cytogen, Inc.",217330,코스닥,자연과학 및 공학 연구개발업,2018-11-22,12,,,20260401
01099667,에스디생명공학,"SD BIOTECHNOLOGIES CO., LTD.",217480,코스닥,기타 화학제품 제조업,2017-03-02,12,,,20260316
01068348,러셀,"RUSSELL CO., LTD.",217500,코스닥,특수 목적용 기계 제조업,2015-06-16,12,,,20211108
00949161,티엠씨,"TMC Co., Ltd.",217590,유가,절연선 및 케이블 제조업,2025-12-15,12,,,20251215
01025644,강스템바이오텍,"KANGSTEM BIOTECH CO., LTD.",217730,코스닥,기초 의약물질 제조업,2015-12-21,12,,,20251204
01020843,원익피앤이,"WONIK PNE CO., LTD.",217820,코스닥,특수 목적용 기계 제조업,2015-12-07,12,,,20260330
00976615,틸론,"TILON Co.,Ltd.",217880,코넥스,소프트웨어 개발 및 공급업,2015-05-28,12,,,20260220
01139497,에스제이켐,"SJ-CHEM Co., Ltd.",217910,코넥스,기초 화학물질 제조업,2018-04-27,12,,,20260325
01066058,파마리서치바이오,"PHARMARESEARCH BIO Co., Ltd.",217950,코넥스,의약품 제조업,2015-11-05,12,,,20260224
01071944,미래생명자원,"MILAE BIORESOURCES CO., LTD.",218150,코스닥,동물용 사료 및 조제식품 제조업,2015-06-18,12,,,20260327
01078178,RFHIC,RFHIC CORPORATION,218410,코스닥,통신 및 방송 장비 제조업,2015-06-30,12,,305,20240401
00617314,타이거일렉,"TIGER ELEC CO.,LTD.",219130,코스닥,전자부품 제조업,2015-09-25,12,,458,20250328
01109955,링크제니시스,"Linkgenesis Co., Ltd.",219420,코스닥,소프트웨어 개발 및 공급업,2018-02-05,12,,,20260306
01089378,디와이디,"DYD Co.,LTD.",219550,코스닥,생활용품 도매업,2015-07-22,12,,,20260401
01031229,한국비티비,"BTB Korea Co.,Ltd",219750,코스닥,의료용 기기 제조업,2018-09-21,12,,,20260327
01053540,퓨쳐켐,"FutureChem Co., Ltd.",220100,코스닥,의약품 제조업,2016-12-01,12,,,20260305
00793155,폴라리스AI핸디,Polaris AI Handy Corp.,220180,코스닥,소프트웨어 개발 및 공급업,2016-11-24,12,핸디소프트,,20260803
01089350,켐트로스,"Chemtros Co., Ltd.",220260,코스닥,기타 화학제품 제조업,2015-07-27,12,,,20251204
01026616,지구홀딩스,"ZGOO Holdings Co., Ltd.",221800,코스닥,기타 과학기술 서비스업,2023-11-02,12,,,20260828
00688358,하이즈항공,"HIZEAERO Co.,Ltd.",221840,코스닥,"항공기,우주선 및 부품 제조업",2015-11-25,12,,,20220512
00370918,케이디켐,"KDCHEM CO., LTD.",221980,코스닥,기타 화학제품 제조업,2015-11-19,12,,,20260529
00656289,코스맥스엔비티,"COSMAX NBT, INC.",222040,코스닥,기타 식품 제조업,2015-12-16,12,,,20250327
01090471,SFA넥셀,"SFA NEXEL Co., Ltd.",222080,코스닥,특수 목적용 기계 제조업,2015-09-02,12,씨아이에스,449,20260625
00962922,팬젠,Pangen Biotech Inc.,222110,코스닥,의약품 제조업,2016-03-11,12,,,20260310
01091054,쎄노텍,"CENOTEC Co., Ltd",222420,코스닥,기타 비금속 광물제품 제조업,2015-08-06,12,,,20260303
01063237,플럼라인생명과학,"Plumbline Life Sciences, Inc.",222670,코넥스,자연과학 및 공학 연구개발업,2015-07-28,12,,,20240405
01095722,심텍,"SIMMTECH Co., Ltd.",222800,코스닥,전자부품 제조업,2015-08-07,12,,106,20240401
00579139,한국맥널티,"Mcnulty Korea Co., Ltd",222980,코스닥,기타 식품 제조업,2015-12-23,12,,,20240701
01060735,로지스몬,"Logis Mon, Inc.",223220,코넥스,기타 운송관련 서비스업,2015-07-09,12,,,20260902
00916826,드림씨아이에스,DreamCIS INC.,223250,코스닥,자연과학 및 공학 연구개발업,2020-05-22,12,,,20230214
01075126,사토시홀딩스,"Satoshi Holdings Co., Ltd.",223310,코스닥,상품 종합 도매업,2015-12-24,12,,,20260909
00530413,더코디,"THE CODI Co., LTD.",224060,코스닥,전자부품 제조업,2015-12-29,12,,,20260504
01099861,에이텍모빌리티,"ATEC MOBILITY Co., Ltd",224110,코스닥,통신 및 방송 장비 제조업,2015-08-25,12,,,20260605
00929228,엔에스컴퍼니,"NSCompany CO., LTD.",224760,코넥스,토목 건설업,2015-07-31,12,,,20241226
00607797,엄지하우스,"EOMJIHOUSE Co., Ltd",224810,코넥스,실내건축 및 건축마무리 공사업,2015-10-21,12,,,20230404
00992543,LK삼양,"LK SAMYANG CO., LTD",225190,코스닥,사진장비 및 광학기기 제조업,2017-06-02,12,,,20251212
01062177,제놀루션,GENOLUTION INC.,225220,코스닥,기초 의약물질 제조업,2020-07-24,12,,,20260105
01095704,케이엠제약,"KMPHARMACEUTICAL Co.,Ltd.",225430,코스닥,기타 화학제품 제조업,2015-10-08,12,,,20260401
00568461,HC보광산업,"HC BoKwang Industry Co.,Ltd",225530,코스닥,기타 비금속 광물제품 제조업,2015-12-17,12,,,20250724
01096341,넥슨게임즈,"NEXON Games Co., Ltd.",225570,코스닥,소프트웨어 개발 및 공급업,2015-09-25,12,,440,20260311
01101041,패션플랫폼,"Fashion Platform Co.,Ltd.",225590,코스닥,봉제의복 제조업,2015-10-05,12,,,20221205
00911955,잇츠한불,"IT'S HANBUL CO., LTD.",226320,유가,기타 화학제품 제조업,2015-12-28,12,,,20250520
01344336,신테카바이오,"SyntekaBio,Inc.",226330,코스닥,소프트웨어 개발 및 공급업,2019-12-17,12,,,20260831
01098792,본느,"Bonne Co., Ltd.",226340,코스닥,기타 화학제품 제조업,2015-11-05,12,,,20260911
01082348,오스테오닉,"OSTEONIC Co., Ltd.",226400,코스닥,의료용 기기 제조업,2018-02-22,12,,,20250306
01022142,엠디바이스,"Mdevice Co., Ltd",226590,코스닥,전자부품 제조업,2025-03-07,12,,,20251223
01113718,올릭스,"OliX Pharmaceuticals, Inc.",226950,코스닥,자연과학 및 공학 연구개발업,2018-07-18,12,,216,20241010
01109690,도부,DOBU Inc.,227420,코넥스,직물직조 및 직물제품 제조업,2016-12-28,12,,,20260923
01080687,아우딘퓨쳐스,"Outin Futures Co., Ltd.",227610,코스닥,기타 화학제품 제조업,2017-07-12,12,,,20230703
01108099,현대코퍼레이션홀딩스,"HYUNDAI CORPORATION HOLDINGS Co.,Ltd.",227840,유가,음·식료품 및 담배 도매업,2015-10-23,12,,,20250327
01105621,엔투텍,"N2TECH CO.,LTD",227950,코스닥,특수 목적용 기계 제조업,2015-11-18,12,,,20250401
00993931,동양파일,TONGYANG PILE Inc.,228340,코스닥,"시멘트, 석회, 플라스터 및 그 제품 제조업",2016-04-06,12,,,20221124
00828761,레이,"Ray Co., Ltd.",228670,코스닥,의료용 기기 제조업,2019-08-08,12,,,20220930
01108248,지노믹트리,Genomictree Inc.,228760,코스닥,자연과학 및 공학 연구개발업,2019-03-27,12,,594,20260109
00899459,레이언스,"RAYENCE CO.,LTD.",228850,코스닥,의료용 기기 제조업,2016-04-11,12,,,20260602
01051472,젠큐릭스,Gencurix Inc.,229000,코스닥,의료용품 및 기타 의약 관련제품 제조업,2020-06-25,12,,,20250219
01065785,노브메타파마,"NovMetaPharma Co., Ltd.",229500,코넥스,자연과학 및 공학 연구개발업,2015-10-28,12,,,20221122
01093007,LS에코에너지,LS Eco Energy Ltd.,229640,유가,기타 금융업,2016-09-22,12,,263,20250404
01108442,에치에프알,"HFR, Inc.",230240,코스닥,통신 및 방송 장비 제조업,2015-12-16,12,,,20250717
01109539,와이씨,YC Corporation,232140,코스닥,특수 목적용 기계 제조업,2015-12-24,12,,343,20260327
00925967,이엠티,"Energy Material Technology Co., Ltd.",232530,코넥스,일차전지 및 이차전지 제조업,2015-12-30,3,,,20260331
00911229,라온로보틱스,RAON ROBOTICS Inc.,232680,코스닥,특수 목적용 기계 제조업,2021-06-17,12,,,20260123
01113499,아이티센피엔에스,"ITCENPNS CO.,LTD.",232830,코스닥,소프트웨어 개발 및 공급업,2023-06-29,12,,,20260327
01035942,메디안디노스틱,Median Diagnostics Inc.,233250,코넥스,의료용품 및 기타 의약 관련제품 제조업,2017-06-26,12,,,20260227
01063556,질경이,"JILGYUNGYI CO.,LTD.",233990,코넥스,기타 화학제품 제조업,2015-12-29,12,,,20260311
00874168,싸이닉솔루션,"SYNIC SOLUTION CO., LTD.",234030,코스닥,반도체 제조업,2025-07-07,12,,,20250707
00614089,에이원큐브텍,"A ONE CUBETECH CO., LTD.",234070,코넥스,산업용 기계 및 장비 임대업,2015-12-21,12,,,20260420
00225706,JW생명과학,JW LIFESCIENCE CORPORATION,234080,유가,의약품 제조업,2016-10-27,12,,,20241203
00617998,폴라리스세원,"Sewon Co.,Ltd",234100,코스닥,자동차 신품 부품 제조업,2017-10-20,12,,,20260327
01014055,에스트래픽,"STraffic Co.,Ltd.",234300,코스닥,"컴퓨터 프로그래밍, 시스템 통합 및 관리업",2017-12-05,12,,,20240905
00763701,헥토파이낸셜,"Hecto Financial Co., Ltd.",234340,코스닥,금융 지원 서비스업,2019-07-12,12,,571,20260917
01135057,녹십자웰빙,GC WellBeing Corporation,234690,코스닥,의약품 제조업,2019-10-14,12,,,20260429
01020524,자이글,"Zaigle Co., Ltd.",234920,코스닥,가정용 기기 제조업,2016-09-06,12,,,20240904
01336373,메드팩토,"MedPacto, Inc.",235980,코스닥,자연과학 및 공학 연구개발업,2019-12-19,12,,,20260518
01085187,씨알푸드,Ssial Food Inc.,236030,코넥스,"곡물가공품, 전분 및 전분제품 제조업",2017-12-14,12,,,20240701
01124653,슈프리마,Suprema Inc.,236200,코스닥,통신 및 방송 장비 제조업,2016-02-05,12,,544,20260910
01023822,메디젠휴먼케어,"Medizen Humancare Inc Co., Ltd",236340,코넥스,자연과학 및 공학 연구개발업,2016-01-26,12,,,20230602
01051065,엔비티,NBT INC.,236810,코스닥,광고업,2021-01-21,12,,,20251010
00871833,에스티팜,"ST PHARM CO., LTD.",237690,코스닥,의약품 제조업,2016-06-23,12,,272,20240625
00525864,피앤씨테크,"PNC Technologies Co.,Ltd.",237750,코스닥,"전동기, 발전기 및 전기 변환 · 공급 · 제어 장치 제조업",2016-07-04,12,,,20260701
00862853,플레이디,"PlayD Co., Ltd.",237820,코스닥,광고업,2020-03-12,12,,,20260330
00957735,클리오,"CLIO Cosmetics Co., Ltd",237880,코스닥,기타 화학제품 제조업,2016-11-09,12,,,20260309
00942131,앤디포스,"NDFOS CO., LTD.",238090,코스닥,플라스틱제품 제조업,2016-10-12,12,,,20260928
01073678,얼라인드,"Aligned Genetics, Inc.",238120,코스닥,사진장비 및 광학기기 제조업,2016-11-03,12,,,20260401
01109070,비피도,BIFIDO. Co. Ltd,238200,코스닥,기타 식품 제조업,2018-12-26,12,,,20241212
00556712,힘스,"HIMS CO., LTD.",238490,코스닥,특수 목적용 기계 제조업,2017-07-20,12,,,20250811
01118643,솔루믹스,"Solumix co,.Ltd.",238500,코넥스,"그외 기타 전문, 과학 및 기술 서비스업",2016-04-20,12,,,20260513
01924673,나노솔루션,"NanoSolution Co.,Ltd",238540,코넥스,기타 화학제품 제조업,2026-07-28,12,,,20260729
01128622,이스트에이드,ESTaid Corp.,239340,코스닥,"자료처리, 호스팅, 포털 및 기타 인터넷 정보매개 서비스업",2016-06-09,12,,,20240513
01011438,에이치엘사이언스,"HLSCIENCE Co., LTD",239610,코스닥,기타 식품 제조업,2016-10-28,12,,,20250731
01112889,피엔에이치테크,"P&H TECH Co., Ltd.",239890,코스닥,기초 화학물질 제조업,2021-02-16,12,,,20250401
01073261,동방메디컬,"DongBang Medical Co., Ltd.",240550,코스닥,의료용 기기 제조업,2025-02-13,12,,,20260831
01085026,유진테크놀로지,"YUJIN TECHNOLOGY CO.,LTD.",240600,코스닥,기타 금속 가공제품 제조업,2023-11-02,12,,,20250409
01135941,원익IPS,"WONIK IPS CO., LTD.",240810,코스닥,특수 목적용 기계 제조업,2016-05-02,12,,101,20240219
01109715,DSC인베스트먼트,DSC Investment Inc.,241520,코스닥,신탁업 및 집합투자업,2016-12-19,12,,,20250618
01032486,두산밥캣,Doosan Bobcat Inc.,241560,유가,특수 목적용 기계 제조업,2016-11-18,12,,125,20221229
01128613,화승엔터프라이즈,"HWASEUNG ENTERPRISE CO.,LTD",241590,유가,신발 및 신발 부분품 제조업,2016-10-04,12,,,20230214
00531865,유니테크노,"UNITEKNO Co., Ltd",241690,코스닥,자동차 신품 부품 제조업,2016-09-20,12,,,20260729
00763473,코스메카코리아,"COSMECCA KOREA CO., LTD.",241710,코스닥,기타 화학제품 제조업,2016-10-28,12,,378,20220225
00652007,메카로,"MECARO.CO.,LTD.",241770,코스닥,반도체 제조업,2017-12-06,12,,528,20230502
01113754,티이엠씨씨엔에스,"TEMC CNS Co., Ltd.",241790,코스닥,특수 목적용 기계 제조업,2016-12-01,12,,,20260325
01051092,피씨엘,PCL. Inc,241820,코스닥,의료용품 및 기타 의약 관련제품 제조업,2017-02-23,12,,,20260305
00975290,에이스토리,"ASTORY Co., Ltd.",241840,코스닥,"영화, 비디오물, 방송프로그램 제작 및 배급업",2019-07-19,12,,,20221006
01136348,나무AX,NAMU AX Corp.,242040,코스닥,소프트웨어 개발 및 공급업,2016-09-07,12,나무기술,,20260909
01159853,휴온스,"HUONS CO., LTD.",243070,코스닥,의약품 제조업,2016-06-03,12,,,20250102
00807379,신흥에스이씨,"SHIN HEUNG ENERGY & ELECTRONICS CO., LTD.",243840,코스닥,일차전지 및 이차전지 제조업,2017-09-27,12,,,20230221
00565215,아이티센코어,"ITCENCORE CO.,LTD.",243870,코넥스,"컴퓨터 프로그래밍, 시스템 통합 및 관리업",2016-10-31,12,,,20260106
01070149,올리패스,OLIPASS CORPORATION,244460,코스닥,기초 의약물질 제조업,2019-09-20,12,,,20260814
01117422,나눔테크,"NANOOMTECH Co., Ltd.",244880,코넥스,의료용 기기 제조업,2016-06-01,12,,,20230215
00684802,에이플러스에셋,"A Plus Asset Advisor Co., Ltd.",244920,유가,보험 및 연금관련 서비스업,2020-11-20,12,,,20240329
01116380,씨앤에스링크,"CNSLINK Co., Ltd",245450,코넥스,통신 및 방송 장비 제조업,2016-06-24,12,,,20230213
01182550,EDGC,"Eone Diagnomics Genome Center Co., Ltd.",245620,코스닥,자연과학 및 공학 연구개발업,2018-06-26,12,,,20260831
01112700,에스엘에스바이오,"SLSBio(Specialty Lab Solution Bio) Co., Ltd",246250,코스닥,"그외 기타 전문, 과학 및 기술 서비스업",2023-10-20,12,,,20231020
00778235,TS인베스트먼트,T.S.Investment Corporation,246690,코스닥,신탁업 및 집합투자업,2016-12-15,12,,,20260401
01109937,티앤알바이오팹,"T&R Biofab Co., Ltd",246710,코스닥,기초 의약물질 제조업,2018-11-28,12,,,20260312
01157235,아스타,"ASTA Co., Ltd.",246720,코스닥,의료용품 및 기타 의약 관련제품 제조업,2017-03-20,12,,,20250430
01110182,SCL사이언스,SCL Science Inc.,246960,코스닥,의료용품 및 기타 의약 관련제품 제조업,2019-02-01,12,,,20240904
01160363,에코프로비엠,"ECOPRO BM CO.,LTD.",247540,코스닥,일차전지 및 이차전지 제조업,2019-03-05,12,,67,20250714
00660459,나노씨엠에스,"NANOCMS CO., LTD",247660,코스닥,전자부품 제조업,2021-03-09,12,,,20260922
01159233,솔루엠,"SOLUM CO., LTD.",248070,유가,전자부품 제조업,2021-02-02,12,,,20260828
01167056,샘표식품,SEMPIO FOODS COMPANY,248170,유가,기타 식품 제조업,2016-08-09,12,,,20240701
01168383,일동제약,"IL DONG PHARMACEUTICAL CO., LTD.",249420,유가,의약품 제조업,2016-08-31,12,,,20260106
01124680,보라티알,"BORATR CO., Ltd.",250000,코스닥,음·식료품 및 담배 도매업,2017-06-08,12,,,20260401
01158632,진코스텍,"JINCOSTECH CO.,LTD.",250030,코넥스,기타 화학제품 제조업,2019-11-29,12,,,20240222
01165155,모비스,"Mobiis Co., Ltd.",250060,코스닥,"컴퓨터 프로그래밍, 시스템 통합 및 관리업",2016-09-08,12,,,20241015
01166109,예선테크,"YeSUN Tech Co., Ltd.",250930,코스닥,플라스틱제품 제조업,2016-09-29,12,,,20260312
01160974,바이오에프디엔씨,"BIO-FD&C CO.,LTD.",251120,코스닥,기초 의약물질 제조업,2022-02-21,12,,,20260209
00904672,넷마블,Netmarble Corporation,251270,유가,소프트웨어 개발 및 공급업,2017-05-12,12,,197,20251222
01115044,안지오랩,"AngioLab, Inc.",251280,코넥스,자연과학 및 공학 연구개발업,2016-10-25,12,,,20221202
00602172,와이엠티,"YMT CO., LTD.",251370,코스닥,기초 화학물질 제조업,2017-04-27,12,,,20250904
01027794,브이원텍,"V-ONE TECH CO., LTD.",251630,코스닥,특수 목적용 기계 제조업,2017-07-13,12,,,20250519
00761059,펌텍코리아,"PUM-TECH KOREA CO., LTD.",251970,코스닥,플라스틱제품 제조업,2019-07-04,12,,427,20230223
01169267,세화피앤씨,SEWHA P&C INC.,252500,코스닥,기타 화학제품 제조업,2016-11-02,12,,,20260929
01199727,샘씨엔에스,"SEMCNS Co., Ltd.",252990,코스닥,전자부품 제조업,2021-05-20,12,,375,20260326
01168684,스튜디오드래곤,Studio Dragon Corporation,253450,코스닥,"영화, 비디오물, 방송프로그램 제작 및 배급업",2017-11-24,12,,453,20240830
01170865,네오셈,Neosem Inc.,253590,코스닥,특수 목적용 기계 제조업,2018-04-04,12,,446,20221209
01262023,루트락,"RootLoc Co., Ltd.",253610,코넥스,기타 전문 도매업,2020-12-24,12,,,20260305
01063954,수젠텍,"Sugentech, Inc.",253840,코스닥,의료용품 및 기타 의약 관련제품 제조업,2019-05-28,12,,,20240701
01174038,자비스,"XAVIS CO., Ltd.",254120,코스닥,특수 목적용 기계 제조업,2016-12-02,12,,,20230217
01366824,제이엠멀티,JM-MULTI,254160,코넥스,제재 및 목재 가공업,2021-12-13,12,,,20220503
00299844,미래반도체,"MIRAI SEMICONDUCTORS CO., LTD.",254490,코스닥,기타 전문 도매업,2023-01-27,12,,,20250224
00963976,SG,"SG CO., LTD.",255220,코스닥,기타 비금속 광물제품 제조업,2018-01-26,12,,,20260406
00875307,야스,"YAS Co., Ltd",255440,코스닥,특수 목적용 기계 제조업,2017-09-29,12,,,20260824
01069736,한독크린텍,"Handok Clean Tech Co., Ltd.",256150,코스닥,일반 목적용 기계 제조업,2019-09-05,12,,,20230217
01179608,포인트엔지니어링,"POINT ENGINEERING Co., Ltd.",256630,코스닥,기타 금속 가공제품 제조업,2017-05-02,12,,,20260212
01179617,한국비엔씨,"BNC KOREA, Inc.",256840,코스닥,기초 의약물질 제조업,2016-12-28,12,,,20260430
01037214,킵스파마,Keeps Biopharma Inc.,256940,코스닥,의약품 제조업,2017-09-06,12,,,20260401
01144569,피엔티엠에스,"People & Technology Ms, Inc.",257370,코스닥,특수 목적용 기계 제조업,2018-09-13,12,,,20260325
00982023,실리콘투,"SILICON 2 Co.,Ltd.",257720,코스닥,상품 종합 도매업,2021-09-29,12,,228,20260312
01246742,테크트랜스,"Tech Trans co., Ltd",258050,코넥스,기타 금속 가공제품 제조업,2018-07-13,12,,,20260313
00961507,케일럼,"CAELUM Co., Ltd.",258610,코스닥,"구조용 금속제품, 탱크 및 증기발생기 제조업",2017-08-22,12,,,20251210
01182408,소프트캠프,"SOFTCAMP Co., Ltd.",258790,코스닥,소프트웨어 개발 및 공급업,2017-04-27,12,,,20260508
00959229,세종메디칼,"SEJONG MEDICAL Co.Ltd.,",258830,코스닥,의료용 기기 제조업,2018-05-29,12,,,20260701
00833064,엠플러스,mPlus Corp,259630,코스닥,특수 목적용 기계 제조업,2017-09-20,12,,,20260303
00760971,크래프톤,"KRAFTON, Inc.",259960,유가,소프트웨어 개발 및 공급업,2021-08-10,12,,84,20260720
00447007,알리코제약,"KOREA ARLICO PHARM CO.,LTD.",260660,코스닥,의료용품 및 기타 의약 관련제품 제조업,2018-02-12,12,,,20260914
01188730,SK시그넷,SK Signet Inc.,260870,코넥스,"전동기, 발전기 및 전기 변환 · 공급 · 제어 장치 제조업",2017-08-30,12,,,20260330
01144028,씨티케이,"CTK Co., Ltd",260930,코스닥,기타 화학제품 제조업,2017-12-07,12,,,20230818
00560849,에스앤디,"S&D Co., Ltd",260970,코스닥,기타 식품 제조업,2021-09-29,12,,,20240701
01187494,덴티스,"DENTIS CO.,LTD",261200,코스닥,의료용 기기 제조업,2017-06-26,12,,,20221124
01211889,이지스,"EGIS Co., Ltd",261520,코스닥,소프트웨어 개발 및 공급업,2025-12-11,12,,,20260209
01141599,아리바이오LAB,ARIBIOLAB,261780,코스닥,자연과학 및 공학 연구개발업,2021-10-22,12,차백신연구소,,20260904
00604268,에이프로,"APRO Co., LTD",262260,코스닥,기타 전기장비 제조업,2020-07-16,12,,,20240528
01146822,아이퀘스트,"IQUEST Co., Ltd.",262840,코스닥,소프트웨어 개발 및 공급업,2021-02-05,12,,,20251002
00892526,디케이앤디,"DK&D CO.,LTD",263020,코스닥,플라스틱제품 제조업,2018-11-20,12,,,20230223
01110678,유틸렉스,"Eutilex Co.,Ltd.",263050,코스닥,기초 의약물질 제조업,2018-12-24,12,,,20260923
00571298,덕우전자,"DERKWOO ELECTRONICS CO.,LTD.",263600,코스닥,전자부품 제조업,2017-08-28,12,,,20230223
00966168,디알젬,DRGEM CORPORATION,263690,코스닥,의료용 기기 제조업,2018-11-22,12,,,20260410
01187148,케어랩스,"Carelabs Co.,Ltd",263700,코스닥,광고업,2018-03-28,12,,,20260814
01186404,디앤씨미디어,"D&C MEDIA CO.,LTD.",263720,코스닥,"서적, 잡지 및 기타 인쇄물 출판업",2017-08-01,12,,,20250416
01152470,펄어비스,PearlAbyss Corp.,263750,코스닥,소프트웨어 개발 및 공급업,2017-09-14,12,,258,20240701
01196313,유에스티,"UST CO., LTD.",263770,코스닥,1차 철강 제조업,2017-04-06,12,,,20260810
00877819,데이타솔루션,"Datasolution, Inc.",263800,코스닥,기계장비 및 관련 물품 도매업,2017-08-03,12,,,20230221
00760999,상신전자,"SANGSHIN ELECTRONICS CO., LTD.",263810,코스닥,전자부품 제조업,2017-10-16,12,,,20230526
00962223,지니언스,"GENIANS, INC.",263860,코스닥,소프트웨어 개발 및 공급업,2017-08-02,12,,,20260304
01185566,휴엠앤씨,"HuM&C Co., Ltd.",263920,코스닥,그외 기타 제품 제조업,2017-09-28,12,,,20250901
01203376,유비쿼스,Ubiquoss Inc.,264450,코스닥,통신 및 방송 장비 제조업,2017-03-31,12,,,20231004
00605328,씨앤지하이테크,"C&G Hi Tech Co., Ltd",264660,코스닥,특수 목적용 기계 제조업,2018-01-25,12,,,20240226
01199189,이랜시스,"Elensys Co.,Ltd.",264850,코스닥,전자부품 제조업,2017-06-01,12,,,20230222
01205329,크라운제과,"CROWN CONFECTIONERY CO.,LTD",264900,유가,"떡, 빵 및 과자류 제조업",2017-04-11,12,,,20240701
01203808,AP시스템,Advanced Process Systems Corporation,265520,코스닥,특수 목적용 기계 제조업,2017-04-07,12,,589,20250404
00659976,영화테크,"Younghwa Tech Co., Ltd.",265560,코스닥,자동차 신품 부품 제조업,2017-10-26,12,,,20230216
01217829,엔에프씨,NFC Corporation,265740,코스닥,기타 화학제품 제조업,2020-12-02,12,,,20250326
00990396,레드우즈,"Redwoods Co., Ltd",266170,코넥스,"영화, 비디오물, 방송프로그램 제작 및 배급업",2017-06-09,12,,,20260123
01208821,팡스카이,"PangSky Co., Ltd.",266350,코넥스,소프트웨어 개발 및 공급업,2024-06-28,12,,,20250110
01130885,바이오인프라생명과학,BioInfra Life Science Inc.,266470,코넥스,자연과학 및 공학 연구개발업,2020-07-22,12,,,20260805
00960623,덕산넵코어스,"DUKSAN NAVCOURS CO.,LTD.",266690,코스닥,"항공기,우주선 및 부품 제조업",2026-09-30,12,,593,20260930
01575361,세븐브로이맥주,"Sevenbrau Co., Ltd.",267080,코넥스,알코올음료 제조업,2024-01-17,12,,,20260310
01205709,HD현대,"HD HYUNDAI CO.,LTD.",267250,유가,기타 금융업,2017-05-10,12,,53,20260401
01205851,HD현대일렉트릭,"HD HYUNDAI ELECTRIC CO.,LTD",267260,유가,"전동기, 발전기 및 전기 변환 · 공급 · 제어 장치 제조업",2017-05-10,12,,32,20250326
01205842,HD건설기계,"HD Construction Equipment Co.,Ltd.",267270,유가,특수 목적용 기계 제조업,2017-05-10,12,,119,20260327
01208885,경동도시가스,"KYUNGDONG CITY GAS CO.,LTD",267290,유가,연료용 가스 제조 및 배관공급업,2017-05-12,12,,,20260824
01208849,나인테크,"Naintech. CO.,LTD.",267320,코스닥,특수 목적용 기계 제조업,2017-06-22,12,,,20220622
01182240,배럴,"BARREL Co., Ltd.",267790,코스닥,봉제의복 제조업,2018-02-01,12,,,20250725
00458234,아시아나IDT,"Asiana IDT, Inc.",267850,유가,"컴퓨터 프로그래밍, 시스템 통합 및 관리업",2018-11-23,12,,,20260327
01234507,매일유업,"Maeil Dairies Co., Ltd.",267980,코스닥,동·식물성 유지 및 낙농제품 제조업,2017-06-05,12,,,20260702
01234297,미원에스씨,"Miwon Specialty Chemical Co., Ltd.",268280,유가,기초 화학물질 제조업,2017-05-22,12,,,20260320
01187458,에스알바이오텍,SR biotek Inc.,270210,코넥스,기타 화학제품 제조업,2017-06-15,12,,,20220401
01228515,앱튼,APTN Inc.,270520,코스닥,"건축기술, 엔지니어링 및 관련 기술 서비스업",2017-08-22,12,,,20260303
01201590,에브리봇,EVERYBOT Inc.,270660,코스닥,가정용 기기 제조업,2021-07-28,12,,,20260303
01214248,뉴트리,"Newtree Co., Ltd.",270870,코스닥,기타 식품 제조업,2018-12-13,12,,,20260313
01238169,오리온,ORION CORP.,271560,유가,기타 식품 제조업,2017-07-07,12,,148,20260608
01146220,팸텍,"PAMTEK CO., LTD.",271830,코스닥,특수 목적용 기계 제조업,2023-05-23,12,,,20230523
00972503,일진하이솔루스,"ILJIN HYSOLUS Co., Ltd.",271940,유가,그외 기타 운송장비 제조업,2021-09-01,12,,,20260320
01236897,제일약품,"JEIL PHARMACEUTICAL CO.,LTD",271980,유가,의약품 제조업,2017-07-17,12,,,20250326
00769158,케이엔제이,"KnJ Co.,Ltd.",272110,코스닥,반도체 제조업,2019-10-25,12,,,20260814
00339391,한화시스템,"HANWHA SYSTEMS Co., Ltd.",272210,유가,전자부품 제조업,2019-11-13,12,,54,20260921
01237540,이녹스첨단소재,"INNOX Advanced Materials Co., Ltd.",272290,코스닥,전자부품 제조업,2017-07-10,12,,511,20250331
00653024,진에어,"JIN AIR CO,.LTD.",272450,유가,항공 여객 운송업,2017-12-08,12,,,20260401
01060814,삼양패키징,SAMYANG PACKAGING CORPORATION,272550,유가,플라스틱제품 제조업,2017-11-29,12,,,20260324
01236532,와이즈버즈,Wise birds Inc.,273060,코스닥,광고업,2017-08-07,12,,,20251203
01215618,와이엠텍,"YM Tech Co., Ltd.",273640,코스닥,"전동기, 발전기 및 전기 변환 · 공급 · 제어 장치 제조업",2021-09-10,12,,,20260303
01158553,켄코아에어로스페이스,Kencoa Aerospace Corporation,274090,코스닥,"항공기,우주선 및 부품 제조업",2020-03-03,12,,,20221128
00965318,이노시뮬레이션,"INNOSIMULATION CO., LTD.",274400,코스닥,소프트웨어 개발 및 공급업,2023-07-06,12,,,20260721
01250374,에스에스알,SSR Inc.,275630,코스닥,소프트웨어 개발 및 공급업,2018-08-06,12,,,20241219
01290248,스코넥,"SKONEC ENTERTAINMENT Co., Ltd.",276040,코스닥,소프트웨어 개발 및 공급업,2022-02-04,12,,,20260803
01119651,엘리비젼,"Elivision Co., Ltd.",276240,코넥스,영상 및 음향기기 제조업,2018-07-05,12,,,20221125
01230255,한울앤제주,"HanWool & Jeju, Inc.",276730,코스닥,알코올음료 제조업,2021-05-26,12,,,20260729
00616962,린드먼아시아,Lindeman Asia Investment Corporation,277070,코스닥,신탁업 및 집합투자업,2018-03-14,12,,,20260128
01243161,인산가,INSAN Inc.,277410,코스닥,기타 식품 제조업,2017-09-29,12,,,20260303
01261644,레인보우로보틱스,Rainbow Robotics,277810,코스닥,특수 목적용 기계 제조업,2021-02-03,12,,89,20260915
01139035,티에스아이,"TSI Co., Ltd.",277880,코스닥,특수 목적용 기계 제조업,2020-07-22,12,,,20250220
00897752,천보,"Chunbo Co., Ltd.",278280,코스닥,기초 화학물질 제조업,2019-02-11,12,,503,20230221
01190568,에이피알,"APR Co., Ltd.",278470,유가,기타 화학제품 제조업,2024-02-27,12,,57,20240924
01189438,HLB바이오스텝,"HLB bioStep Co.,Ltd.",278650,코스닥,자연과학 및 공학 연구개발업,2019-11-27,12,,,20260316
01117246,EMB,"EMB CO.,LTD.",278990,코넥스,"전동기, 발전기 및 전기 변환 · 공급 · 제어 장치 제조업",2017-10-31,12,,,20260202
01203312,케이뱅크,Kbank,279570,유가,은행 및 저축기관,2026-03-05,12,,253,20260609
01190124,미디어젠,"MediaZen, Inc.",279600,코스닥,소프트웨어 개발 및 공급업,2019-11-05,12,,,20260331
01258507,롯데웰푸드,"LOTTE WELLFOOD CO.,LTD",280360,유가,기타 식품 제조업,2017-10-30,12,,,20260323
01255652,레이크머티리얼즈,"Lake Materials Co., Ltd.",281740,코스닥,기타 화학제품 제조업,2017-12-12,12,,409,20220225
01261893,케이씨텍,"KCTECH CO., LTD",281820,유가,"측정, 시험, 항해, 제어 및 기타 정밀기기 제조업; 광학기기 제외",2017-12-05,12,,285,20250909
01263022,BGF리테일,"BGF retail CO., LTD.",282330,유가,종합 소매업,2017-12-08,12,,250,20250715
00229085,기도산업,"KIDO INDUSTRIAL CO., LTD",282620,코스닥,봉제의복 제조업,2026-08-21,12,,,20260821
00872656,금양그린파워,"KUMYANG GREEN POWER CO., Ltd.",282720,코스닥,전기 및 통신 공사업,2023-03-13,12,,,20230313
01211232,코윈로보틱스,"COWIN ROBOTICS Co., Ltd",282880,코스닥,특수 목적용 기계 제조업,2019-08-05,12,코윈테크,,20260915
01263527,카이노스메드,"KAINOS MEDICINE, INC.",284620,코스닥,자연과학 및 공학 연구개발업,2018-06-08,12,,,20260622
01267684,쿠쿠홈시스,"CUCKOO HOMESYS CO.,LTD",284740,유가,개인 및 가정용품 임대업,2018-01-11,12,,,20220304
01267170,SK케미칼,"SK Chemicals Co., Ltd.",285130,유가,합성고무 및 플라스틱 물질 제조업,2018-01-05,12,,,20260325
01259232,노바텍,"NOVATECH Co., Ltd.",285490,코스닥,그외 기타 제품 제조업,2018-11-02,12,,,20230223
00816933,진영,"JINYOUNG CO., LTD",285800,코스닥,플라스틱제품 제조업,2023-06-01,12,,,20250224
01136001,나노실리칸첨단소재,"NanoSilikhan Advanced Materials Co., Ltd.",286750,코스닥,기초 화학물질 제조업,2019-08-19,12,,,20261001
01262032,롯데이노베이트,"LOTTE INNOVATE Co.,Ltd",286940,유가,"컴퓨터 프로그래밍, 시스템 통합 및 관리업",2018-07-27,12,,,20250519
01374443,인투셀,"IntoCell, Inc.",287840,코스닥,자연과학 및 공학 연구개발업,2025-05-23,12,,,20260323
01101254,케이피항공산업,"KP Aero Industries Co., Ltd.",288180,코스닥,"항공기,우주선 및 부품 제조업",2026-05-19,12,,,20260519
01227039,파라택시스코리아,"PARATAXIS KOREA, INC.",288330,코스닥,"그외 기타 전문, 과학 및 기술 서비스업",2019-12-20,12,,,20260504
01257872,에스프리즘,"S-Prism Co., Ltd.",288620,코스닥,"전동기, 발전기 및 전기 변환 · 공급 · 제어 장치 제조업",2018-10-15,12,,,20260430
01423837,모아데이타,"Moadata Co., Ltd.",288980,코스닥,소프트웨어 개발 및 공급업,2022-03-10,12,,,20230223
00983934,아이스크림에듀,"i-Scream Edu Co., Ltd.",289010,코스닥,"서적, 잡지 및 기타 인쇄물 출판업",2019-07-11,12,,,20260605
00599151,SV인베스트먼트,SV INVESTMENT CORPORATION,289080,코스닥,기타 금융업,2018-07-06,3,,,20220520
01352575,바이오텐,"Bioten Co., Ltd",289170,코넥스,기타 식품 제조업,2023-10-13,12,,,20260722
01264438,자이언트스텝,GIANTSTEP Inc.,289220,코스닥,"영화, 비디오물, 방송프로그램 제작 및 배급업",2021-03-24,12,,,20260327
01270749,웨이비스,Wavice Inc.,289930,코스닥,반도체 제조업,2024-10-25,12,,,20241025
01217014,트윔,TWIM Corp,290090,코스닥,소프트웨어 개발 및 공급업,2021-11-17,12,,,20240618
01182578,DH오토리드,"DH AUTOLEAD Co.,Ltd.",290120,코스닥,자동차 신품 부품 제조업,2018-12-07,12,,,20250611
01251577,휴네시온,"Hunesion co.,ltd",290270,코스닥,소프트웨어 개발 및 공급업,2018-08-02,12,,,20240712
00961570,신도기연,"Shindo Eng. Lab., Ltd.",290520,코스닥,특수 목적용 기계 제조업,2020-07-06,12,,,20230220
01137903,디케이티,"DK TECH CO.,LTD",290550,코스닥,전자부품 제조업,2018-12-21,12,,499,20230403
01130849,파라택시스이더리움,"Parataxis Ethereum, Inc.",290560,코스닥,소프트웨어 개발 및 공급업,2023-11-03,12,,,20260223
01181515,엘앤씨바이오,"L&C BIO Co., Ltd",290650,코스닥,의약품 제조업,2018-11-01,12,,334,20250305
01246034,다이나믹솔루션,"Dynamic solution Co.,Ltd.",290660,코스닥,의료용 기기 제조업,2018-11-28,12,,,20260429
01259418,대보마그네틱,"DAEBO MAGNETIC CO.,LTD.",290670,코스닥,기타 전기장비 제조업,2018-11-06,12,,,20251121
00605522,아리바이오홀딩스,ARIBIO Holdings Inc.,290690,코스닥,전구 및 조명장치 제조업,2020-11-06,12,소룩스,,20260728
01259311,푸드나무,"FOODNAMOO, INC.",290720,코스닥,무점포 소매업,2018-10-04,12,,,20260522
01141942,액트로,"ACTRO CO.,Ltd",290740,코스닥,전자부품 제조업,2018-08-28,12,,,20220225
01276901,컴투스엔,Com2uS N Corporation,291230,코스닥,기타 사업지원 서비스업,2018-09-13,12,엔피,,20260814
01265251,츌립앤사이언스,CHOOLIP & SCIENCES Inc,291650,코스닥,자연과학 및 공학 연구개발업,2020-09-16,12,압타머사이언스,,20260812
01524507,핀텔,"Pintel Co.,Ltd.",291810,코스닥,소프트웨어 개발 및 공급업,2022-10-20,12,,,20260306
00248974,하나제약,"Hana Pharm. Co., Ltd.",293480,유가,의약품 제조업,2018-10-02,12,,,20230403
01137383,카카오게임즈,Kakao Games Corp.,293490,코스닥,소프트웨어 개발 및 공급업,2020-09-10,12,,384,20260623
00651017,나우IB,NAU IB Capital,293580,코스닥,기타 금융업,2018-10-04,12,,,20260309
01251595,압타바이오,Aptabio Therapeutics Inc.,293780,코스닥,자연과학 및 공학 연구개발업,2019-06-12,12,,,20260402
01276594,신한알파리츠,"Shinhan Alpha REIT Co,. Ltd.",293940,유가,부동산 임대 및 공급업,2018-08-08,3,,,20240408
01274310,이오플로우,"EOFlow Co., Ltd.",294090,코스닥,의료용 기기 제조업,2020-09-14,12,,,20250714
01011395,레몬,LEMON COMPANY LIMITED,294140,코스닥,화학섬유 제조업,2020-02-28,12,,,20260626
01311055,쿠콘,coocon Corporation,294570,코스닥,기타 정보 서비스업,2021-04-28,12,,,20250502
00867973,서남,"SuNAM Co., Ltd.",294630,코스닥,기타 전기장비 제조업,2020-02-20,12,,,20220228
01310269,IPARK현대산업개발,IPARK HYUNDAI DEVELOPMENT COMPANY,294870,유가,건물 건설업,2018-06-12,12,,332,20260410
01011368,에이치브이엠,"HVM CO.,LTD.",295310,코스닥,1차 비철금속 제조업,2024-06-28,12,,406,20240628
01156795,프로젠,"ProGen, Co,, LTD.",296160,코넥스,자연과학 및 공학 연구개발업,2023-11-15,12,,,20260401
01229240,가이아코퍼레이션,"GAIA CORPORATION CO., LTD",296520,코넥스,생활용품 도매업,2023-06-20,12,,,20260305
01341630,이노에이엑스,"INNOAX CO.,LTD",296640,코스닥,소프트웨어 개발 및 공급업,2022-10-07,12,,,20260622
00765462,씨에스베어링,"CS BEARING Co., Ltd.",297090,코스닥,일반 목적용 기계 제조업,2019-11-21,12,,,20241028
01309795,아틀라스링크,ATLAS LINK Inc.,297570,코스닥,통신 및 방송 장비 제조업,2018-07-20,12,알로이스,,20260703
00523936,HB솔루션,"HB SOLUTION CO.,LTD.",297890,코스닥,특수 목적용 기계 제조업,2020-06-22,12,,,20260330
01316236,효성화학,Hyosung Chemical Corporation,298000,유가,기초 화학물질 제조업,2018-07-13,12,,,20251104
01316227,효성티앤씨,Hyosung TNC Corporation,298020,유가,화학섬유 제조업,2018-07-13,12,,376,20260324
01316245,효성중공업,Hyosung Heavy Industries Corporation,298040,유가,"전동기, 발전기 및 전기 변환 · 공급 · 제어 장치 제조업",2018-07-13,12,,26,20240326
01316254,HS효성첨단소재,HS HYOSUNG ADVANCED MATERIALS,298050,유가,화학섬유 제조업,2018-07-13,12,,,20250325
01110474,풍전약품,"POONGJEON PHARMACY CO.,LTD.",298060,코스닥,의약품 제조업,2020-06-17,12,,,20260504
01256864,에이비엘바이오,ABL Bio Inc.,298380,코스닥,기초 의약물질 제조업,2018-12-19,12,,199,20250430
01214743,더네이쳐홀딩스,"THE NATURE HOLDINGS CO., LTD",298540,코스닥,의복 액세서리 제조업,2020-07-27,12,,,20260308
00651901,에어부산,"Air Busan Co., Ltd",298690,유가,항공 여객 운송업,2018-12-27,12,,,20250117
01012640,슈어소프트테크,Suresofttech Inc.,298830,코스닥,소프트웨어 개발 및 공급업,2023-04-28,12,,,20260115
00601191,하나기술,"HANA TECHNOLOGY CO.,LTD.",299030,코스닥,특수 목적용 기계 제조업,2020-11-25,12,,,20220221
01318261,더블유에스아이,"WSI Co., Ltd.",299170,코스닥,생활용품 도매업,2018-09-21,12,,,20260323
01188749,지앤이헬스케어,"G&E Healthcare Co., Ltd.",299480,코넥스,기타 섬유제품 제조업,2018-06-29,12,,,20230222
01235296,셀리드,"Cellid Co., Ltd.",299660,코스닥,자연과학 및 공학 연구개발업,2019-02-20,12,,,20251205
01237434,플리토,Flitto Inc.,300080,코스닥,"자료처리, 호스팅, 포털 및 기타 인터넷 정보매개 서비스업",2019-07-17,12,,,20230901
01251489,라온피플,LaonPeople Inc.,300120,코스닥,소프트웨어 개발 및 공급업,2019-10-18,12,,,20240510
01319808,한일시멘트,"HANILCEMENTCO.,LTD.",300720,유가,"시멘트, 석회, 플라스터 및 그 제품 제조업",2018-08-06,12,,377,20260312
00403793,바이브컴퍼니,VAIV company Inc.,301300,코스닥,소프트웨어 개발 및 공급업,2020-10-28,12,,,20241010
01258710,이노메트리,"INNOMETRY Co., Ltd.",302430,코스닥,특수 목적용 기계 제조업,2018-12-12,12,,,20230220
01319899,SK바이오사이언스,"SK Bioscience Co.,Ltd",302440,유가,기초 의약물질 제조업,2021-03-18,12,,201,20260619
01275665,리메드,"REMED CO.,LTD.",302550,코스닥,의료용 기기 제조업,2019-12-06,12,,,20260304
00991225,더콘텐츠온,"The Contents On Co., Ltd.",302920,코넥스,"영화, 비디오물, 방송프로그램 제작 및 배급업",2018-08-13,12,,,20260313
01318933,지니틱스,"Zinitix Co.,Ltd.",303030,코스닥,반도체 제조업,2018-08-30,12,,,20250930
01267958,프로티아,PROTIA INC.,303360,코스닥,의료용 기기 제조업,2023-06-16,12,,,20250721
01264872,이노뎁,INNODEP INC.,303530,코스닥,소프트웨어 개발 및 공급업,2021-06-18,12,,,20240223
01233465,동국생명과학,"DongKook Life Science Co., Ltd.",303810,코스닥,의약품 제조업,2025-02-17,12,,,20250217
01050738,솔트룩스,SALTLUX Inc,304100,코스닥,소프트웨어 개발 및 공급업,2020-07-23,12,,,20260302
01258020,에스바이오메딕스,"S.Biomedics Co., Ltd.",304360,코스닥,의약품 제조업,2023-05-04,12,,,20260401
01118281,피플바이오,"PeopleBio, Inc.",304840,코스닥,의료용품 및 기타 의약 관련제품 제조업,2020-10-19,12,,,20260520
01267967,마이크로디지탈,"Micro Digital Co., Ltd.",305090,코스닥,의료용 기기 제조업,2019-06-05,12,,,20250711
01222432,에스제이그룹,"SJ Group Co., Ltd.",306040,코스닥,"가죽, 가방 및 유사제품 제조업",2019-11-18,12,,,20230209
01325979,세아제강,SeAH Steel Corporation,306200,유가,1차 철강 제조업,2018-10-05,12,,,20250515
01325429,지아이에스,"GIS Co., Ltd.",306620,코스닥,특수 목적용 기계 제조업,2018-10-31,12,,,20260305
01326279,아이엘,"IL CO.,LTD.",307180,코스닥,전구 및 조명장치 제조업,2018-12-21,12,,,20250804
01326224,원바이오젠,"Wonbiogen Co.,Ltd.",307280,코스닥,의료용품 및 기타 의약 관련제품 제조업,2018-12-05,12,,,20230220
01329957,국전,"KUKJEON Co.,Ltd",307750,코스닥,의약품 제조업,2018-12-19,12,,,20260427
01326792,비투엔,"B2En Co., Ltd.",307870,코스닥,소프트웨어 개발 및 공급업,2018-12-12,12,,,20260818
00598198,컴퍼니케이,COMPANY K PARTNERS LIMITED,307930,코스닥,기타 금융업,2019-05-23,12,,,20260319
00362441,현대오토에버,HYUNDAI AUTOEVER CORPORATION.,307950,유가,소프트웨어 개발 및 공급업,2019-03-28,12,,70,20260102
01335790,바이젠셀,ViGenCell Inc.,308080,코스닥,자연과학 및 공학 연구개발업,2021-08-25,12,,,20260219
01181807,형지글로벌,"Hyungji Global Co., Ltd.",308100,코스닥,"섬유, 의복, 신발 및 가죽제품 소매업",2019-06-10,12,,,20250327
00450010,씨티알모빌리티,"CTR Mobility Co.,Ltd.",308170,유가,자동차 신품 부품 제조업,2019-11-25,12,,,20260619
01275489,셀비온,"Cellbion Co., Ltd",308430,코스닥,의약품 제조업,2024-10-16,12,,,20241016
00914341,아이티켐,"IT-CHEM Co., Ltd.",309710,코스닥,기초 의약물질 제조업,2025-08-07,12,,,20250807
01335453,조이웍스앤코,"JOYWORKS&Co Co.,Ltd.",309930,코스닥,기타 생활용품 소매업,2018-12-20,12,,,20260706
00231901,LB인베스트먼트,LB Investment Inc.,309960,코스닥,기타 금융업,2023-03-29,12,,,20230329
01335578,애니플러스,ANIPLUS INC.,310200,코스닥,"영화, 비디오물, 방송프로그램 제작 및 배급업",2018-12-21,12,,,20230516
01327746,보로노이,"Voronoi, Inc.",310210,코스닥,자연과학 및 공학 연구개발업,2022-06-24,12,,211,20250502
01336443,디와이씨,"DYC CO.,LTD.",310870,코스닥,자동차 신품 부품 제조업,2018-12-20,12,,,20260109
01264234,엘에이티,"LAT CO., LTD.",311060,코넥스,특수 목적용 기계 제조업,2018-12-28,12,,,20221128
00668965,지오엘리먼트,"GO Element Co., Ltd.",311320,코스닥,전자부품 제조업,2021-11-11,12,,,20250210
01219155,네오크레마,"Neo Cremar Co., Ltd.",311390,코스닥,기타 식품 제조업,2019-08-22,12,,,20260102
01071041,CJ 바이오사이언스,CJ Bioscience,311690,코스닥,자연과학 및 공학 연구개발업,2019-12-26,12,,,20250818
01290132,인터로이드,"InterRoid Co., Ltd.",311960,코넥스,소프트웨어 개발 및 공급업,2022-11-29,12,,,20260311
01223219,에이에프더블류,"A.F.W Co., Ltd",312610,코스닥,1차 비철금속 제조업,2019-07-01,12,,,20260504
00863038,캐리,"CARRY CO., LTD.",313760,코스닥,"전동기, 발전기 및 전기 변환 · 공급 · 제어 장치 제조업",2019-07-25,12,,,20241212
01276026,지놈앤컴퍼니,Genome&Company,314130,코스닥,기초 의약물질 제조업,2020-12-23,12,,,20240329
01182259,알피바이오,RPbio Inc.,314140,코스닥,의약품 제조업,2022-09-29,12,,,20260701
01117413,바이오다인,"BIODYNE CO., LTD.",314930,코스닥,의료용 기기 제조업,2021-03-17,12,,,20260213
01344831,딥노이드,DEEPNOID Inc.,315640,코스닥,소프트웨어 개발 및 공급업,2021-08-17,12,,,20260303
01350869,우리금융지주,Woori Financial Group Inc.,316140,유가,기타 금융업,2019-02-13,12,,30,20230327
01327092,라닉스,RANIX INC.,317120,코스닥,반도체 제조업,2019-09-18,12,,,20260831
01353024,TS트릴리온,"TS Trillion Co., Ltd.",317240,코스닥,기타 화학제품 제조업,2019-04-29,12,,,20250224
01021666,덕산테코피아,"Duksan Techopia Co., Ltd.",317330,코스닥,기타 화학제품 제조업,2019-08-02,12,,,20260322
00367844,자이에스앤디,Xi S&D Inc.,317400,유가,부동산 임대 및 공급업,2019-11-06,12,,,20260430
00179489,명인제약,"MYUNGIN PHARM.CO., LTD",317450,유가,의약품 제조업,2025-10-01,12,,,20260327
01267222,에피소드컴퍼니,"Episode Company Co., Ltd.",317530,코스닥,"영화, 비디오물, 방송프로그램 제작 및 배급업",2019-10-29,12,,,20260716
01311286,퀀타매트릭스,QuantaMatrix Incorporated,317690,코스닥,의료용 기기 제조업,2020-12-09,12,,,20260624
01231786,엑스페릭스,Xperix Inc.,317770,코스닥,전자부품 제조업,2019-08-01,12,,,20230717
00624749,에스피시스템스,"SP SYSTEMS CO.,LTD.",317830,코스닥,특수 목적용 기계 제조업,2019-08-14,12,,,20230328
00450995,대모,"DAEMO Engineering Co., Ltd.",317850,코스닥,특수 목적용 기계 제조업,2019-07-24,12,,,20240628
01328170,노드메이슨,"Nordmason Co.,LTD",317860,코넥스,기타 화학제품 제조업,2019-12-06,12,,,20230228
00964595,엔바이오니아,"Envioneer Co., Ltd.",317870,코스닥,그외 기타 제품 제조업,2019-10-24,12,,,20260526
00876166,KBG,KBG Corp.,318000,코스닥,합성고무 및 플라스틱 물질 제조업,2019-08-01,12,,,20251209
00986898,팜스빌,"Pharmsville Co., Ltd.",318010,코스닥,기타 식품 제조업,2019-10-22,12,,,20240701
00962393,포인트모바일,"POINT MOBILE Co., Ltd.",318020,코스닥,컴퓨터 및 주변장치 제조업,2020-12-03,12,,,20240708
01565054,그래피,Graphy Inc.,318060,코스닥,합성고무 및 플라스틱 물질 제조업,2025-08-25,12,,,20250825
01288410,셀바이오휴먼텍,"Cell Bio Human Tech Co., Ltd",318160,코스닥,기타 섬유제품 제조업,2023-04-20,12,,,20240401
01153105,비비씨,"Best Bristle Company Co., Ltd.",318410,코스닥,기타 화학제품 제조업,2020-09-21,12,,,20240911
01345724,타임기술,TIME Technical Support. ltd,318660,코넥스,소프트웨어 개발 및 공급업,2021-06-24,12,,,20230220
01358463,현대무벡스,"HYUNDAI MOVEX Co., Ltd.",319400,코스닥,일반 목적용 기계 제조업,2019-05-08,12,,239,20240329
01365825,피에스케이,PSK INC.,319660,코스닥,특수 목적용 기계 제조업,2019-05-10,12,,142,20260331
01359815,한울반도체,"HanWool Semiconductor, Inc.",320000,코스닥,특수 목적용 기계 제조업,2019-09-18,12,,,20251204
01359736,프로이천,"PRO2000 CO.,LTD.",321260,코스닥,반도체 제조업,2019-05-31,12,,,20260715
01593668,센서뷰,"SENSORVIEW CO., LTD.",321370,코스닥,전자부품 제조업,2023-07-19,12,,,20260624
01335930,티움바이오,"TiumBio Co., Ltd.",321550,코스닥,자연과학 및 공학 연구개발업,2019-11-22,12,,,20250613
01116502,아티스트컴퍼니,Artist Company Inc.,321820,코스닥,창작 및 예술관련 서비스업,2021-02-03,12,,,20260716
01199550,HD현대에너지솔루션,"HD HYUNDAI ENERGY SOLUTIONS CO.,LTD.",322000,유가,반도체 제조업,2019-11-19,12,,320,20231101
01309388,LS티라유텍,"LS THiRA-UTECH CO.,LTD",322180,코스닥,소프트웨어 개발 및 공급업,2019-10-31,12,,,20250515
01016479,오로스테크놀로지,"AUROS TECHNOLOGY, INC.",322310,코스닥,특수 목적용 기계 제조업,2021-02-24,12,,,20260309
01153293,제이엘케이,"JLK, Inc.",322510,코스닥,소프트웨어 개발 및 공급업,2019-12-11,12,,,20250729
01364297,코퍼스코리아,"COPUS KOREA Co., Ltd.",322780,코스닥,"영화, 비디오물, 방송프로그램 제작 및 배급업",2019-05-31,12,,,20260818
01293388,무진메디,"Moogene Medi Co., Ltd.",322970,코넥스,자연과학 및 공학 연구개발업,2020-06-24,12,,,20220708
01366000,태성,"TAESUNG CO.,LTD.",323280,코스닥,특수 목적용 기계 제조업,2019-06-24,12,,281,20260720
01344363,다원넥스뷰,"DAWON NEXVIEW CO.,LTD.",323350,코스닥,특수 목적용 기계 제조업,2024-06-11,12,,,20260416
01133217,카카오뱅크,KakaoBank Corp.,323410,유가,은행 및 저축기관,2021-08-06,12,,81,20260313
01335851,박셀바이오,Vaxcell-Bio Therapeutics,323990,코스닥,자연과학 및 공학 연구개발업,2020-09-22,12,,,20251201
00878696,에스케이바이오팜,"SK biopharmaceuticals Co., Ltd.",326030,유가,자연과학 및 공학 연구개발업,2020-07-02,12,,116,20230329
01343665,RF머트리얼즈,"RF Materials Co., Ltd.",327260,코스닥,전자부품 제조업,2019-12-24,12,,393,20260327
01397620,루닛,Lunit Inc.,328130,코스닥,소프트웨어 개발 및 공급업,2022-07-21,12,,416,20230220
01390399,솔트웨어,"Saltware Co., Ltd.",328380,코스닥,"컴퓨터 프로그래밍, 시스템 통합 및 관리업",2019-08-20,12,,,20250228
01390344,HD현대중공업,"HD HYUNDAI HEAVY INDUSTRIES CO.,LTD.",329180,유가,선박 및 보트 건조업,2021-09-17,12,,15,20260401
00765851,위더스제약,"Withus Pharmaceutical. Co., LTD",330350,코스닥,의약품 제조업,2020-07-03,12,,,20240701
01363818,롯데리츠,"LOTTE REIT Co., Ltd.",330590,유가,부동산 임대 및 공급업,2019-10-30,6,,,20230704
01305249,스톤브릿지벤처스,Stonebridge Ventures Inc.,330730,코스닥,기타 금융업,2022-02-25,12,,,20230509
01368354,네패스아크,Nepes Ark Corporation,330860,코스닥,"그외 기타 전문, 과학 및 기술 서비스업",2020-11-17,12,,536,20240329
01393721,포커스에이아이,"FOCUS AI Co., Ltd.",331380,코스닥,영상 및 음향기기 제조업,2019-10-02,12,,,20260401
01398151,밸로프,"VALOFE Co.,Ltd.",331520,코스닥,소프트웨어 개발 및 공급업,2019-10-29,12,,,20250930
01363924,한국미라클피플사,"KOREA MIRACLE PEOPLE COMPANY Co., Ltd.",331660,코넥스,기타 화학제품 제조업,2019-10-28,12,,,20240614
01649620,아우토크립트,"Autocrypt Co., Ltd.",331740,코스닥,소프트웨어 개발 및 공급업,2025-07-15,12,,,20260227
01114586,셀레믹스,"Celemics, Inc.",331920,코스닥,기초 의약물질 제조업,2020-08-21,12,,,20260316
01860010,오션스바이오,"OceansBio Co., Ltd.",332190,코넥스,의료용 기기 제조업,2025-01-14,12,,,20260825
01394669,누보,"NOUSBO CO., LTD",332290,코스닥,"비료, 농약 및 살균, 살충제 제조업",2019-10-11,12,,,20250821
01213586,아이디피,"IDP Corp., Ltd.",332370,코스닥,컴퓨터 및 주변장치 제조업,2020-08-24,12,,,20220225
01015160,PS일렉트로닉스,"Pentastone Electronics, Inc.",332570,코스닥,전자부품 제조업,2020-07-31,12,,525,20250507
01407158,이노테나,"Innotena, Inc.",333050,코스닥,소프트웨어 개발 및 공급업,2019-10-31,12,,,20260421
01396676,일승,"IL SEUNG Co., LTD",333430,코스닥,선박 및 보트 건조업,2019-11-06,12,,,20260402
01310773,엔시스,"Nsys Co., Ltd.",333620,코스닥,기타 전기장비 제조업,2021-04-01,12,,,20250102
01394377,이지스밸류플러스리츠,"IGIS Value Plus REIT Co., Ltd.",334890,유가,부동산 임대 및 공급업,2020-07-16,8,,,20221013
01258428,프레스티지바이오로직스,"Prestige Biologics Co., Ltd.",334970,코스닥,의약품 제조업,2021-03-11,6,,,20260529
01137295,프리시젼바이오,Precision Biosensor Inc.,335810,코스닥,의료용 기기 제조업,2020-12-22,12,,,20220225
01405585,윙스풋,WING'S FOOT INC.,335870,코스닥,"섬유, 의복, 신발 및 가죽제품 소매업",2019-12-09,12,,,20260119
01118139,타스컴,"TASCOM Co.,Ltd.",336040,코넥스,의료용 기기 제조업,2019-12-02,12,,,20251223
01408999,웨이버스,"WAVUS Co.,Ltd",336060,코스닥,소프트웨어 개발 및 공급업,2019-11-28,12,,,20241018
01412725,두산퓨얼셀,"Doosan Fuel Cell Co., Ltd.",336260,유가,"전동기, 발전기 및 전기 변환 · 공급 · 제어 장치 제조업",2019-10-18,12,,190,20250328
01412822,솔루스첨단소재,Solus Advanced Materials Co. Ltd.,336370,유가,전자부품 제조업,2019-10-18,12,,,20260316
01407909,원텍,"WON TECH CO.,Ltd.",336570,코스닥,의료용 기기 제조업,2019-12-19,12,,512,20220819
00814582,탑런토탈솔루션,"TOP RUN TOTAL SOLUTION CO.,LTD",336680,코스닥,전자부품 제조업,2024-11-01,12,,,20251104
01396931,유엑스엔,"UXN Co., Ltd.",337840,코넥스,의료용 기기 제조업,2019-11-28,12,,,20221108
01391103,젝시믹스,XEXYMIX Corporation,337930,코스닥,기타 정보 서비스업,2020-08-13,12,,,20260724
01391033,NH프라임리츠,"NH Prime REIT Co., Ltd.",338100,유가,부동산 임대 및 공급업,2019-12-05,11,,,20260223
01344202,뷰노,"VUNO, Inc.",338220,코스닥,소프트웨어 개발 및 공급업,2021-02-26,12,,,20240115
01226234,와이바이오로직스,"Y-Biologics, Inc",338840,코스닥,자연과학 및 공학 연구개발업,2023-12-05,12,,,20260706
00453284,교촌에프앤비,"KYOCHON FOOD&BEVERAGE CO., LTD.",339770,유가,음·식료품 및 담배 도매업,2020-11-12,12,,,20250925
01414422,아이비김영,"IBKIMYOUNG CO.,LTD.",339950,코스닥,일반 교습 학원,2019-12-24,12,,,20260326
01416642,다보링크,DAVOLINK Inc.,340360,코스닥,통신 및 방송 장비 제조업,2019-12-19,12,,,20260401
01416572,세림B&G,"SERIM B&G Co.,Ltd",340440,코스닥,플라스틱제품 제조업,2019-12-27,12,,,20240220
01432598,지씨지놈,GC Genome Corporation,340450,코스닥,"그외 기타 전문, 과학 및 기술 서비스업",2025-06-11,12,,,20250611
00608440,티앤엘,"T&L Co., LTD.",340570,코스닥,의료용품 및 기타 의약 관련제품 제조업,2020-11-20,12,,517,20240701
01315042,시선AI,"SECERN AI Co., Ltd.",340810,코스닥,소프트웨어 개발 및 공급업,2023-05-19,12,,,20260727
01368637,성원에너텍,"SUNGWON ENER TECH CO., LTD.",340930,코스닥,특수 목적용 기계 제조업,2021-02-25,12,유일에너테크,,20260703
01185867,퓨쳐메디신,"Future Medicine  Co., Ltd.",341170,코넥스,자연과학 및 공학 연구개발업,2022-07-27,12,,,20260608
01428948,오아,"OA Co., Ltd.",342870,코스닥,가전제품 및 정보통신장비 소매업,2025-09-09,12,,,20260821
01428203,케이씨씨글라스,KCC GLASS Corporation,344820,유가,유리 및 유리제품 제조업,2020-01-21,12,,,20250508
01419135,이노진,"INNOGENE Co., Ltd.",344860,코스닥,기타 화학제품 제조업,2023-02-20,12,,,20260810
01309069,타이드,"TIDE Co., Ltd.",346010,코넥스,전자부품 제조업,2022-12-28,12,,,20250624
01023318,센코,"SENKO Co.,Ltd.",347000,코스닥,"측정, 시험, 항해, 제어 및 기타 정밀기기 제조업; 광학기기 제외",2020-10-29,12,,,20260315
01336762,스피어,Sphere Corp.,347700,코스닥,소프트웨어 개발 및 공급업,2021-03-23,12,,362,20260818
01290381,피엔케이피부임상연구센타,"P&K Skin Research Center Co.,Ltd.",347740,코스닥,"그외 기타 전문, 과학 및 기술 서비스업",2020-09-09,12,,,20240401
01405390,핌스,PIMS Inc.,347770,코스닥,전자부품 제조업,2020-09-18,12,,,20230217
01376715,디앤디파마텍,D&D Pharmatech Inc.,347850,코스닥,자연과학 및 공학 연구개발업,2024-05-02,12,,266,20260303
01405451,알체라,Alchera Inc.,347860,코스닥,소프트웨어 개발 및 공급업,2020-12-21,12,,,20260326
00670766,엠엑스온,MX On CORPORATION,347890,코스닥,"측정, 시험, 항해, 제어 및 기타 정밀기기 제조업; 광학기기 제외",2020-07-29,12,,,20260421
01210190,모비릭스,MOBIRIX Corporation,348030,코스닥,소프트웨어 개발 및 공급업,2021-01-28,12,,,20260604
01357765,큐라티스,Quratis Inc.,348080,코스닥,자연과학 및 공학 연구개발업,2023-06-15,12,,,20241217
01399071,고바이오랩,"KoBioLabs, Inc.",348150,코스닥,자연과학 및 공학 연구개발업,2020-11-18,12,,,20260413
01080252,넥스틴,NEXTIN Inc.,348210,코스닥,특수 목적용 기계 제조업,2020-10-08,12,,530,20231218
01336461,뉴로메카,"Neuromeka Co., Ltd.",348340,코스닥,특수 목적용 기계 제조업,2022-11-04,12,,476,20231204
00925587,위드텍,"WITHTECH, Inc.",348350,코스닥,"측정, 시험, 항해, 제어 및 기타 정밀기기 제조업; 광학기기 제외",2020-10-30,12,,,20230223
01011526,엔켐,"Enchem Co., Ltd.",348370,코스닥,기초 화학물질 제조업,2021-11-01,12,,483,20250417
01415892,제이알글로벌리츠,JR GLOBAL REIT,348950,유가,부동산 임대 및 공급업,2020-08-07,6,,,20220818
01436628,이지스레지던스리츠,"IGIS RESIDENCE REIT Co., Ltd.",350520,유가,부동산 임대 및 공급업,2020-08-05,6,,,20260428
01547933,미쥬,"Miju Co., Ltd.",351020,코넥스,봉제의복 제조업,2023-10-26,12,,,20260223
01440153,넥사다이내믹스,"Nexa Dynamics Co., Ltd.",351320,코스닥,특수 목적용 기계 제조업,2020-06-22,12,,,20260916
01135640,이삭엔지니어링,"ISAAC Engineering Co., Ltd.",351330,코스닥,"컴퓨터 프로그래밍, 시스템 통합 및 관리업",2021-04-21,12,,,20220810
00909835,차이커뮤니케이션,"Chai Communication Co., LTD.",351870,코스닥,광고업,2024-09-27,12,,,20240927
01226270,스톰테크,"Stormtec Co.,Ltd",352090,코스닥,플라스틱제품 제조업,2023-11-20,12,,,20241008
01226410,씨앤씨인터내셔널,"C&C International Co.,Ltd.",352480,코스닥,기타 화학제품 제조업,2021-05-17,12,,,20260401
00875237,씨앤투스,"CNTUS Co., Ltd",352700,코스닥,화학섬유 제조업,2021-01-28,12,,,20250502
01201970,셀레스트라,Celestra Inc.,352770,코스닥,의료용품 및 기타 의약 관련제품 제조업,2020-12-04,12,,,20260928
01204056,하이브,"HYBE Co., Ltd.",352820,유가,오디오물 출판 및 원판 녹음업,2020-10-15,12,,104,20240913
00494546,오비고,Obigo Inc.,352910,코스닥,"컴퓨터 프로그래밍, 시스템 통합 및 관리업",2021-07-13,12,,,20251128
00367871,인바이오,"ENBIOCO., LTD.",352940,코스닥,"비료, 농약 및 살균, 살충제 제조업",2020-12-11,12,,,20260922
01453670,휴럼,"Hurum Co., Ltd.",353190,코스닥,기타 식품 제조업,2020-06-17,12,,,20240701
01478712,대덕전자,"DAEDUCK ELECTRONICS CO.,LTD",353200,유가,전자부품 제조업,2020-05-21,12,,95,20230216
01084294,오토앤,AUTO& Inc.,353590,코스닥,자동차 부품 및 내장품 판매업,2022-01-20,12,,,20260310
01480568,이지바이오,"EASY BIO, Inc.",353810,코스닥,동물용 사료 및 조제식품 제조업,2020-06-05,12,,,20260401
01397903,엔젠바이오,"NGeneBio Co., Ltd.",354200,코스닥,"그외 기타 전문, 과학 및 기술 서비스업",2020-12-10,12,,,20260916
00229030,알멕,"ALMAC  CO., Ltd",354320,코스닥,1차 비철금속 제조업,2023-06-30,12,,,20260327
00533809,바스칸바이오제약,BASKHANBIOPharma Inc.,354390,코넥스,의약품 제조업,2022-07-20,12,,,20240701
01476219,코스텍시스,"KOSTECSYS. CO., LTD.",355150,코스닥,반도체 제조업,2020-09-18,12,,,20231123
01514005,크라우드웍스,"CrowdWorks, Inc.",355390,코스닥,소프트웨어 개발 및 공급업,2023-08-31,12,,,20260303
01444380,에이텀,"ATUM CO., LTD.",355690,코스닥,전자부품 제조업,2023-12-01,12,,,20260902
01372782,엑스게이트,"AXGATE Co., Ltd.",356680,코스닥,소프트웨어 개발 및 공급업,2023-03-16,12,,470,20240827
00920379,티엘비,"TLB Co., Ltd.",356860,코스닥,전자부품 제조업,2020-12-14,12,,379,20230223
01293953,싸이버원,"CyberOne Co., Ltd.",356890,코스닥,소프트웨어 개발 및 공급업,2021-03-11,12,,,20240223
01430475,코람코라이프인프라리츠,"KORAMCO LIFE INFRA REIT CO.,LTD",357120,유가,부동산 임대 및 공급업,2020-08-31,11,,,20260609
01068737,에이치피오,"H.PIO Co., Ltd.",357230,코스닥,기타 식품 제조업,2021-05-14,12,,,20260401
01437292,미래에셋맵스리츠,"Miraeasset Maps REIT 1 Co., Ltd.",357250,유가,부동산 임대 및 공급업,2020-08-05,11,,,20230120
01442966,마스턴프리미어리츠,"MASTERN PREMIER REIT 1 Co., Ltd.",357430,유가,부동산 임대 및 공급업,2022-05-31,3,,,20240626
00921916,석경에이티,"Sukgyung AT Co., Ltd.",357550,코스닥,기초 화학물질 제조업,2020-12-23,12,,,20230214
01012987,아모센스,"Amosense Co., Ltd.",357580,코스닥,전자부품 제조업,2021-06-25,12,,,20260325
01489648,솔브레인,"Soulbrain Co., Ltd.",357780,코스닥,기타 화학제품 제조업,2020-08-06,12,,175,20250905
01381984,SKAI,"SKAI worldwide Co., Ltd.",357880,코스닥,소프트웨어 개발 및 공급업,2021-11-10,12,,,20250312
01351080,지아이이노베이션,GI Innovation Inc.,358570,코스닥,자연과학 및 공학 연구개발업,2023-03-30,12,,459,20260904
01487446,씨엔알리서치,C&R Research Inc.,359090,코스닥,"그외 기타 전문, 과학 및 기술 서비스업",2020-09-23,12,,,20230222
01360875,탑머티리얼,"TOP MATERIAL Co., Ltd",360070,코스닥,일차전지 및 이차전지 제조업,2022-10-18,12,,,20260224
01493793,코셈,"COXEM CO., LTD",360350,코스닥,"측정, 시험, 항해, 제어 및 기타 정밀기기 제조업; 광학기기 제외",2024-02-23,12,,,20240801
01014718,제노코,"Genohco, Inc",361390,코스닥,통신 및 방송 장비 제조업,2021-03-24,12,,,20230220
01303029,알비더블유,RBW Inc.,361570,코스닥,오디오물 출판 및 원판 녹음업,2021-11-22,12,,,20220425
01386916,SK아이이테크놀로지,"SK ie technology Co., Ltd.",361610,유가,일차전지 및 이차전지 제조업,2021-05-11,12,,335,20250707
00405506,삼영에스앤씨,"SAMYOUNG S&C CO., LTD.",361670,코스닥,전자부품 제조업,2021-05-21,12,,,20250911
01534577,청담글로벌,"CHUNGDAMGLOBAL Co., Ltd.",362320,코스닥,생활용품 도매업,2022-06-03,12,,,20250805
01492688,드림인사이트,"DREAMINSIGHT Co., Ltd.",362990,코스닥,광고업,2024-01-25,12,,,20240906
01437858,진시스템,"Genesystem Co., Ltd",363250,코스닥,의료용 기기 제조업,2021-05-26,12,,,20260401
01493535,모비데이즈,Mobidays Inc.,363260,코스닥,광고업,2021-02-10,12,,,20230427
01497869,티와이홀딩스,"TY Holdings Co., Ltd.",363280,유가,기타 금융업,2020-09-22,12,,,20260309
01307593,에이아이코리아,"AI Korea Co., Ltd.",364950,코스닥,특수 목적용 기계 제조업,2025-04-29,12,,,20260428
01397772,큐라클,"curacle co., ltd.",365270,코스닥,자연과학 및 공학 연구개발업,2021-07-22,12,,,20230217
01135084,에스와이스틸텍,"SY STEEL TECH, Inc.",365330,코스닥,"구조용 금속제품, 탱크 및 증기발생기 제조업",2023-11-13,12,,,20251215
01274329,성일하이텍,"SungEel HiTech Co., Ltd.",365340,코스닥,기초 화학물질 제조업,2022-07-28,12,,488,20240926
01437186,ESR켄달스퀘어리츠,"ESR Kendall Square REIT Co., Ltd.",365550,유가,부동산 임대 및 공급업,2020-12-23,5,,,20230119
01505186,하이딥,HiDeep Inc.,365590,코스닥,반도체 제조업,2020-12-21,12,,,20221205
01424261,레몬헬스케어,LEMON HEALTHCARE Co.,365660,코스닥,소프트웨어 개발 및 공급업,2026-07-06,12,,,20260706
01354740,브이씨,VC Inc.,365900,코스닥,운동 및 경기용구 제조업,2022-02-24,12,,,20230217
01307335,나인앤컴퍼니,Nine & Company Inc.,366030,코스닥,의복 액세서리 제조업,2022-03-23,12,공구우먼,,20260630
01454341,플래티어,"Plateer Co., Ltd.",367000,코스닥,소프트웨어 개발 및 공급업,2021-08-12,12,,,20250729
01302853,아이씨에이치,"ICH Co., Ltd.",368600,코스닥,전자부품 제조업,2022-07-29,12,,,20240502
01513440,파이버프로,"FIBERPRO, Inc.",368770,코스닥,"측정, 시험, 항해, 제어 및 기타 정밀기기 제조업; 광학기기 제외",2021-01-21,12,,494,20260311
01491607,오에스피,"OSP Co., Ltd",368970,코스닥,동물용 사료 및 조제식품 제조업,2022-10-14,12,,,20260729
01508855,블리츠웨이엔터테인먼트,"Blitzway Entertainment Co., Ltd.",369370,코스닥,창작 및 예술관련 서비스업,2020-12-23,12,,,20260330
01357446,퓨런티어,Furonteer Inc.,370090,코스닥,"측정, 시험, 항해, 제어 및 기타 정밀기기 제조업; 광학기기 제외",2022-02-23,12,,,20240318
00417167,풍원정밀,"POONGWON PRECISION Co.,Ltd.",371950,코스닥,전자부품 제조업,2022-02-28,12,,,20220721
00925374,윤성에프앤씨,"YUNSUNG F&C Co.,Ltd",372170,코스닥,특수 목적용 기계 제조업,2022-11-14,12,,,20250926
01492651,큐로셀,Curocell Inc.,372320,코스닥,자연과학 및 공학 연구개발업,2023-11-09,12,,563,20240919
01429840,아이티아이즈,ITEYES Inc.,372800,코스닥,소프트웨어 개발 및 공급업,2021-11-11,12,,,20260317
00534598,한컴라이프케어,Hancom Lifecare Inc.,372910,유가,의료용 기기 제조업,2021-08-17,12,,,20250103
01492217,엑셀세라퓨틱스,Xcell Therapeutics Inc.,373110,코스닥,기초 의약물질 제조업,2024-07-15,12,,,20240715
01455492,데이원컴퍼니,Day1 Company Inc.,373160,코스닥,기타 교육기관,2025-01-24,12,,,20260323
01497142,엠아이큐브솔루션,"MICUBE SOLUTION, INC.",373170,코스닥,소프트웨어 개발 및 공급업,2023-08-04,12,,,20260715
01514698,엑스플러스,Xplus Inc.,373200,코스닥,그외 기타 제품 제조업,2021-02-26,12,,,20250423
01515323,LG에너지솔루션,"LG ENERGY SOLUTION, LTD.",373220,유가,일차전지 및 이차전지 제조업,2022-01-27,12,,6,20250812
01524093,DL이앤씨,"DL E&C CO.,LTD.",375500,유가,토목 건설업,2021-01-25,12,,198,20250911
00604028,피코그램,"picogram Co., Ltd.",376180,코스닥,그외 기타 제품 제조업,2021-11-03,12,,,20240226
01480708,HEM파마,HEM Pharma Inc.,376270,코스닥,자연과학 및 공학 연구개발업,2024-11-05,12,,,20260804
00575106,씨유테크,CU TECH CORPORATION,376290,코스닥,전자부품 제조업,2021-10-08,12,,,20230215
01456011,디어유,"DEAR U Co.,Ltd.",376300,코스닥,소프트웨어 개발 및 공급업,2021-11-10,12,,515,20251229
01335143,로킷헬스케어,ROKIT HEALTHCARE Inc.,376900,코스닥,의료용품 및 기타 의약 관련제품 제조업,2025-05-12,12,,492,20260310
01494118,노을,"Noul Co., Ltd.",376930,코스닥,의료용 기기 제조업,2022-03-03,12,,,20240905
01441611,원티드랩,Wanted Lab Inc.,376980,코스닥,소프트웨어 개발 및 공급업,2021-08-11,12,,,20230221
01409095,비트맥스,"BITMAX CO., LTD",377030,코스닥,소프트웨어 개발 및 공급업,2021-07-27,12,,,20260911
01475609,디앤디플랫폼리츠,"D&D Platform REIT Co., Ltd.",377190,유가,부동산 임대 및 공급업,2021-08-27,3,,,20240122
01217865,프롬바이오,"From Bio Co., Ltd.",377220,코스닥,기타 식품 제조업,2021-09-28,12,,,20260311
01244601,카카오페이,kakaopay Corp.,377300,유가,금융 지원 서비스업,2021-11-03,12,,122,20260308
01140837,이지트로닉스,"EGTRONICS Co., Ltd.",377330,코스닥,"전동기, 발전기 및 전기 변환 · 공급 · 제어 장치 제조업",2022-02-04,12,,,20260623
01210066,리파인,"REFINE Co., Ltd.",377450,코스닥,기타 정보 서비스업,2021-10-29,12,,,20260401
01175499,큐에이드,"Q AID CO., LTD.",377460,코스닥,개인 및 가정용품 수리업,2022-06-23,12,,,20260427
01297898,마음AI,"MAUM.AI, INC.",377480,코스닥,소프트웨어 개발 및 공급업,2021-11-23,12,,,20260324
00622787,바이오노트,"BioNote, Inc.",377740,유가,의료용품 및 기타 의약 관련제품 제조업,2022-12-22,12,,,20221222
01488320,필에너지,"PHILENERGY CO., LTD.",378340,코스닥,특수 목적용 기계 제조업,2023-07-14,12,,,20230714
01387164,샤페론,Shaperon Inc.,378800,코스닥,기초 의약물질 제조업,2022-10-19,12,,,20240222
01532603,화승알앤에이,"HWASEUNG R&A CO., LTD.",378850,유가,자동차 신품 부품 제조업,2021-03-15,12,,,20220330
01365384,이성씨엔아이,"IHSUNGCNI CO.,LTD.",379390,코넥스,"건축기술, 엔지니어링 및 관련 기술 서비스업",2021-06-04,12,,,20231229
01506990,옵티코어,OptiCore Inc.,380540,코스닥,마그네틱 및 광학 매체 제조업,2022-12-29,12,,,20250710
01782004,뉴로핏,NEUROPHET Inc.,380550,코스닥,소프트웨어 개발 및 공급업,2025-07-25,12,,,20260921
01293485,제닉스로보틱스,"ZENIX ROBOTICS CO.,LTD",381620,코스닥,특수 목적용 기계 제조업,2024-09-30,12,,,20260312
01323032,KG모빌리티플랫폼,"KG Mobility Platform Co., Ltd.",381970,유가,자동차 판매업,2021-10-13,12,케이카,,20260923
01423916,온코크로스,"Oncocross Co.,Ltd.",382150,코스닥,자연과학 및 공학 연구개발업,2024-12-18,12,,,20250331
01311310,지아이텍,"G.I.Tech Co.,Ltd.",382480,코스닥,특수 목적용 기계 제조업,2021-10-21,12,,,20260325
00958327,지앤비에스 에코,"GnBS eco Co.,Ltd",382800,코스닥,특수 목적용 기계 제조업,2021-10-29,12,,,20241120
01459212,원준,"Onejoon Co., Ltd.",382840,코스닥,특수 목적용 기계 제조업,2021-10-07,12,,,20220225
01435489,범한퓨얼셀,"Bumhan Fuel Cell Co.,Ltd.",382900,코스닥,"전동기, 발전기 및 전기 변환 · 공급 · 제어 장치 제조업",2022-06-17,12,,,20260401
01568413,F&F,"F&F CO.,Ltd",383220,유가,봉제의복 제조업,2021-05-21,12,,217,20250414
01566248,에코프로에이치엔,"ECOPRO HN CO., LTD",383310,코스닥,기타 화학제품 제조업,2021-05-28,12,,479,20230223
01562589,LX홀딩스,LX Holdings Corp.,383800,유가,기타 금융업,2021-05-27,12,,,20251202
01437432,디티앤씨알오,"DT&CRO CO., Ltd.",383930,코스닥,자연과학 및 공학 연구개발업,2022-11-11,12,,,20251112
01512575,코어라인소프트,"Coreline Soft Co., Ltd",384470,코스닥,소프트웨어 개발 및 공급업,2023-09-18,12,,,20260416
01586923,스카이랩스,Sky Labs Inc.,386380,코스닥,의료용 기기 제조업,2026-09-04,12,,569,20260904
01455410,파인메딕스,"Finemedix Co., Ltd.",387570,코스닥,의료용 기기 제조업,2024-12-26,12,,,20250701
01501764,레메디,REMEDI Inc.,387690,코스닥,의료용 기기 제조업,2026-07-13,12,,,20260713
01462605,지투파워,G2Power Co. Ltd,388050,코스닥,"전동기, 발전기 및 전기 변환 · 공급 · 제어 장치 제조업",2022-04-01,12,,,20260401
01529982,씨엠티엑스,"CMTX Co.,Ltd.",388210,코스닥,전자부품 제조업,2025-11-20,12,,396,20260420
01221752,지에프씨생명과학,"GFC Life Science Co., Ltd.",388610,코스닥,기타 화학제품 제조업,2025-06-30,12,,,20251110
01152586,유일로보틱스,"Yuilrobotics.  co., Ltd",388720,코스닥,특수 목적용 기계 제조업,2022-03-18,12,,408,20260311
01569102,라이콤,"LiComm Co., Ltd.",388790,코스닥,통신 및 방송 장비 제조업,2021-09-03,12,,,20260303
01495180,파로스아이바이오,"Pharos iBio Co., Ltd.",388870,코스닥,자연과학 및 공학 연구개발업,2023-07-27,12,,,20260508
01365038,자람테크놀로지,"Zaram Technology,Inc.",389020,코스닥,반도체 제조업,2023-03-07,12,,,20230307
01494154,지니너스,GENINUS Inc.,389030,코스닥,자연과학 및 공학 연구개발업,2021-11-08,12,,,20230918
01513699,포바이포,4by4 Inc.,389140,코스닥,"영화, 비디오물, 방송프로그램 제작 및 배급업",2022-04-28,12,,,20250605
01150515,대명에너지,Dae Myoung Energy Co. Ltd.,389260,코스닥,건물 건설업,2022-05-16,12,,,20240415
01516456,인벤티지랩,Inventage Lab Inc.,389470,코스닥,자연과학 및 공학 연구개발업,2022-11-22,12,,548,20250804
00567897,에스비비테크,"SBB TECH Co., Ltd.",389500,코스닥,일반 목적용 기계 제조업,2022-10-17,12,,597,20240603
01385050,넥스트바이오메디컬,"NEXTBIOMEDICAL Co., Ltd.",389650,코스닥,의료용 기기 제조업,2024-08-20,12,,,20240820
01498576,유디엠텍,"UDMTEK Co.,Ltd.",389680,코스닥,소프트웨어 개발 및 공급업,2024-11-20,12,,,20260929
01507810,애니메디솔루션,anymedi Inc.,390110,코넥스,의료용 기기 제조업,2022-12-21,12,,,20260312
01573284,코닉오토메이션,Kornic Automation Co.Ltd.,391710,코스닥,특수 목적용 기계 제조업,2021-10-15,12,,,20260714
01436479,토마토시스템,"TOMATOSYSTEM Co., Ltd.",393210,코스닥,소프트웨어 개발 및 공급업,2023-04-27,12,,,20260330
01291317,더블유씨피,"W-SCOPE CHUNGJU PLANT Co., Ltd.",393890,코스닥,일차전지 및 이차전지 제조업,2022-09-30,12,,553,20230208
01549472,대진첨단소재,DAEJIN ADVANCED MATERIALS Inc.,393970,코스닥,플라스틱제품 제조업,2025-03-06,12,,,20260316
01571107,오픈엣지테크놀로지,"Openedges Technology, Inc.",394280,코스닥,소프트웨어 개발 및 공급업,2022-09-26,12,,,20251128
01685677,리센스메디컬,"RecensMedical, Inc.",394420,코스닥,의료용 기기 제조업,2026-03-31,12,,,20260331
01506617,쓰리빌리언,3billion Inc.,394800,코스닥,자연과학 및 공학 연구개발업,2024-11-14,12,,,20260224
01535150,SK리츠,"SK REIT Co., Ltd.",395400,유가,부동산 임대 및 공급업,2021-09-14,3,,315,20221220
01515864,넥스트칩,"Nextchip Co., Ltd.",396270,코스닥,반도체 제조업,2022-07-01,12,,,20240219
00534701,HT로보틱스,"HT ROBOTICS Co., Ltd",396300,코스닥,기타 금속 가공제품 제조업,2022-03-24,12,세아메카닉스,,20260904
00866451,워트,"WOT.CO.,LTD.",396470,코스닥,특수 목적용 기계 제조업,2023-10-26,12,,,20260401
01576102,미래에셋글로벌리츠,"Mirae Asset Global REIT Co., Ltd.",396690,유가,부동산 임대 및 공급업,2021-12-03,3,,,20230110
01375822,에이프릴바이오,"AprilBio Co.,Ltd.",397030,코스닥,자연과학 및 공학 연구개발업,2022-07-28,12,,505,20250430
01551042,애드포러스,"ADforus Co., Ltd.",397810,코스닥,광고업,2025-08-22,12,,,20260304
01179866,에스지헬스케어,"SGHEALTHCARE CO.,LTD.",398120,코스닥,의료용 기기 제조업,2024-12-19,12,,,20250106
01364747,가온칩스,"GAONCHIPS CO., LTD.",399720,코스닥,반도체 제조업,2022-05-20,12,,461,20230216
01480780,NH올원리츠,"NH All-One REIT Co., Ltd.",400760,유가,부동산 임대 및 공급업,2021-11-18,12,,,20260325
00601988,코난테크놀로지,KONAN TECHNOLOGY INCORPORATION,402030,코스닥,소프트웨어 개발 및 공급업,2022-07-07,12,,,20230330
01596425,SK스퀘어,"SK Square Co., Ltd.",402340,유가,기타 금융업,2021-11-29,12,,4,20260326
01507722,켈스,CALTH. Inc,402420,코넥스,의료용 기기 제조업,2021-11-30,12,,,20260402
01370863,그린리소스,"Green Resource Co.,Ltd",402490,코스닥,반도체 제조업,2023-11-24,12,,,20240430
01466832,라피치,"RAPEECH Co.,Ltd",403360,코넥스,소프트웨어 개발 및 공급업,2021-12-14,12,,,20260320
01299106,우듬지팜,"WooDeumGee Farm Co., Ltd",403490,코스닥,"과실, 채소 가공 및 저장 처리업",2023-09-19,12,,,20250604
01026157,쏘카,"SOCAR, Inc.",403550,유가,운송장비 임대업,2022-08-22,12,,,20251113
01669794,아이엘로보틱스,"IL ROBOTICS CO., LTD.",403810,코넥스,전자부품 제조업,2025-11-18,12,,,20260330
01138364,더핑크퐁컴퍼니,"The Pinkfong Company, Inc.",403850,코스닥,"영화, 비디오물, 방송프로그램 제작 및 배급업",2025-11-18,12,,,20260804
01288827,HPSP,"HPSP Co., Ltd.",403870,코스닥,특수 목적용 기계 제조업,2022-07-15,12,,121,20260626
01436558,신한서부티엔디리츠,"Shinhan Seobu T&D REIT Co., Ltd.",404990,유가,부동산 임대 및 공급업,2021-12-10,12,,,20240408
01575839,플라즈맵,"Plasmapp Co., Ltd.",405000,코스닥,의료용 기기 제조업,2022-10-21,12,,,20260330
01033591,큐알티,Quality Reliability Technology Inc.,405100,코스닥,"그외 기타 전문, 과학 및 기술 서비스업",2022-11-02,12,,,20260327
01021639,나라셀라,"NARA CELLAR Co.,Ltd.",405920,코스닥,음·식료품 및 담배 도매업,2023-06-02,12,,,20230919
01147487,뷰티스킨,"BEAUTYSKIN Co., Ltd.",406820,코스닥,기타 화학제품 제조업,2023-07-24,12,,,20230724
01586455,꿈비,GGUMBI Inc.,407400,코스닥,가구 제조업,2023-02-09,12,,,20260331
01445024,한패스,"HANPASS CO.,Ltd.",408470,코스닥,기타 금융업,2026-03-25,12,,,20260504
01139965,스튜디오미르,"Studio Mir Co., LTD.",408900,코스닥,"영화, 비디오물, 방송프로그램 제작 및 배급업",2023-02-07,12,,,20230222
01596656,메쎄이상,"Messe eSang Co.,Ltd",408920,코스닥,기타 사업지원 서비스업,2022-03-07,12,,,20230404
01242241,샌즈랩,SANDS LAB Inc.,411080,코스닥,소프트웨어 개발 및 공급업,2023-02-15,12,,,20260304
01573381,레이저쎌,Laserssel Co. Ltd.,412350,코스닥,특수 목적용 기계 제조업,2022-06-24,12,,,20250905
00528791,제일엠앤에스,"JEIL M&S CO., LTD",412540,코스닥,특수 목적용 기계 제조업,2024-04-30,12,,,20240430
01583953,티엘엔지니어링,"TL Engineering  Co., Ltd.",413300,코넥스,"건축기술, 엔지니어링 및 관련 기술 서비스업",2022-09-27,12,,,20221118
01563922,엠오티,"MOT Co., Ltd.",413390,코스닥,특수 목적용 기계 제조업,2024-11-18,12,,,20241118
01601222,씨피시스템,"CP SYSTEM CO.,LTD",413630,코스닥,플라스틱제품 제조업,2022-03-31,12,,,20240809
01462739,비아이매트릭스,"BI MATRIX Co., Ltd.",413640,코스닥,소프트웨어 개발 및 공급업,2023-11-09,12,,,20260421
01540815,스튜디오삼익,"Studio Samick Co.,Ltd.",415380,코스닥,기타 생활용품 소매업,2024-02-06,12,,,20240206
01880801,KB발해인프라,KB Balhae Infrastructure Fund,415640,유가,신탁업 및 집합투자업,2024-11-29,12,,369,20241129
00761183,신성에스티,"Shinsung ST Co., Ltd.",416180,코스닥,자동차 신품 부품 제조업,2023-10-19,12,,,20251001
01524118,나노팀,NanoTIM Co. Ltd.,417010,코스닥,일반 목적용 기계 제조업,2023-03-03,12,,,20240219
01588897,니어스랩,Nearthlab Inc.,417030,코스닥,소프트웨어 개발 및 공급업,2026-08-24,12,,,20260824
01584934,핑거스토리,"Finger Story CO., LTD.",417180,코스닥,기타 정보 서비스업,2022-12-08,12,,,20260312
01528141,LS머트리얼즈,"LS Materials Co.,Ltd.",417200,코스닥,전자부품 제조업,2023-12-12,12,,387,20231212
01180118,코람코더원리츠,KORAMCO THE ONE REIT,417310,유가,부동산 임대 및 공급업,2022-03-28,2,,,20230119
01367586,제이아이테크,"JI-TECH Co., Ltd.",417500,코스닥,기타 화학제품 제조업,2022-11-04,12,,,20230227
01134216,트루엔,"TRUEN Co., Ltd",417790,코스닥,영상 및 음향기기 제조업,2023-05-17,12,,,20230517
01383229,저스템,"Justem.CO.,LTD",417840,코스닥,특수 목적용 기계 제조업,2022-10-28,12,,523,20230803
01472930,오브젠,OBZEN Inc.,417860,코스닥,소프트웨어 개발 및 공급업,2023-01-30,12,,,20250331
00657783,모델솔루션,"Model Solution Co., Ltd.",417970,코스닥,특수 목적용 기계 제조업,2022-10-07,12,,,20260327
01579570,시큐레터,"SecuLetter Co., Ltd.",418250,코스닥,소프트웨어 개발 및 공급업,2023-08-24,12,,,20250331
00965512,라온텍,RAONTECH INC.,418420,코스닥,전자부품 제조업,2023-03-09,12,,,20230706
01467451,KT밀리의서재,"kt millie seojae Co.,Ltd",418470,코스닥,"서적, 잡지 및 기타 인쇄물 출판업",2023-09-27,12,,,20260526
00411808,제이오,"JEIO Co., Ltd.",418550,코스닥,"건축기술, 엔지니어링 및 관련 기술 서비스업",2023-02-16,12,,,20260423
01516890,E8,"E8 Co.,Ltd.",418620,코스닥,소프트웨어 개발 및 공급업,2024-02-23,12,,,20260424
01526806,삼기에너지솔루션즈,"SAMKEE ENERGY SOLUTIONS CO.,LTD",419050,코스닥,자동차 신품 부품 제조업,2023-02-03,12,,,20260922
01587056,엔젯,"ENJET Co.,LTD",419080,코스닥,특수 목적용 기계 제조업,2022-11-18,12,,,20260324
01516368,산돌,"Sandoll, Inc.",419120,코스닥,소프트웨어 개발 및 공급업,2022-10-27,12,,,20231220
01082418,SAMG엔터,"SAMG ENTERTAINMENT CO.,LTD",419530,코스닥,"영화, 비디오물, 방송프로그램 제작 및 배급업",2022-12-06,12,,,20260528
01506848,비스토스,"Bistos Co., Ltd.",419540,코스닥,의료용 기기 제조업,2022-10-18,12,,,20260324
01553129,제이투케이바이오,"J2KBIO Co., Ltd.",420570,코스닥,기타 화학제품 제조업,2024-03-25,12,,,20240325
00765569,기가비스,"GigaVis Co., Ltd.",420770,코스닥,특수 목적용 기계 제조업,2023-05-24,12,,309,20260814
01622331,벨로크,Bellock Inc.,424760,코스닥,"컴퓨터 프로그래밍, 시스템 통합 및 관리업",2022-07-22,12,,,20260224
01203659,이뮨온시아,"ImmuneOncia Therapeutics, Inc.",424870,코스닥,자연과학 및 공학 연구개발업,2025-05-19,12,,585,20260304
01555215,스마트레이더시스템,"Smart Radar System, Inc.",424960,코스닥,"측정, 시험, 항해, 제어 및 기타 정밀기기 제조업; 광학기기 제외",2023-08-22,12,,,20260330
00624378,마이크로투나노,"MICRO2NANO, INC.",424980,코스닥,반도체 제조업,2023-04-26,12,,,20260312
01301252,티이엠씨,"TEMC Co., Ltd.",425040,코스닥,기초 화학물질 제조업,2023-01-19,12,,581,20230223
01035368,티에프이,"TFE Co., Ltd.",425420,코스닥,전자부품 제조업,2022-11-17,12,,400,20221117
01284751,시지트로닉스,"Sigetronics, Inc.",429270,코스닥,반도체 제조업,2023-08-03,12,,,20240927
01602638,한싹,"Hanssak Co., Ltd.",430690,코스닥,소프트웨어 개발 및 공급업,2023-10-04,12,,,20260331
01689266,케이쓰리아이,"K3I. Co., Ltd.",431190,코스닥,소프트웨어 개발 및 공급업,2024-08-20,12,,,20250225
01622720,KB스타리츠,"KB STAR REIT Co., Ltd.",432320,유가,부동산 임대 및 공급업,2022-10-06,1,,,20260504
01406265,와이랩,YLAB Corporation,432430,코스닥,"영화, 비디오물, 방송프로그램 제작 및 배급업",2023-07-20,12,,,20260401
01402995,케이엔에스,"KNS CO., LTD",432470,코스닥,특수 목적용 기계 제조업,2023-12-06,12,,,20231206
01584183,퀄리타스반도체,"QUALITAS SEMICONDUCTOR CO., LTD.",432720,코스닥,반도체 제조업,2023-10-27,12,,,20260219
01217795,엠에프씨,"MFC Co., Ltd.",432980,코스닥,기초 의약물질 제조업,2024-12-26,12,,,20250331
01020269,탈로스,"Talos Co., Ltd.",434190,코넥스,일차전지 및 이차전지 제조업,2022-10-24,12,,,20221123
01583652,모니터랩,"MONITORAPP CO., LTD.",434480,코스닥,소프트웨어 개발 및 공급업,2023-05-19,12,,,20240520
01253636,에르코스,"ERCOHS Agricultural Corporation Co., Ltd.",435570,코스닥,도시락 및 식사용 조리식품 제조업,2025-02-28,12,,,20260331
00262266,삼현,"SAMHYUN CO.,LTD",437730,코스닥,자동차 신품 부품 제조업,2024-03-21,12,,306,20250331
01605529,버넥트,"VIRNECT Co., Ltd.",438700,코스닥,소프트웨어 개발 및 공급업,2023-07-26,12,,,20251017
01136977,마녀공장,"Manyo Factory  Co., Ltd",439090,코스닥,기타 화학제품 제조업,2023-06-08,12,,,20261002
00182696,대한조선,"DAEHAN SHIPBUILDING Co., Ltd.",439260,유가,선박 및 보트 건조업,2025-08-01,12,,293,20260420
01559637,블루엠텍,"BLUEMTEC CO., LTD.",439580,코스닥,기타 전문 도매업,2023-12-13,12,,,20260210
01802928,코스모로보틱스,"COSMO ROBOTICS CO., Ltd",439960,코스닥,의료용 기기 제조업,2026-05-11,12,,,20260701
01292291,파두,FADU INC.,440110,코스닥,반도체 제조업,2023-08-07,12,,143,20260203
00309460,HB인베스트먼트,"HB Investment, Inc.",440290,코스닥,기타 금융업,2024-01-25,12,,,20240220
01585155,오픈놀,"Openknowl Co.,Ltd.",440320,코스닥,소프트웨어 개발 및 공급업,2023-06-30,12,,,20260309
01686755,파인엠텍,"Fine M-Tec Co.,Ltd.",441270,코스닥,전자부품 제조업,2022-10-07,12,,538,20221027
01194689,HD현대마린솔루션,"HD Hyundai Marine Solution Co., Ltd",443060,유가,"건축기술, 엔지니어링 및 관련 기술 서비스업",2024-05-08,12,,71,20260325
01468061,레뷰코퍼레이션,RevuCorporation Inc,443250,코스닥,광고업,2023-10-06,12,,,20260429
01381391,에스피소프트,SPSoft Inc.,443670,코스닥,"컴퓨터 프로그래밍, 시스템 통합 및 관리업",2024-02-15,12,,,20260504
01590980,심플랫폼,"Simplatform Co., Ltd.",444530,코스닥,소프트웨어 개발 및 공급업,2025-03-21,12,,,20251128
01540453,에이직랜드,"ASICLAND Co.,Ltd",445090,코스닥,반도체 제조업,2023-11-13,12,,,20240627
01027828,퓨릿,"Purit Co., Ltd.",445180,코스닥,기초 화학물질 제조업,2023-10-18,12,,,20250325
01498974,큐리옥스바이오시스템즈,"Curiox Biosystems Co., Ltd.",445680,코스닥,의료용 기기 제조업,2023-08-10,12,,390,20260430
01702017,유니드비티플러스,"UNID btplus Co., Ltd.",446070,유가,제재 및 목재 가공업,2022-11-28,12,,,20260317
01281541,에피바이오텍,"Epi Biotech Co., Ltd.",446440,코넥스,자연과학 및 공학 연구개발업,2023-07-31,12,,,20241002
00923516,메가터치,"Megatouch Co., Ltd",446540,코스닥,일차전지 및 이차전지 제조업,2023-11-09,12,,584,20260327
01693922,지슨,"GITSN, Inc.",446840,코스닥,"측정, 시험, 항해, 제어 및 기타 정밀기기 제조업; 광학기기 제외",2023-05-17,12,,,20250908
01680131,아이오바이오,"AIOBIO Co., Ltd.",447690,코넥스,의료용 기기 제조업,2022-12-28,12,,,20260305
01218299,에코아이,"ECOEYE CO., LTD.",448280,코스닥,기타 전문 서비스업,2023-11-21,12,,,20260326
00959210,코츠테크놀로지,"COTS Technology Co., Ltd.",448710,코스닥,컴퓨터 및 주변장치 제조업,2023-08-10,12,,,20251218
01688896,삼성FN리츠,"SamsungFN REIT Co., Ltd.",448730,유가,부동산 임대 및 공급업,2023-04-10,1,,,20241031
01206717,마이크로엔엑스,"Micro-NX Co., Ltd.",448780,코넥스,의료용 기기 제조업,2022-12-21,12,,,20260313
00765897,한국피아이엠,"PIM KOREA Co.,Ltd.",448900,코스닥,자동차 신품 부품 제조업,2025-04-04,12,,564,20250404
01311408,에코프로머티,"ECOPRO MATERIALS CO., LTD.",450080,유가,일차전지 및 이차전지 제조업,2023-11-17,12,,209,20260430
01663569,하스,HASS Corp.,450330,코스닥,의료용품 및 기타 의약 관련제품 제조업,2024-07-03,12,,,20240910
01222113,인스웨이브,"Inswave Co., Ltd.",450520,코스닥,소프트웨어 개발 및 공급업,2023-09-25,12,,,20250424
01590528,아스테라시스,"ASTERASYS Co., Ltd.",450950,코스닥,의료용 기기 제조업,2025-01-24,12,,,20250124
01546101,아이엠티,"IMT Co., Ltd.",451220,코스닥,특수 목적용 기계 제조업,2023-10-10,12,,,20231204
01283974,삐아,"BBIA.CO.,LTD.",451250,코스닥,기타 화학제품 제조업,2024-04-25,12,,,20250228
01685251,컨텍,"CONTEC Co.,Ltd",451760,코스닥,"컴퓨터 프로그래밍, 시스템 통합 및 관리업",2023-11-09,12,,,20240226
01669226,한화리츠,"Hanwha REIT Co., Ltd.",451800,유가,부동산 임대 및 공급업,2023-03-27,4,,,20260721
01309421,제이엔비,"JNB Co.,Ltd",452160,코스닥,특수 목적용 기계 제조업,2023-11-24,12,,,20240221
00607496,한빛레이저,HBL Corporation,452190,코스닥,특수 목적용 기계 제조업,2024-01-04,12,,,20260311
01689035,민테크,"Mintech Co., Ltd.",452200,코스닥,"측정, 시험, 항해, 제어 및 기타 정밀기기 제조업; 광학기기 제외",2024-05-03,12,,,20260901
01722437,한화갤러리아,HANWHA GALLERIA CORPORATION,452260,유가,종합 소매업,2023-03-31,12,,,20260629
00958451,한선엔지니어링,"HANSUN ENGINEERING CO., LTD.",452280,코스닥,기타 금속 가공제품 제조업,2023-11-24,12,,,20260508
01497124,캡스톤파트너스,"Capstone Partners Co., Ltd.",452300,코스닥,기타 금융업,2023-11-15,12,,,20231115
00338170,이닉스,INICS Corporation,452400,코스닥,자동차 신품 부품 제조업,2024-02-01,12,,,20240329
01676642,사피엔반도체,Sapien Semiconductors Inc.,452430,코스닥,반도체 제조업,2024-02-19,12,,587,20240219
01429220,피아이이,"PIE CO., LTD.",452450,코스닥,특수 목적용 기계 제조업,2025-02-04,12,,,20251212
01721809,현대그린푸드,"HYUNDAI GREEN FOOD CO., LTD",453340,유가,종합 소매업,2023-04-10,12,,,20230427
01299203,그리드위즈,"Gridwiz Co.,Ltd",453450,코스닥,"그외 기타 전문, 과학 및 기술 서비스업",2024-06-14,12,,,20260401
01538528,에이에스텍,"ASTech  Co., Ltd.",453860,코스닥,기타 화학제품 제조업,2023-11-28,12,,,20240401
01105153,두산로보틱스,Doosan Robotics Inc.,454910,유가,특수 목적용 기계 제조업,2023-10-05,12,,133,20261001
01638387,케이지에이,"KGA CO., LTD",455180,코스닥,특수 목적용 기계 제조업,2025-06-17,12,,,20260401
01592049,엔젤로보틱스,"ANGEL ROBOTICS Co., Ltd.",455900,코스닥,특수 목적용 기계 제조업,2024-03-26,12,,570,20250324
01373709,아이씨티케이,"ICTK Co., Ltd.",456010,코스닥,반도체 제조업,2024-05-17,12,,551,20250225
01760738,OCI,OCI Company Ltd.,456040,유가,기초 화학물질 제조업,2023-05-30,12,,,20251117
01544468,이엔셀,"ENCell Co., Ltd.",456070,코스닥,기초 의약물질 제조업,2024-08-23,12,,,20250220
01577952,지투지바이오,"G2GBIO, Inc.",456160,코스닥,의약품 제조업,2025-08-14,12,,435,20250814
01205514,큐라켐,"CURACHEM Co., ltd.",456190,코넥스,의료용품 및 기타 의약 관련제품 제조업,2023-05-18,12,,,20230518
01579020,아이엠지티,IMGT Corporation Limited,456570,코넥스,의료용품 및 기타 의약 관련제품 제조업,2023-07-19,12,,,20260320
01762569,이수스페셜티케미컬,"ISU SPECIALTY CHEMICAL CO., LTD.",457190,유가,기초 화학물질 제조업,2023-05-31,12,,225,20251028
01016309,한켐,"HANCHEM CO.,LTD",457370,코스닥,기초 화학물질 제조업,2024-10-22,12,,,20250911
01030503,우진엔텍,WOOJIN Ntec Inc.,457550,코스닥,"그외 기타 전문, 과학 및 기술 서비스업",2024-01-24,12,,,20240124
01453944,벡트,"VECT Co., Ltd.",457600,코스닥,영상 및 음향기기 제조업,2024-12-16,12,,,20260929
01379563,에스팀,"ESteem Co., Ltd.",458350,코스닥,기타 사업지원 서비스업,2026-03-06,12,,,20260306
00319272,성우,"SUNGWOO CO., LTD",458650,코스닥,일차전지 및 이차전지 제조업,2024-10-31,12,,,20250826
01514227,씨어스,"SEERS Co., Ltd.",458870,코스닥,의료용 기기 제조업,2024-06-19,12,,386,20260810
01445440,위츠,"WITS Co., Ltd.",459100,코스닥,전자부품 제조업,2024-11-20,12,,,20241120
01594791,나우로보틱스,"NAUROBOTICS  Co., Ltd.",459510,코스닥,특수 목적용 기계 제조업,2025-05-08,12,,,20260323
01466373,알트,"ALT  Co., Ltd.",459550,코스닥,통신 및 방송 장비 제조업,2025-11-17,12,,,20261002
01678312,아이빔테크놀로지,"IVIM Technology, Inc.",460470,코스닥,사진장비 및 광학기기 제조업,2024-08-06,12,,,20240806
01765256,동국씨엠,"DONGKUK COATED METAL Co., Ltd.",460850,유가,1차 철강 제조업,2023-06-16,12,,,20250219
01765265,동국제강,"DONGKUK STEEL MILL Co., Ltd.",460860,유가,1차 철강 제조업,2023-06-16,12,,,20240702
01142260,에스엠씨지,"SMCG CO.,Ltd",460870,코스닥,유리 및 유리제품 제조업,2025-03-07,12,,,20250307
00667373,현대힘스,"HYUNDAI HYMS CO., LTD.",460930,코스닥,선박 및 보트 건조업,2024-01-26,12,,506,20240126
01419205,피앤에스로보틱스,"P&S Robotics Co., Ltd.",460940,코스닥,의료용 기기 제조업,2024-07-31,12,,,20260429
01497373,아이엠비디엑스,"IMBdx, Inc.",461030,코스닥,자연과학 및 공학 연구개발업,2024-04-03,12,,,20260311
00657224,아이스크림미디어,"i-Scream Media CO., LTD.",461300,코스닥,소프트웨어 개발 및 공급업,2024-08-30,12,,,20260824
01467503,뉴키즈온,"New Kids On  Co., Ltd.",462310,코스닥,봉제의복 제조업,2025-07-09,12,,,20260303
01700587,이노스페이스,"INNOSPACE Co., Ltd.",462350,코스닥,"항공기,우주선 및 부품 제조업",2024-07-02,12,,,20240702
01504211,라메디텍,"LAMEDITECH Co., Ltd.",462510,코스닥,의료용 기기 제조업,2024-06-17,12,,,20251110
01770203,조선내화,"Chosun Refractories Co., Ltd.",462520,유가,"내화, 비내화 요업제품 제조업",2023-07-28,12,,,20241206
01563667,더즌,Dozn Inc.,462860,코스닥,전기 통신업,2025-03-24,12,,,20250610
01384787,시프트업,SHIFT UP Corporation.,462870,유가,소프트웨어 개발 및 공급업,2024-07-11,12,,286,20260226
01728167,아이지넷,Aiji net Inc.,462980,코스닥,기타 정보 서비스업,2025-02-04,12,,,20260820
01639508,뉴엔AI,NEWEN AI,463020,코스닥,소프트웨어 개발 및 공급업,2025-07-04,12,,,20260311
00367400,모티브링크,"MOTIVELINK CO.,LTD",463480,코스닥,전자부품 제조업,2025-02-20,12,,,20250220
01686427,에스오에스랩,"SOS LAB Co., Ltd.",464080,코스닥,"측정, 시험, 항해, 제어 및 기타 정밀기기 제조업; 광학기기 제외",2024-06-25,12,,,20240625
01232192,티디에스팜,"TDSPHARM Co., Ltd.",464280,코스닥,의약품 제조업,2024-08-21,12,,,20240821
01671285,쿼드메디슨,QuadMedicine Inc.,464490,코스닥,기초 의약물질 제조업,2025-12-12,12,,,20260226
01706794,아이언디바이스,Iron Device Corp.,464500,코스닥,반도체 제조업,2024-09-23,12,,,20260331
01605282,닷밀,dotmill Inc.,464580,코스닥,"영화, 비디오물, 방송프로그램 제작 및 배급업",2024-11-13,12,,,20250225
01284876,인스피언,"Inspien, Inc.",465480,코스닥,소프트웨어 개발 및 공급업,2024-10-18,12,,,20260319
01784394,STX그린로지스,STX Green Logis Ltd,465770,유가,해상 운송업,2023-09-15,12,,,20250331
01784914,클로봇,"CLOBOT Co., Ltd.",466100,코스닥,소프트웨어 개발 및 공급업,2024-10-28,12,,431,20260401
01207901,사이냅소프트,Synapsoft Corp.,466410,코스닥,소프트웨어 개발 및 공급업,2024-11-19,12,,,20241119
01784677,키움히어로제1호스팩,Kiwoom Hero No.1 Special Purpose Acquisition Company,466690,코스닥,금융 지원 서비스업,2025-12-12,12,,,20260320
01688568,프로티나,"PROTEINA CO.,LTD.",468530,코스닥,자연과학 및 공학 연구개발업,2025-07-29,12,,465,20250729
01801026,브릴스,BRILS Corp.,468670,코스닥,특수 목적용 기계 제조업,2026-10-01,12,,543,20261001
01787072,유진스팩10호,EUGENE SPECIAL PURPOSE ACQUISITION 10 COMPANY,468760,코스닥,금융 지원 서비스업,2024-02-29,12,,,20240229
01792791,IBKS제24호스팩,IBKS No.24 Special Purpose Acquisition Company,469480,코스닥,금융 지원 서비스업,2024-02-01,12,,,20240201
01745173,이노테크,"INNOTECH Co.,Ltd",469610,코스닥,특수 목적용 기계 제조업,2025-11-07,12,,,20251107
01516766,아이비젼웍스,"IVISIONWORKS CO.,LTD.",469750,코스닥,특수 목적용 기계 제조업,2024-09-03,12,,,20260907
01791561,하나31호스팩,Hana 31 Special Purpose Acquisition Company,469900,코스닥,금융 지원 서비스업,2024-03-05,12,,,20240305
01448544,셀로맥스사이언스,"Cellromax Science Co., Ltd.",471820,코스닥,기타 식품 제조업,2024-12-13,12,,,20250225
01797440,SK증권제11호스팩,SK Securities No.11 Special Purpose Acquisition Company,472230,코스닥,금융 지원 서비스업,2024-03-04,12,,,20240304
01806951,폰드그룹,"POND GROUP CO., LTD.",472850,코스닥,"섬유, 의복, 신발 및 가죽제품 소매업",2024-02-02,12,,,20250502
01798722,SK증권제12호스팩,SK Securities No.12 Special Purpose Acquisition Company,473000,코스닥,금융 지원 서비스업,2024-05-07,12,,,20240507
01798980,유안타제15호스팩,Yuanta 15 SPECIAL PURPOSE ACQUISITION COMPANY,473050,코스닥,금융 지원 서비스업,2024-02-29,12,,,20240411
01801822,SK증권제13호스팩,SK Securities No.13 Special Purpose Acquisition Company,473950,코스닥,금융 지원 서비스업,2024-07-25,12,,,20240725
01703849,노머스,Knowmerce Corp.,473980,코스닥,창작 및 예술관련 서비스업,2024-11-12,12,,,20260316
01636565,루미르,Lumir Inc.,474170,코스닥,"항공기,우주선 및 부품 제조업",2024-10-21,12,,,20260313
01804476,유안타제16호스팩,Yuanta 16 SPECIAL PURPOSE ACQUISITION COMPANY,474490,코스닥,금융 지원 서비스업,2024-05-02,12,,,20240502
01286476,RF시스템즈,"RF Systems Co., Ltd.",474610,코스닥,기타 금속 가공제품 제조업,2024-11-19,12,,,20260326
01764099,링크솔루션,"LINCSOLUTION CO., LTD.",474650,코스닥,특수 목적용 기계 제조업,2025-06-10,12,,,20250610
01809569,신한제12호스팩,Shinhan 12th Special Purpose Acquisition Company,474660,코스닥,금융 지원 서비스업,2024-04-15,12,,,20240710
01807747,신한제13호스팩,Shinhan 13th Special Purpose Acquisition Company,474930,코스닥,금융 지원 서비스업,2024-04-22,12,,,20240710
01370517,스트라드비젼,"StradVision, Inc.",475040,코스닥,소프트웨어 개발 및 공급업,2026-06-30,12,,,20260703
01817081,SK이터닉스,"SK eternix Co., Ltd.",475150,유가,건물 건설업,2024-03-29,12,,298,20240411
01708163,엔알비,"NRB, inc",475230,코스닥,기타 금속 가공제품 제조업,2025-07-28,12,,,20250728
01807738,하나32호스팩,Hana 32 Special Purpose Acquistion Company,475240,코스닥,금융 지원 서비스업,2024-03-27,12,,,20240327
01807729,하나33호스팩,Hana 33 Special Purpose Acquisition Company,475250,코스닥,금융 지원 서비스업,2024-04-24,12,,,20240424
01588189,씨메스로보틱스,CMES Robotics Inc.,475400,코스닥,특수 목적용 기계 제조업,2024-10-24,12,,,20260421
00204323,키스트론,"KISTRON Co., Ltd.",475430,코스닥,절연선 및 케이블 제조업,2025-06-02,12,,,20260330
01374717,미트박스,MeatBox Global Inc.,475460,코스닥,기타 정보 서비스업,2025-01-23,12,,,20260916
00968607,더본코리아,"The BORN Korea Co., Ltd.",475560,유가,상품 종합 도매업,2024-11-06,12,,,20260323
01641600,에이럭스,"ALUX Co., Ltd.",475580,코스닥,그외 기타 제품 제조업,2024-11-01,12,,,20241101
01383779,에스켐,"S-CHEM Co.,Ltd.",475660,코스닥,기타 화학제품 제조업,2024-11-18,12,,,20250424
01658831,오름테라퓨틱,"Orum Therapeutics, Inc.",475830,코스닥,기초 의약물질 제조업,2025-02-14,12,,509,20250221
01573336,토모큐브,"Tomocube, Inc.",475960,코스닥,사진장비 및 광학기기 제조업,2024-11-07,12,,504,20250529
01626391,오가노이드사이언스,ORGANOIDSCIENCES LTD.,476040,코스닥,자연과학 및 공학 연구개발업,2025-05-09,12,,,20260818
01632912,온코닉테라퓨틱스,Onconic Therapeutics Inc.,476060,코스닥,자연과학 및 공학 연구개발업,2024-12-19,12,,439,20241219
01704680,M83,"M eighty-three Co.,Ltd.",476080,코스닥,"영화, 비디오물, 방송프로그램 제작 및 배급업",2024-08-22,12,,,20260303
01518506,타조이엔터테인먼트,"TAJOY entertainment co., LTD",476710,코넥스,창작 및 예술관련 서비스업,2024-10-30,12,,,20251107
01596920,알지노믹스,Rznomics Inc.,476830,코스닥,자연과학 및 공학 연구개발업,2025-12-18,12,,414,20251218
01813377,에이치엠씨제7호스팩,HMCIB No.7 Special Purpose Acquisition Company,477340,코스닥,금융 지원 서비스업,2024-06-24,12,,,20250321
01814233,미래에셋비전스팩4호,Mirae Asset Vision Special Purpose Acquisition 4 Company,477380,코스닥,금융 지원 서비스업,2024-05-29,12,,,20240529
01817249,미래에셋비전스팩5호,Mirae Asset Vision Special Purpose Acquisition 5 Company,477470,코스닥,금융 지원 서비스업,2024-06-19,12,,,20240619
01814589,디비금융스팩12호,"DB Finance No.12 Special Purpose Acquisition Co., Ltd.",477760,코스닥,기타 금융업,2024-06-18,12,,,20240618
01709065,마키나락스,"MakinaRocks Co., Ltd.",477850,코스닥,소프트웨어 개발 및 공급업,2026-05-20,12,,532,20260520
01815764,이베스트스팩6호,Ebest Special Purpose Acquisition No6 Company,478110,코스닥,금융 지원 서비스업,2024-07-12,12,,,20240712
01787355,나라스페이스테크놀로지,Nara Space Technology Inc.,478340,코스닥,"항공기,우주선 및 부품 제조업",2025-12-17,12,,,20251217
01816268,KB제29호스팩,KB No.29 Special Purpose Acquisition Company,478390,코스닥,금융 지원 서비스업,2024-06-21,12,,,20240621
01819867,미래에셋비전스팩6호,Mirae Asset Vision Special Purpose Acquisition 6 Company,478440,코스닥,금융 지원 서비스업,2024-06-24,12,,,20240624
01718407,블랙야크아이앤씨,"BLACK YAK I&C CO.,LTD",478560,코스닥,신발 및 신발 부분품 제조업,2025-01-21,12,,,20260803
01818682,한국제15호스팩,"Korea No.15 Special Purpose Acquisition Co., Ltd.",479880,코스닥,금융 지원 서비스업,2024-06-26,12,,,20260313
01137860,위너스일렉,"Winners Elec Co., Ltd.",479960,코스닥,기타 전기장비 제조업,2025-02-24,12,,,20260422
01210677,씨케이솔루션,"CK SOLUTION Co., Ltd.",480370,유가,일반 목적용 기계 제조업,2025-03-17,12,,,20260507
01803927,에이유브랜즈,"AU BRANDZ Co., Ltd",481070,코스닥,"섬유, 의복, 신발 및 가죽제품 소매업",2025-04-03,12,,,20250403
01714997,신한글로벌액티브리츠,"Shinhan Global Active REIT Co., Ltd.",481850,유가,신탁업 및 집합투자업,2024-07-01,2,,,20241127
01834194,엔에이치스팩31호,NH SPECIAL PURPOSE ACQUISITION 31 COMPANY,481890,코스닥,금융 지원 서비스업,2024-07-26,12,,,20240726
01845701,교보16호스팩,Kyobo 16 Special Purpose Acquisition Company,482520,코스닥,금융 지원 서비스업,2024-08-13,12,,,20260902
00863533,삼양엔씨켐,SAMYANG NC Chem Corp.,482630,코스닥,기타 화학제품 제조업,2025-02-03,12,,566,20250203
01841635,미래에셋비전스팩7호,Mirae Asset Vision Special Purpose Acquisition 7 Company,482680,코스닥,금융 지원 서비스업,2024-09-11,12,,,20240911
01845534,대신밸런스제19호스팩,Daishin Balance No.19 Special Purpose Acquisition Company,482690,코스닥,금융 지원 서비스업,2024-11-20,12,,,20241120
01461730,딜리셔스,Dealicious Inc.,483350,코스닥,무점포 소매업,2026-08-12,12,,,20260812
01649204,달바글로벌,"d'Alba Global Co., Ltd.",483650,유가,기타 화학제품 제조업,2025-05-22,12,,241,20250522
01380578,도우인시스,"DOWOOINSYS Co., LTD.",484120,코스닥,전자부품 제조업,2025-07-23,12,,,20250723
01847550,하나34호스팩,Hana Thirty-four Special  Purpose Acquisition Company,484130,코스닥,금융 지원 서비스업,2024-11-19,12,,,20241119
00141583,삼양컴텍,"SAMYANG COMTECH CO., LTD.",484590,코스닥,무기 및 총포탄 제조업,2025-08-18,12,,590,20251024
01458161,티엑스알로보틱스,"TXR Robotics Co., Ltd.",484810,코스닥,일반 목적용 기계 제조업,2025-03-20,12,,,20250320
01519790,엠앤씨솔루션,"MNC Solution Co., Ltd",484870,유가,특수 목적용 기계 제조업,2024-12-16,12,,,20250220
01564514,글로벌테크놀로지,"Global Technologies Co., Ltd.",486510,코스닥,반도체 제조업,2026-09-29,12,,,20260929
01851650,KB제30호스팩,KB No.30 Special Purpose Acquisition Company,486630,코스닥,금융 지원 서비스업,2024-09-25,12,,,20240925
01810477,노타,Nota Inc.,486990,코스닥,소프트웨어 개발 및 공급업,2025-11-03,12,,519,20260311
01853214,신한제14호스팩,Shinhan 14th Special Purpose Acquisition Company,487360,코스닥,금융 지원 서비스업,2024-12-23,12,,,20260120
00920731,케이앤에스아이앤씨,KNS Space and Defence Inc.,487400,코스닥,통신 및 방송 장비 제조업,2026-08-13,12,,,20260813
01854763,HS효성,HS HYOSUNG Corporation,487570,유가,기타 금융업,2024-07-29,12,,,20260331
01565364,폴레드,"Poled Co., Ltd.",487580,코스닥,가정용 기기 제조업,2026-05-14,12,,,20260514
01877126,키움제10호스팩,Kiwoom No.10 Special Purpose Acquisition Company,487720,코스닥,금융 지원 서비스업,2024-12-20,12,,,20250228
01854408,신한제15호스팩,Shinhan 15th Special Purpose Acquisition Company,487830,코스닥,금융 지원 서비스업,2024-11-15,12,,,20241115
01854392,유진스팩11호,EUGENE SPECIAL PURPOSE ACQUISITION 11 COMPANY,488060,코스닥,금융 지원 서비스업,2024-10-31,12,,,20241031
01803635,에스투더블유,S2W Inc.,488280,코스닥,소프트웨어 개발 및 공급업,2025-09-19,12,,,20260619
01194607,비츠로넥스텍,"Vitzro Nextech Co., LTD",488900,코스닥,"항공기,우주선 및 부품 제조업",2025-11-21,12,,575,20251202
01866528,교보17호스팩,Kyobo 17 Special Purpose Acquisition Company,489210,코스닥,금융 지원 서비스업,2024-11-21,12,,,20241121
01657197,바이오비쥬,"BIOBIJOU Co., Ltd.",489460,코스닥,기타 화학제품 제조업,2025-05-20,12,,,20250520
01873272,키움제11호스팩,Kiwoom No.11 Special Purpose Acquisition Company,489480,코스닥,금융 지원 서비스업,2024-12-11,12,,,20241211
01747977,엘케이켐,"LK CHEM Co., Ltd.",489500,코스닥,기타 화학제품 제조업,2025-02-25,12,,,20250225
01857991,디비금융제13호스팩,"DB Finance No.13 Special Purpose Acquisition Co., Ltd.",489730,코스닥,기타 금융업,2024-11-28,12,,,20241128
01867758,한화비전,"Hanwha Vision CO.,LTD",489790,유가,통신 및 방송 장비 제조업,2024-09-27,12,,223,20250804
01627363,세미파이브,SemiFive Inc.,490470,코스닥,"건축기술, 엔지니어링 및 관련 기술 서비스업",2025-12-29,12,,441,20251229
01385005,리브스메드,LivsMed Inc.,491000,코스닥,의료용 기기 제조업,2025-12-24,12,,395,20251224
01866926,KB제31호스팩,KB No.31 Special Purpose Acquisition Company,492220,코스닥,금융 지원 서비스업,2024-12-12,12,,,20241212
01859500,아이엠바이오로직스,IMBiologics Corp.,493280,코스닥,자연과학 및 공학 연구개발업,2026-03-20,12,,,20260320
01450938,지에프아이,"GFI Co., Ltd",493330,코스닥,일반 목적용 기계 제조업,2026-01-14,12,,,20260114
01872219,유안타제17호스팩,Yuanta 17 SPECIAL PURPOSE ACQUISITION COMPANY,493790,코스닥,금융 지원 서비스업,2025-01-23,12,,,20250123
01786958,큐리오시스,Curiosis Inc.,494120,코스닥,사진장비 및 광학기기 제조업,2025-11-13,12,,,20251113
01867749,유비씨,"UVC Co., Ltd.",495810,코넥스,소프트웨어 개발 및 공급업,2024-12-23,12,,,20251201
01875146,신한제16호스팩,Shinhan 16th Special Purpose Acquisition Company,496070,코스닥,금융 지원 서비스업,2025-05-29,12,,,20250529
01872459,본시스템즈,"BONSYSTEMS Co., Ltd.",496320,코넥스,특수 목적용 기계 제조업,2025-09-08,12,,,20250908
01881800,한화플러스제5호스팩,Hanwha Plus No 5 Special Purpose Acquisition Company,498390,코스닥,금융 지원 서비스업,2025-03-20,12,,,20250320
01882845,GS피앤엘,"GS P&L Co., Ltd.",499790,유가,기타 금융업,2024-12-23,12,,,20260320
00783246,글로벌에스엠,Global SM Tech Limited,900070,코스닥,기타 금융업,2009-12-23,12,,,20260416
00781202,파이온엑스,PHIONX,900100,코스닥,자동차 부품 및 내장품 판매업,2010-04-21,12,애머릿지,,20260518
00799070,딥커머스,Deep Commerce Limited,900110,코스닥,기타 금융업,2010-04-23,12,이스트아시아홀딩스,,20260930
00800084,씨엑스아이,CXI Healthcare Technology Group Limited,900120,코스닥,기타 금융업,2010-03-31,6,,,20231124
00838500,엘브이엠씨,"LVMC Holdings CO,.LTD",900140,유가,자동차 판매업,2010-11-30,12,,,20260408
01107665,크리스탈신소재,"China Crystal New Material Holdings Co.,  Ltd.",900250,코스닥,기타 금융업,2016-01-28,12,,,20201109
01139266,로스웰,"ROTHWELL INTERNATIONAL CO., LIMITED",900260,코스닥,기타 금융업,2016-06-30,12,,,20190312
01160512,헝셩그룹,HENG SHENG HOLDING GROUP COMPANY LIMITED,900270,코스닥,기타 금융업,2016-08-18,12,,,20221107
01170962,GRT,Great Rich Technologies Limited,900290,코스닥,기타 금융업,2016-10-25,6,,582,20181122
01169434,오가닉티코스메틱,ORGANIC TEA COSMETICS HOLDINGS COMPANY LIMITED,900300,코스닥,기타 금융업,2016-11-04,12,,,20210707
01236286,컬러레이,"Coloray International Investment Co., Limited",900310,코스닥,기타 금융업,2017-08-10,12,,,20210924
01328639,윙입푸드,WING YIP FOOD HOLDINGS GROUP LIMITED,900340,코스닥,기타 금융업,2018-11-30,12,,,20230425
00956028,엑세스바이오,"Access Bio, Inc.",950130,코스닥,의료용품 및 기타 의약 관련제품 제조업,2013-05-30,12,,,20260401
01165739,잉글우드랩,"Englewood Lab, Inc.",950140,코스닥,기타 화학제품 제조업,2016-10-14,12,,,20230405
01245062,코오롱티슈진,"Kolon TissueGene, Inc.",950160,코스닥,기초 의약물질 제조업,2017-11-06,12,,346,20260921
01041828,JTC,JTC Inc.,950170,코스닥,종합 소매업,2018-04-06,2,,,20250530
01416235,고스트스튜디오,"GHOST STUDIO CO., LTD.",950190,코스닥,소프트웨어 개발 및 공급업,2020-08-18,12,,,20250919
01442115,소마젠,"Psomagen, Inc.",950200,코스닥,"그외 기타 전문, 과학 및 기술 서비스업",2020-07-13,12,,,20230403
01510489,프레스티지바이오파마,Prestige BioPharma Limited,950210,유가,자연과학 및 공학 연구개발업,2021-02-05,6,,,20240816
01511558,네오이뮨텍,"NeoImmuneTech, Inc.",950220,코스닥,자연과학 및 공학 연구개발업,2021-03-16,12,,,20260330
01957282,테라뷰,TERAVIEW HOLDINGS PLC,950250,코스닥,기타 금융업,2025-12-09,4,,,20251209
02031369,인제니아테라퓨틱스,INGENIA Therapeutics Inc.,950260,코스닥,자연과학 및 공학 연구개발업,2026-08-18,12,,338,20260818
