corp_code,corp_name,corp_eng_name,stock_code,modify_date,delist_date,delist_reason
00149293,신한은행,SHINHAN BANK,000010,20230410,2004-07-02,지주회사의 완전자회사화(지주회사 신규상장)
00254045,우리은행,Woori Bank,000030,20250107,2019-02-13,지주회사(최대주주등)의 완전자회사화 등
00117744,메리츠화재해상보험,"Meritz Fire & Marine Insurance CO., Ltd",000060,20231129,2023-02-21,지주회사(최대주주등)의 완전자회사화 등
00148504,한국스탠다드차타드은행,Standard Chartered Bank Korea Ltd,000110,20251215,2005-04-22,신청에 의한 상장폐지
00129411,삼환기업,SAMWHAN CORPORATION,000360,20260226,2015-04-15,자본전액잠식
00110963,대아건설,DaeaConstruction,000380,20170630,2004-10-21,피흡수합병(합병기일 : '04.9.22)
00120377,로케트전기,"ROCKET ELECTRIC CO.,LTD",000420,20170630,2015-02-24,감사의견 의견거절
00104971,그린손해보험,"GREEN NON-LIFE INSURANCE CO., LTD",000470,20170630,2012-07-16,자본전액잠식
00148744,제일화재해상보험,"FIRST FIRE & MARINE INSURANCE CO.,LTD",000610,20170630,2010-01-20,해산 사유 발생
00134060,씨앤상선,"C&MERCHANT MARINE CO.,LTD",000790,20170630,2009-05-13,감사의견 의견거절
00101257,경남기업,KEANGNAM ENTERPRISES LTD,000800,20260322,2015-04-15,자본전액잠식
00126229,삼성물산,Samsung C&T Corporation,000830,20170630,2015-09-15,해산 사유 발생
00104519,국보,"KUKBO Co.,LTD",001140,20260127,2026-01-27,감사의견 의견거절 2년 계속
00131434,서통,SUTTONG,001150,20170630,2003-10-02,최종부도발생
00112068,마이크로닉스,MICRONIX CO,001190,20170630,2009-04-27,공시서류 미제출(사업보고서) 후 10일이내 미제출
00163178,우리증권,"WOORI SECURITIES CO.,LTD",001280,20170630,2004-06-24,지주회사의 완전자회사화(지주회사 신규상장)
00148328,제일모직,CHEIL INDUSTRIES INC,001300,20170630,2014-07-15,해산 사유 발생
00155498,풍림산업,"POONGLIM INDUSTRIAL CO.,LTD",001310,20230221,2012-05-18,최종부도발생
00152914,FnC코오롱,FnC KOLON CORP,001370,20170630,2009-08-17,해산 사유 발생
00151447,천지산업,CHONJI CORPORATION,001490,20260317,2004-10-22,자본전액잠식
00135670,신광기업,"SHINKWANG ENTERPRISE CO.,LTD",001580,20170630,2005-08-05,감사의견 의견거절
00146719,일화모직공업,"ILHWA WOOL TEXTILE IND CO.,LTD",001590,20210618,2004-09-02,보통주 시가총액미달
00173397,서광건설산업,"SEOKWANG CONSTRUCTION CO.,LTD",001600,20170630,2010-04-15,자본전액잠식
00101275,경남모직,"KYUNGNAM WOOL TEXTILE CO.,LTD",001670,20170630,2005-04-28,회사정리절차 법인의 상장적격성 불인정
00138491,동부일렉트로닉스,"DONGBUELECTRONICS CO.,LTD",001830,20170630,2007-05-21,해산 사유 발생
00128971,디엘건설,"DL Construction Co., LTD.",001880,20260324,2024-03-04,지주회사(최대주주등)의 완전자회사화 등
00141282,아이파크영창,"IPARK YOUNGCHANG CO., LTD.",001890,20260417,2004-10-26,최종부도발생
00107923,남한제지,"NAMHAN PAPER CO.,LTD",001950,20240628,2009-10-15,자본잠식(자본금의 50/100이상 잠식) 2년 계속
00173661,에스지신성건설,"SG Shinsung Engineering & Construction Co.,Ltd",001970,20230330,2009-05-13,감사의견 의견거절
00113696,대호,DAEHO CORPORATION,001980,20170630,2004-05-22,최종부도발생
00159005,생고뱅코리아홀딩스,"Saint-Gobain Korea Holdings Co., Ltd.",002000,20250217,2018-12-13,신청에 의한 상장폐지
00105244,알보젠코리아,"ALVOGEN KOREA CO.,LTD",002250,20250909,2019-05-20,지주회사(최대주주등)의 완전자회사화 등
00120508,롯데푸드,"LOTTE FOOD CO.,LTD.",002270,20240628,2022-07-20,해산 사유 발생
00159412,한국제지,"HANKUK PAPER MFG CO.,LTD",002300,20240628,2020-07-13,해산 사유 발생
00122728,범양사,"Pumyang Co., Ltd.",002480,20260330,2005-05-04,주식분산기준 미달 2년 연속
00122922,벽산건설,"BYUCKSAN ENGINEERING & CONSTRUCTION CO.,LTD",002530,20170630,2014-04-25,공시서류 미제출(사업보고서) 후 10일이내 미제출
00103325,고제,"KOJE Co.,Ltd.",002540,20240628,2010-04-23,감사의견 의견거절
00120216,KB손해보험,"KB Insurance Co., Ltd",002550,20240221,2017-07-21,지주회사(최대주주등)의 완전자회사화 등
00115472,미주제강,MijuSteelMfg,002670,20260326,2012-04-17,발행한 어음 또는 수표가 주거래은행에 의하여 최종부도로 결정되거나 거래은행에 의한 거래 정지
00141334,영풍산업,YOUNG POONG MINING & CONSTRUCTION CORPORATION,002850,20170630,2004-04-23,감사의견 의견거절
00130897,하나은행,Hana Bank,002860,20170630,2005-12-12,지주회사의 완전자회사화(지주회사 신규상장)
00125406,삼도물산,SAMDO CORPORATION,002930,20170630,2004-05-08,감사의견 의견거절
00115852,두산건설,,002950,20170630,2004-05-10,해산 사유 발생
00107446,남양,NAMYANG CORPORATION,003020,20170630,2004-05-28,보통주 시가총액미달
00163044,한일약품공업,"HANIL PHARMACEUTICALIND CO.,LTD",003040,20240628,2006-11-21,해산 사유 발생
00110547,링세오코리아,LYNXEO KOREA LTD,003050,20250224,2004-12-22,신청에 의한 상장폐지
00112004,알앤엘재생의학연구소,"R Bio CO., LTD.",003190,20260420,2013-05-03,감사의견 의견거절
00115038,하나IB증권,Hana Investment Banking & Securities Inc.,003330,20170630,2006-10-26,지주회사의 완전자회사화(지주회사 신규상장)
00138224,쌍용씨앤이,"SSANGYONGC&E.CO.,LTD.",003410,20260331,2024-07-09,지주회사(최대주주등)의 완전자회사화 등
00164876,케이비증권,"KB SECURITIES CO.,LTD",003450,20260325,2016-11-01,지주회사(최대주주등)의 완전자회사화 등
00154426,아이에이치큐,"IHQ, INC",003560,20260601,2026-01-15,감사의견 의견거절 2년 계속
00103583,광덕물산,"KWANGDUKMOOLSAN CO.,LTD",003590,20170630,2004-07-21,감사의견 부적정
00144155,SK,"SK Holdings Co., Ltd.",003600,20170630,2015-08-17,해산 사유 발생
00140380,유니온스틸,UNION STEEL,003640,20170630,2015-01-16,해산 사유 발생
00102821,고려시멘트,"KOREA CEMENT co., Ltd",003660,20170630,2008-08-20,해산 사유 발생
00164292,동원데어리푸드,DONGWON DAIRY FOODS,003900,20240628,2004-03-11,감사의견 의견거절
00124513,부흥,"BOOHUNG CO.,LTD",003930,20170630,2004-06-29,감사의견 의견거절
00132105,삼양제넥스,"SAMYANG GENEX CO., LTD",003940,20240628,2016-01-21,해산 사유 발생
00136235,BHK,BHK Inc.,003990,20170630,2009-04-30,감사의견 의견거절
00121729,롯데미도파,"LOTTE MIDOPA CO.,LTD",004010,20170630,2013-01-22,해산 사유 발생
00109170,대덕GDS,"DAEDUCK GDS CO.,LTD",004130,20181219,2018-12-19,해산 사유 발생
00147949,스마텔,Smartel corporation,004190,20170630,2004-03-31,감사의견 의견거절
00102681,고려개발,KOREA DEVELOPMENT CORPORATION,004200,20200721,2020-07-21,해산 사유 발생
00133928,세신,"SESHIN Co.,Ltd.",004230,20170630,2009-04-30,감사의견 의견거절
00144766,호반산업,"HOBAN INDUSTRIAL CO.,LTD.",004320,20170630,2015-04-13,자본전액잠식
00117382,디와이홀딩스,"DYHOLDINGS Co., Ltd.",004510,20221209,2004-04-28,영업활동정지 6월 계속
00151252,에스와이,"SY CO.,LTD",004530,20240628,2008-04-22,감사의견 의견거절
00161028,대우송도개발,"DAEWOO SONGDO DEVELOPMENT Co.,Ltd.",004550,20170630,2012-06-22,"기업의 계속성, 경영의 투명성 및 기타 공익과 투자자 보호 등을 종합적으로 고려하여 상장폐지 기준에 해당한다고 결정"
00128759,캠브리지코오롱,"CAMBRIDGE KOLON CO.,LTD",004620,20170630,2011-05-17,해산 사유 발생
00115427,신동방CP,ShinDongBang CP Corporation,004660,20240628,2005-03-30,신청에 의한 상장폐지
00123152,보루네오가구,"BORNEO INTERNATIONAL FURNITURE CO.,LTD",004740,20200228,2017-07-05,"기업의 계속성, 경영의 투명성 및 기타 공익과 투자자 보호 등을 종합적으로 고려하여 상장폐지 기준에 해당한다고 결정"
00106492,렉스엘이앤지,"REX-L ENG CO., LTD.",004790,20170630,2014-03-04,"기업의 계속성, 경영의 투명성 또는 기타 코스닥시장의 건전성 등을 종합적으로 고려하여 상장폐지가 필요하다고 인정"
00174305,조인에너지,"JOIN ENERGY Co.,Ltd",004820,20170630,2010-04-15,자본전액잠식
00158909,하나은행,KEB Hana Bank,004940,20250228,2013-04-26,신청에 의한 상장폐지
00116356,동성화학,"DONGSUNG CHEMICAL CO.,LTD",005190,20210416,2021-04-16,해산 사유 발생
00109019,아이엠뱅크,iM Bank,005270,20260313,2011-06-07,지주회사의 완전자회사화(지주회사 신규상장)
00124106,부산은행,BUSAN BANK,005280,20260421,2011-03-30,지주회사의 완전자회사화(지주회사 신규상장)
00106650,카스코,"KOREA AUTOMOTIVE SYSTEMS CO.,LTD",005330,20170630,2007-06-20,해산 사유 발생
00123648,심팩인더스트리,"SIMPACINDUSTRIES CO., LTD",005350,20230223,2011-04-15,자본전액잠식
00136341,신성통상,"SHINSUNG TONGSANG CO.,LTD",005390,20250930,2025-09-30,신청에 의한 상장폐지
00173740,신한,"SHINHAN ENGINEERING & CONSTRUCTION CO.,LTD",005450,20260331,2020-06-30,감사의견 의견거절 2년 계속
00140362,제이에스전선,"JS Cable Co., LTD",005560,20231130,2014-04-10,신청에 의한 상장폐지
00149840,중앙제지,"CHOONGANG PAPER MFG CO.,LTD",005600,20240628,2005-01-06,최종부도발생
00110495,대성합동지주,"DAESUNG GROUP PARTNERS CO.,LTD.",005620,20170825,2017-08-25,해산 사유 발생
00165200,위너스인프라인,Winners Infraline Corporation,005760,20170630,2009-02-19,감사의견 의견거절
00162142,동원증권,Dongwon Securities,005890,20170630,2003-07-21,지주회사의 완전자회사화(지주회사 신규상장)
00117072,동양건설산업,DONGYANG ENGINEERING & CONSTRUCT CORP.,005900,20260821,2014-04-25,자본전액잠식
00133238,성지건설,"SUNGJEE CONSTRUCTION CO.,LTD",005980,20221017,2018-10-04,감사의견 의견거절
00106508,기린,"KIRIN CO.,LTD",006070,20240628,2009-05-13,감사의견 의견거절
00136217,한메엔에스,"HANME NS CO.,LTD",006150,20170630,2005-04-08,회사정리절차 개시 신청
00142698,휴리프,"HULIF CO.,LTD",006210,20170630,2009-07-15,자본잠식(자본금의 50/100이상 잠식) 2년 계속
00105165,극동전선,"KUKDONG ELECTRIC WIRE CO.,LTD",006250,20260331,2005-07-18,보통주 거래량요건 미충족(월평균거래량 1/100미만) 2분기 계속
00147295,전북은행,THE JEONBUK BANK LTD,006350,20260203,2013-07-18,지주회사의 완전자회사화(지주회사 신규상장)
00159810,카프로,CAPRO CORPORATION,006380,20260917,2026-09-17,"기업의 계속성, 경영의 투명성 및 기타 공익과 투자자 보호 등을 종합적으로 고려하여 상장폐지 기준에 해당한다고 결정"
00164672,한일현대시멘트,"HANIL HYUNDAI CEMENT CO.,LTD",006390,20251121,2025-11-21,해산 사유 발생
00162780,한일건설,"HANIL ENGINEERING & CONSTRUCTION CO.,LTD.",006440,20220225,2013-04-16,자본전액잠식
00111227,대양제지공업,DaeyangPaperMfg,006580,20260209,2024-06-21,상장폐지 신청('24.05.17)
00116499,동신제약,"DONGSHIN PHARMACEUTICAL CO.,LTD",006600,20240628,2006-11-22,해산 사유 발생
00101992,센추리,CENTURY CORP,006750,20170630,2005-04-14,감사의견 의견거절
00128731,유리이에스,"Yurie ES CO.,LTD.",007050,20170630,2009-04-15,최종부도발생
00117638,동양텔레콤,"DONGYANG TELECOM CO., LTD",007150,20200226,2012-09-11,2회 연속 자본잠식률 50%이상
00137702,한솔아트원제지,"Hansol Artone Paper Co., Ltd.",007190,20170630,2017-03-15,해산 사유 발생
00150855,진흥저축은행,JINHEUNG SAVINGS BANK,007200,20170630,2012-10-17,자본전액잠식
00113173,대한은박지,"DAIHAN EUNPAKGY CO.,LTD",007480,20170630,2013-01-28,해산 사유 발생
00154204,태창기업,"TAECHANG ENTERPRISE CO.,LTD",007490,20170630,2010-05-13,감사의견 의견거절
00167280,폴루스바이오팜,POLUS BioPharm Inc.,007630,20221128,2022-02-22,감사의견 의견거절 2년 계속
00111014,애큐온저축은행,ACUON SAVINGS BANK,007640,20230927,2009-02-03,상장폐지신청(2009.01.12)
00189343,솔로몬저축은행,SOLOMON SAVINGS BANK,007800,20170630,2012-07-25,"기업의 계속성, 경영의 투명성 및 기타 공익과 투자자 보호 등을 종합적으로 고려하여 상장폐지 기준에 해당한다고 결정"
00124054,부산저축은행,BUSAN SAVINGS BANK,007830,20170630,2004-12-31,자진등록취소
00108047,세원화성,"SEWON CHEMICAL CO.,LTD",007910,20190226,2005-02-24,신청에 의한 상장폐지
00148717,도레이케미칼,Toray Chemical Korea Inc.,008000,20180810,2018-03-20,지주회사(최대주주등)의 완전자회사화 등
00101336,경남에너지,"KYUNGNAM ENERGY CO.,LTD",008020,20250710,2016-05-19,신청에 의한 상장폐지
00130000,아이텍스필,i-TEX F.I.L. LTD.,008030,20170630,2005-06-02,최종부도(상장폐지사유 발생일 : 2005년 05월 02일)
00126885,에스와이코퍼레이션,"SY Corporation Co., Ltd",008080,20170630,2013-09-25,신청에 의한 상장폐지
00157104,대동전자,"DAIDONG ELECTRONICS.,LTD",008110,20260330,2026-03-30,감사범위제한으로인한 감사의견한정 2년 계속
00124577,엠소닉,EMSONIC CORPORATION,008120,20230130,2005-04-28,자본전액잠식
00260356,산은캐피탈,KDB CAPITAL CORPORATION,008270,20260331,2005-06-16,신청에 의한 상장폐지
00144021,원풍물산,WonpungMulsan,008290,20260921,2026-09-21,시가총액 200억원 미달
00110176,한국기술산업,KoreaTechnology,008320,20170630,2010-03-11,감사의견 의견거절
00133715,대주코레스,"KORES CO.,LTD",008340,20220228,2010-04-13,자본전액잠식
00150226,씨앤중공업,"C&HEAVY INDUSTRIES CO.,LTD",008400,20170630,2009-05-13,감사의견 의견거절
00146542,일정실업,"ILJEONG INDUSTRIAL CO.,LTD",008500,20260630,2026-06-30,시가총액 미달
00154189,케이비물산,KOREA BEST PRODUCE CORP,008540,20170630,2012-06-08,감사의견 의견거절
00163682,메리츠증권,"MERITZ SECURITIES CO.,LTD",008560,20240725,2023-04-25,지주회사(최대주주등)의 완전자회사화 등
00138321,신한투자증권,"Shinhan Securities Co., Ltd.",008670,20250110,2005-01-05,지주회사의 완전자회사화(지주회사 신규상장)
00127024,삼양엔텍,"Samyang Entech Co., Ltd.",008720,20240628,2014-12-30,해산 사유 발생
00119362,아이인프라,"iINFRA.Co.,Ltd",008780,20170630,2003-11-08,액면가액일정비율 미달
00164362,행남사,HAENGNAM INC.,008800,20260320,2021-06-07,기업의 계속성 및 경영의 투명성 등을 종합적으로 고려하여 상장폐지기준에 해당한다고 결정
00138127,티이씨앤코,"TEC&Co Co.,Ltd",008900,20170630,2016-05-17,해산 사유 발생
00173634,에듀언스,"EDUENCE CO.,LIMITED",009010,20170630,2013-05-01,감사의견거절(감사범위 제한 및 계속기업으로서의 존속능력에 대한 불확실성)
00154417,퍼시픽글라스,"Pacificglas, Inc",009080,20170630,2005-08-17,해산 사유 발생
00101637,그로웰전자,"Growell Electronics, Inc.",009220,20170630,2005-01-19,액면가액일정비율미만(취소사유발생일 : 2005년 01월 04일)
00130046,다함이텍,"DAHAAM e-TEC CO., LTD",009280,20230223,2013-04-16,매출액 미달 2년 계속
00151614,베네데스하이텍,BENEDES HI-TECH Inc,009360,20170630,2005-04-15,감사의견 의견거절
00149248,아세아페이퍼텍,ASIA PAPERTEC INC,009380,20240628,2013-01-23,해산 사유 발생
00159908,케이엠에이치,"KMH Co., Ltd.",009690,20170630,2009-05-13,감사의견 의견거절
00159175,한국전기초자,"HANKUK ELECTRIC GLASS CO.,LTD",009720,20230214,2011-02-16,신청에 의한 상장폐지
00159874,한국지주,Korea Holidings Incorporated,009760,20240405,2005-04-19,보통주 주식분포요건 미충족(일반주주 주식수 10/100미만) 2년 계속
00130037,휴닉스,HUNIX INC.,009790,20170630,2003-10-02,보통주 주가수준 미달(액면가 20/100미만 30일 계속) 후 60일간 20/100미만 연속 10일 이상
00120960,맥슨텔레콤,"MAXON TELECOM CO.,LTD",009890,20170630,2005-04-21,자본전액잠식
00110981,대아리드선,"DAEA LEAD WIRE CO.,LTD",009940,20170630,2005-04-28,자본전액잠식
00104102,우리종합금융,"Woori Investment Bank Co.,Ltd",010050,20240809,2023-08-28,지주회사(최대주주등)의 완전자회사화 등
00164308,이마트에브리데이,E-MART EVERYDAY Inc.,010090,20240403,2004-04-24,자본전액잠식
00159926,포스코티엠씨,"POSCO TMC CO., LTD.",010150,20170630,2004-04-23,감사의견 의견거절
00105183,극동제혁,"KEUKDONG TANNING CO.,LTD",010200,20170630,2004-10-18,해산 사유 발생
00103626,한솔피엔에스,"HANSOL PNS CO.,LTD.",010420,20250925,2025-09-25,지주회사(최대주주등)의 완전자회사화 등
00156521,화인자산관리,Fine Asset Management Corporation,010460,20170630,2014-04-15,보통주 주식분포요건 미충족 2년 계속
00164469,현대하이스코,HYUNDAI HYSCO,010520,20170630,2015-07-15,해산 사유 발생
00141273,웰바이오텍,"WELLBIOTEC CO.,LTD",010600,20260319,2026-01-26,감사의견 의견거절 2년 계속
00164609,에이치디현대미포,"HD HYUNDAI MIPO CO.,LTD.",010620,20251215,2025-12-15,해산 사유 발생
00268437,나노트로닉스,"NanoTronix Co., Ltd",010670,20170630,2014-04-11,기업의 계속성 및 경영의 투명성 등을 종합적으로 고려하여 상장폐지기준에 해당
00105509,금강화섬,"KUMKANG TRADING CO.,LTD",010730,20170630,2004-07-22,최종부도발생
00152950,코오롱유화,"KOLON CHEMICAL CO.,LTD",011020,20170630,2007-06-15,해산 사유 발생
00159281,케드콤,"KEDCOM CO.,LTD",011050,20170630,2010-07-22,감사의견 의견거절
00102760,두산건설,"Doosan Engineering & Construction Co.,Ltd.",011160,20230220,2020-03-24,지주회사(최대주주등)의 완전자회사화 등
00173069,아진카인텍,AJINCARINTECH. INC.,011400,20250226,2010-05-20,최종부도발생
00164955,현대페인트,"Hyundai Paint co.,LTD",011720,20170630,2016-11-21,감사의견 의견거절
00122436,배명금속,"BAEMYUNG METAL CO.,LTD",011800,20170630,2012-09-03,최종부도발생
00133034,성원건설,SUNGWON CORPORATION,012090,20170630,2010-05-03,감사의견 의견거절
00142591,셰프라인,CHEFLINE CORP,012250,20220228,2005-04-15,감사의견 의견거절
00153551,허메스홀딩스,"Hermesholdings Co.,LTD",012400,20170630,2012-06-12,감사의견 의견거절
00102645,글로스텍,"GLOSTECH CO.,Ltd.",012410,20170630,2013-06-04,감사의견 의견거절
00161639,메리츠종합금융,Meritz Investment Bank,012420,20170630,2010-04-21,해산 사유 발생
00143013,우영,Wooyoung,012460,20170630,2008-03-13,최종부도
00172291,더존비즈온,"DOUZONE BIZON CO.,LTD",012510,20260715,2026-07-15,지주회사(최대주주등)의 완전자회사화 등
00132488,신세계톰보이,SHINSEGAE TOMBOY,012580,20260212,2010-07-30,최종부도발생
00151863,청호ICT,"CHUNGHO ICT CO.,LTD.",012600,20250527,2025-05-27,"기업의 계속성, 경영의 투명성 및 기타 공익과 투자자 보호 등을 종합적으로 고려하여 상장폐지 기준에 해당한다고 결정"
00138206,쌍용건설,"Ssangyong Engineering & Construction Co., Ltd.",012650,20260401,2014-04-11,자본전액잠식 등
00100957,건영,"KunYoung Engineering & Construction Co., LTD",012720,20260227,2003-10-02,보통주 주가수준 미달(액면가 20/100미만 30일 계속) 후 60일간 20/100미만 연속 10일 이상
00116806,하스코,"HASCO.CO.,LTD",012760,20260310,2004-07-16,최종부도발생
00120100,LG석유화학,"LG PETROCHEMICAL CO.,LTD",012990,20170630,2007-11-15,해산 사유 발생
00142564,우방,"WOOBANG CONSTRUCTION CO.,LTD.",013200,20170630,2009-05-13,감사의견 의견거절
00134051,셀런,"CELRUN CO.,LTD",013240,20170630,2011-04-15,자본전액잠식
00138695,뉴아세아,"NEW ASIA CO.,LTD.",013340,20231114,2014-09-02,감사의견거절(감사범위 제한 및 계속기업 존속능력에 대한 불확실성)
00165529,동성하이켐,"DONGSUNG HIGHCHEM CO., LTD",013450,20170630,2015-07-20,피흡수합병
00114321,데코,Deco,013650,20170630,2010-10-19,피흡수합병
00267951,아큐텍,"ACQUTEK CO.,LTD",013780,20170630,2013-04-23,"기업의 계속성, 경영의 투명성 또는 기타 코스닥시장의 건전성 등을 종합적으로 고려하여 상장폐지가 필요하다고 인정"
00111591,인터피온반도체,"INTERPION SEM CONDUCTOR CO.,LTD",014010,20170630,2005-12-28,감사의견 의견거절
00103635,광림,"KANGLIM Co., LTD.",014200,20260316,2025-11-26,기업의 계속성 및 경영의 투명성 등을 종합적으로 고려하여 상장폐지기준에 해당한다고 결정
00132114,선진지주,"SUNJIN HOLDINGS CO.,LTD",014300,20240628,2013-01-18,해산 사유 발생
00136970,신일건업,"SHINIL ENGINEERING CO.,LTD",014350,20170630,2015-04-15,자본전액잠식
00128953,프로비타,PROVITA CORPORATION,014420,20170630,2009-11-06,주된 영업의 정지에 의한 상장폐지기준 해당
00106456,지앤엘,"GOLDEN & LUXURY Co., Ltd",014590,20260324,2011-05-13,감사의견 의견거절
00125929,에스컴,S Com Inc.,014900,20170630,2007-04-25,자본전액잠식
00140919,엘트온,"Visionhightech Co.,Ltd",015050,20170630,2010-03-09,"기업의 계속성, 경영의 투명성 또는 기타 코스닥시장의 건전성 등을 종합적으로 고려하여 상장폐지가 필요하다고 인정"
00149664,중앙건설,"JOONGANG CONSTRUCTION CO., LTD.",015110,20170630,2012-12-11,보통주 주가수준미달
00149877,중앙바이오텍,"CHOONG ANG BIOTECH CO.,LTD",015170,20190510,2010-04-13,자본전액잠식
00133089,성원,"Sungwon Co.,Ltd.",015200,20230217,2012-05-01,감사의견거절(감사범위제한)
00123967,부산도시가스,"BUSAN CITY GAS CO.,LTD",015350,20220217,2022-01-18,지주회사(최대주주등)의 완전자회사화 등
00191108,엘앤씨피,"L&CP CO.,Ltd",015390,20170630,2012-04-13,감사의견거절(감사범위제한)
00108065,에코바이브,"EcoVive Co., Ltd.",015540,20250326,2023-11-07,감사의견 의견거절 2년 계속
00150183,AP우주통신,"Asia Pacific Space Telecom Co., Ltd",015670,20170630,2007-09-12,감사의견 의견거절
00114303,엘지데이콤,LG Dacom Corporation,015940,20170630,2010-01-15,해산 사유 발생
00165565,디에스피이엔티,"DSP Ent Co., Ltd.",016040,20170630,2009-04-11,자본전액잠식
00131328,두함지개발,"Seojoo Industrial Development Co.,Ltd.",016140,20221207,2012-10-12,상장폐지신청('12.09.12)
00109648,오라바이오틱스,ORAH BIOTICS INC.,016160,20170630,2011-04-26,공시서류 미제출(사업보고서) 후 10일이내 미제출
00130949,카카오엠,Kakao M Corp.,016170,20180918,2018-09-18,피흡수합병
00116860,NH농협증권,"NH INVESTMENT&SECURITIES CO., LTD",016420,20170630,2015-01-20,해산 사유 발생
00173333,현대DSF,"HYUNDAI DSF CO.,LTD",016510,20170630,2011-07-18,해산 사유 발생
00130815,서울상호저축은행,Seoul Mutual Savings Bank,016560,20170630,2012-10-17,자본잠식(자본금의 50/100이상 잠식) 2년 계속
00154392,에스트라,AESTURA Corporation,016570,20240628,2013-03-15,신청에 의한 상장폐지
00161444,한국씨티은행,Citibank Korea Inc.,016830,20221228,2004-07-13,신청에 의한 상장폐지
00111829,대웅바이오,Daewoong Bio Inc.,016890,20240628,2009-04-20,피흡수합병
00140353,씨크롭,"CECROP CO.,LTD",016970,20170630,2006-07-13,감사의견 의견거절
00105767,LG마이크론,LG Micron Ltd.,016990,20170630,2009-07-16,피흡수합병
00158839,제너비오믹스,"Xana-BiomiX Co., LTD.",017010,20170630,2010-03-26,- 주된 영업이 정지되어 코스닥시장상장규정 제38조제2항제1호(삭제 ‘09.12.2)의 상장폐지기준 해당 / 기업의 계속성 및 경영의 투명성 등을 종합적으로 고려한 결과 코스닥시장상장규정 제38조제2항제5호라목(신설 ‘09.12.2)의 상장폐지기준 해당
00136554,스타맥스,"Starmax Co., Ltd.",017050,20170630,2010-04-05,"기업의 계속성, 경영의 투명성 또는 기타 코스닥시장의 건전성 등을 종합적으로 고려하여 상장폐지가 필요하다고 인정"
00103121,세븐코스프,"Seven KOSF CO.,LTD",017160,20240628,2011-04-29,감사의견거절(감사범위제한 및 계속기업으로서의 존속능력에 대한 불확실성)
00188946,훈영,"Hoonyoung CO.,LTD.",017170,20170630,2011-05-13,감사의견 의견거절
00152631,에이치비이에너지,"HBE ENERGY CO.,LTD",017300,20170630,2010-04-15,자본전액잠식
00112819,데코앤에프,"DECO&F CO.,LTD.",017680,20230515,2019-11-20,발행한 어음 또는 수표가 주거래은행에 의하여 최종부도로 결정되거나 거래은행에 의한 거래정지
00153852,텔슨정보통신,TelsonInformation&Communication,018180,20170630,2005-04-07,감사의견거절(상장폐지사유 발생일 : 2005년 03월 22일)
00174475,현대금속,HYUNDAE METAL Inc.,018410,20170630,2010-05-13,감사의견 의견거절
00101947,브이오산업,"MORARESOURCE Co., Ltd",018890,20170630,2010-07-22,"기업의 계속성, 경영의 투명성 또는 기타 코스닥시장의 건전성 등을 종합적으로 고려하여 상장폐지 기준에 해당한다고 결정"
00173324,경윤하이드로에너지,"KyungYoon Hydro Energy CO.,LTD.",019120,20170630,2011-04-06,기업의 계속성 및 경영의 투명성 등을 종합적으로 고려하여 상장폐지 기준에 해당한다고 결정
00162577,셀텍,"Cell Tech Co., LTD.",019260,20170630,2012-09-05,"기업의 계속성, 경영의 투명성 또는 기타 코스닥시장의 건전성 등을 종합적으로 고려하여 상장폐지 기준에 해당한다고 결정"
00118460,태림페이퍼,"TAILIM PAPER CO.,LTD",019300,20260116,2016-08-11,신청에 의한 상장폐지
00267809,위더스기술금융,Nexus Investment Corporation,019430,20170630,2011-04-29,감사의견거절(감사범위제한)
00133991,세아특수강,"SeAH SPECIAL STEEL CO., LTD",019440,20260212,2026-02-12,지주회사(최대주주등)의 완전자회사화 등
00162081,한국투자파트너스,"Korea Investment Partners Co.,Ltd.",019560,20260129,2005-12-24,상장폐지신청(2005.12.21)
00136642,에스유앤피,SUNP Corporation,019590,20251212,2025-09-08,기업의 계속성 및 경영의 투명성 등을 종합적으로 고려하여 상장폐지기준에 해당한다고 결정
00167378,희훈디앤지,HEEHOON DESIGN & GLOBAL.CO.LTD,019640,20170630,2009-04-23,자본전액잠식
00106483,기라정보통신,"Kira Information&Communications Co.,Ltd",019930,20170630,2004-02-12,화의절차 개시 신청 각하
00154727,에버리소스,EVER RESOURCES INC.,020070,20170630,2010-05-01,감사범위제한 및 계속기업존속능력에 대한 불확실성으로 인한 감사의견거절
00161301,한림창업투자,Hallim Venture Capital,021060,20170630,2012-06-27,"기업의계속성, 경영의 투명성 또는 기타 코스닥시장의 건전성 등을 종합적으로 고려하여 상장폐지 기준에 해당한다고 결정"
00139418,알루코,"ALUKO CO.,LTD",021570,20240628,2005-10-13,최종부도(상장폐지사유 발생일 : 2005년 09월 27일)
00161408,케이비캐피탈,"KB CAPITAL CO,. LTD",021960,20250121,2017-07-21,지주회사(최대주주등)의 완전자회사화 등
00186540,코오롱아이넷,KOLON I' NETWORKS CORP.,022520,20170630,2012-01-11,해산 사유 발생
00198572,동양매직,"TONG YANG MAGIC CO., LTD",023020,20170630,2011-09-14,피흡수합병
00144933,유진종합개발,YujinDevelopment&Construction,023420,20170630,2005-12-31,피흡수합병
00100717,아이이,IE Limited,023430,20191120,2017-12-20,기업의 계속성 및 경영의 투명성 등을 종합적으로 고려하여 상장폐지기준에 해당한다고 결정
00149266,씨앤에이치,"CNH C0., LTD.",023460,20250714,2025-07-14,기업의 계속성 및 경영의 투명성 등을 종합적으로 고려하여 상장폐지기준에 해당한다고 결정
00104892,알이네트웍스,"RENetworks Co.,Ltd",023670,20170630,2010-06-17,"기업의 계속성, 경영의 투명성 또는 기타 코스닥시장의 건전성 등을 종합적으로 고려하여 상장폐지 기준에 해당한다고 결정"
00159290,한국아트라스비엑스,"HANKOOK ATLASBX CO.,LTD.",023890,20210419,2021-04-19,피흡수합병
00174129,제일저축은행,Jeil Savings Bank,024100,20170630,2011-10-14,자본전액잠식
00156044,하림홀딩스,"HARIM HOLDINGS CO.,LTD.",024660,20180716,2018-07-16,피흡수합병
00145738,이화전기공업,"EHWA TECHNOLOGIES INFORMATION CO., LTD.",024810,20250910,2025-09-10,기업의 계속성 및 경영의 투명성 등을 종합적으로 고려하여 상장폐지기준에 해당한다고 결정
00144562,유성티에스아이,"Yoo Sung Technique & Strategy Investment Co., Ltd",024870,20170630,2010-05-03,감사의견 의견거절
00124018,부산방직공업,BusanTextile,025270,20170630,2016-08-18,피흡수합병
00116073,그린기술투자,"Green Technology Investment Co.,Ltd.",025340,20210630,2011-12-28,기업의 계속성 및 경영의 투명성 등을 종합적으로 고려하여 상장폐지 기준에 해당한다고 결정
00173254,한마음상호저축은행,HANMAUM MUTUAL SAVINGS BANK,025450,20170630,2004-10-07,감사의견부적정(취소사유발생일 : 2004년 9월 17일)
00197324,팬텀엔터테인먼트그룹,"FANTOM ENTERTAINMENT GROUP CO., LTD",025460,20170630,2009-04-29,감사범위 제한에 따른 감사의견 거절
00104704,한국저축은행,KOREA SAVINGS BANK,025610,20170630,2012-07-25,"기업의 계속성, 경영의 투명성 및 기타 공익과 투자자 보호 등을 종합적으로 고려하여 상장폐지 기준에 해당한다고 결정"
00203458,동방라이텍,"DONGBANG Litech CO., LTD",025690,20170630,2005-03-12,감사의견거절(상장폐지사유 발생일 : 2005년 02월 24일)
00160445,한국합섬,HANKOOK SYNTHETICS INC,025830,20170630,2007-04-25,감사의견 부적정
00160612,한화화인케미칼,"HANWHA FINE CHEMICAL CO., LTD.",025850,20170630,2016-03-15,해산 사유 발생
00183914,우경,"WOO KYUNG CO., LTD",025920,20170630,2013-07-10,감사의견거절(감사범위 제한)
00207542,팬택자산관리,PANTECH PROPERTY MANAGEMENT INC.,025930,20170630,2007-04-25,자본전액잠식
00114215,알덱스,"ALDEX CO.,LTD",025970,20170630,2011-12-20,피흡수합병
00200956,현대정보기술,"Hyundai Information Technology Co.,Ltd",026180,20190717,2019-07-17,피흡수합병
00133317,에스티씨라이프,"STC LIFE Co.,Ltd.",026220,20260319,2011-11-29,기업의 계속성 및 경영의 투명성 등을 종합적으로 고려하여 상장폐지 기준에 해당한다고 결정
00113632,아이디에이치,"IDH CO., LTD.",026230,20170630,2009-04-29,감사범위 제한에 따른 감사의견 거절
00127370,삼우이엠씨,SamwooEMC,026250,20170630,2013-04-12,자본전액잠식
00207223,위너지스,"WINERGYS Co., Ltd",026260,20181012,2018-10-11,감사의견거절(감사범위 제한)
00114826,제일창업투자,Korea First Venture Capital Corporation,026540,20170630,2011-10-14,감사의견거절(감사범위제한)
00112907,코원에너지서비스,"Ko-one energy service co.,ltd.",026870,20250428,2012-11-15,신청에 의한 상장폐지
00110060,대백저축은행,DEBEC SAVINGS BANK.,026970,20250616,2004-11-05,액면가액일정비율미만(취소사유발생일 : 2004년 10월 21일)
00208374,텔슨전자,TelsonElectronics,027350,20170630,2004-08-10,최종부도(취소사유발생일: 2004년 7월 26일)
00117258,한화갤러리아타임월드,"Hanwha Galleria Timeworld Co., Ltd.",027390,20231115,2020-04-16,지주회사(최대주주등)의 완전자회사화 등
00172103,코리아이앤디,Coreaelectronics & development.inc,027440,20170630,2004-04-14,감사의견거절(취소사유발생일 : 2004년 3월 29일)
00110079,대백쇼핑,Debec Shopping,027700,20170630,2004-06-18,액면가액일정비율(30%)미달로 인한 관리종목지정후 90일(매매일기준)간의 기간이 경과하는 동안에 종가가 동 비율이상인 일수가 30일이상일 것을 충족하지 아니함 (취소사유발생일 : 2004년 6월 3일)
00156734,한국고덴시,KODENSHIKOREA CORP,027840,20170630,2010-07-14,해산 사유 발생
00111865,미래SCI,"MIRAE SCI CO., LTD.",028040,20221103,2021-04-13,"최근 2년간 3회 이상 공시규정 제19조제1항의 규정에 의한 사업보고서, 반기보고서 또는 분기보고서 법정제출기한 내 미제출"
00121251,네오퍼플,"NEO PURPLE CO.,Ltd.",028090,20240628,2013-05-03,감사의견거절(감사범위 제한 및 계속기업으로서의 존속능력에 대한 불확실성)
00207755,지에스홈쇼핑,GS Home Shopping Inc.,028150,20210716,2021-07-16,피흡수합병
00197476,코엔텍,"Korea Environment Technology Co., LTD.",029960,20260320,2025-06-16,타법인의 완전자회사로 편입
00200761,중앙디자인,"Joong Ang Design Co., Ltd",030030,20170630,2011-04-13,자본전액잠식
00100258,에스마크,"SMARK CO.,LTD",030270,20201204,2020-05-21,감사의견거절(감사범위제한 및 계속기업 존속 불확실)
00268020,쏠라엔텍,"SOLAR & TECH CO., LTD.",030390,20170630,2010-05-08,감사의견거절(감사범위제한 및 계속기업 존속 불확실)
00228916,디패션,"De Passion co.,ltd.",030420,20170630,2011-05-07,감사의견 부적정
00273615,비케이탑스,"BK Tops Co.,Ltd",030790,20240513,2024-05-13,감사의견 의견거절 2년 계속
00123514,보진재,Pochinchai,030950,20190514,2005-04-30,경상손실 및 시가총액 50억원 미달 2회 연속(상장폐지사유 발생일 : 2005년 4월 15일)
00104467,국민은행,Kookmin Bank,031150,20170630,2003-10-10,피흡수 합병 (합병기일 : '03.9.30)
00198378,녹십자셀,GREEN CROSS CELL CORPORATION,031390,20240628,2021-11-17,피흡수합병
00274933,신세계푸드,SHINSEGAE FOOD Inc.,031440,20260811,2026-08-11,지주회사(최대주주등)의 완전자회사화 등
00267997,에스티앤아이,"ST&I Co., Ltd.",031800,20170630,2009-07-01,"기업의 계속성, 경영의 투명성 또는 기타 코스닥시장의 건전성 등을 종합적으로 고려하여 상장폐지가 필요하다고 인정"
00136095,조은저축은행,CHOEUN SAVINGS BANK,031920,20250617,2013-02-27,2반기 연속 자본잠식률 50%이상
00130860,에듀패스,EDU-PASS INC.,031950,20170630,2011-06-09,"기업의 계속성, 경영의 투명성 또는 기타 코스닥시장의 건전성 등을 종합적으로 고려하여 상장폐지가 필요하다고 인정"
00267775,동산진흥,DongsanDevelopment,031960,20170630,2010-02-20,"기업의 계속성, 경영의 투명성 또는 기타 코스닥시장의 건전성 등을 종합적으로 고려하여 상장폐지기준에 해당한다고 결정"
00218654,엠바이엔,MbyN Inc,031970,20170630,2004-04-07,감사의견거절(취소사유발생일:2004년 3월 22일)
00110307,대선조선,DaesunSipbuilding&Engineering,031990,20260330,2011-04-13,자본전액잠식 등
00107358,일공공일안경콘택트,"1001 OPTICAL Co., Ltd",032030,20170630,2010-04-13,자본전액잠식
00173731,씨앤에스자산관리,"C&S ASSET MANAGEMENT CO., LTD.",032040,20220225,2018-10-11,감사의견거절(범위제한 및 계속기업 존속능력에 대한 불확실성)
00194372,후야인포넷,"HOOYA INFONET CO., LTD.",032050,20170630,2005-04-26,자본전액잠식(상장폐지사유 발생일 : 2005년 04월 11일)
00148188,으뜸상호저축은행,EUTTEUM MUTUAL SAVINGS BANK,032150,20170630,2003-10-15,2사업년도 연속 자본잠식률 50% 이상(취소사유 발생일 : '03.9.29)
00145534,이수세라믹,"ISU CERAMICS., LTD",032180,20170630,2005-05-25,상장폐지신청(2005.04.28)
00183215,케이디지엠텍,"alti-electronics co., ltd.",032290,20220228,2011-04-23,사업보고서 법정제출기한 익일부터 10일 이내 미제출
00231521,핸디소프트,HandySoft Corp.,032380,20170630,2011-03-03,기업의 계속성 및 경영의 투명성 등을 종합적으로 고려하여 상장폐지 기준에 해당한다고 결정
00244871,케이티프리텔,"KT FREETEL. CO., LTD",032390,20170630,2009-06-23,해산 사유 발생
00229818,터보테크,"TURBOTEK CO., LTD",032420,20170630,2015-01-27,기업의 계속성 및 경영의 투명성 등을 종합적으로 고려하여 상장폐지기준에 해당한다고 결정
00101442,카라반케이디이,"CARAVAN KDE CO., LTD.",032570,20170630,2009-09-18,발행한 어음 또는 수표가 주거래은행에 의하여 최종부도로 결정되거나 거래은행에 의한 거래 정지
00119733,엔토리노,nTorino Corporation Inc.,032590,20170630,2008-04-12,자본전액잠식
00231567,애드모바일,,032600,20170630,2003-10-30,자본전액잠식(2년)
00179832,에스오케이,"SOK Co., Ltd.",032610,20170630,2005-04-21,감사의견거절(상장폐지사유 발생일 : 2005년 04월 06일)
00307897,신한카드,"Shinhan Card Co.,Ltd",032710,20250220,2007-10-10,지주회사의 완전자회사화(지주회사 신규상장)
00200798,에이스앤파트너스,Ace & Partners,032930,20170630,2012-01-18,피흡수합병
00232089,바이온,"BYON Co., Ltd.",032980,20260701,2026-07-01,기업의 계속성 및 경영의 투명성 등을 종합적으로 고려하여 상장폐지기준에 해당한다고 결정
00206084,세아메탈,SEAH METAL. Co. LTD,033020,20230223,2004-12-20,자진등록취소
00232317,지오엠씨,"GEOMC CO., LTD.",033030,20170630,2010-09-25,"기업의 계속성, 경영의 투명성 또는 기타 코스닥시장의 건전성 등을 종합적으로 고려하여 상장폐지 기준에 해당한다고 결정"
00194275,코너스톤네트웍스,"Cornerstone Networks CO., LTD",033110,20220211,2021-10-08,감사의견 거절(감사범위 제한 및 계속기업 존속능력에 대한 불확실성)
00193009,케이에이치필룩스,"KH FEELUX Co.,Ltd.",033180,20260115,2026-01-15,감사의견 의견거절 2년 계속
00130204,폴켐,Polchem Inc.,033190,20170630,2010-04-23,사업보고서 법정제출기한 익일부터 10일이내 미제출
00267793,삼화기연,"Samwha Engineering Co., Ltd",033210,20170630,2004-03-31,감사의견거절(취소사유발생일 : 2004년 3월 15일)
00107303,피엔에스커튼월,"PNS CURTAINWALL CO., LTD",033220,20220223,2005-05-04,주식분산기준 미달 2년 연속
00225140,쌈지,"SSAMZIE CO., LTD.",033260,20170630,2010-04-17,최종부도 발생
00206127,어울림엘시스,Oullim Elses Inc.,033280,20170630,2012-09-11,2반기 연속 자본잠식률 50%이상
00119423,두림티앤씨,"DOORIM T&C CO., LTD.",033330,20170630,2008-05-03,감사의견거절(감사범위제한)
00244419,디에스티,"DST Co., Ltd.",033430,20230512,2021-09-02,감사의견 한정(감사범위 제한)
00268011,일레덱스홀딩스,"ELEDEX HOLDINGS CO.,LTD",033550,20260609,2013-05-07,감사의견거절(감사범위 제한 및 계속기업으로서의 존속능력에 대한 불확실성)
00264787,럭슬,"LUXL CO., LTD.",033600,20220427,2021-08-11,감사의견 거절(감사범위 제한)
00243988,에스케이브로드밴드,"SK Broadband Co., Ltd.",033630,20260415,2015-07-01,상장폐지신청('15.6.11)
00209443,우리금융캐피탈,"WOORI FINANCIAL CAPITAL CO.,LTD",033660,20250618,2021-08-27,지주회사(최대주주등)의 완전자회사화 등
00257194,블루스톤디앤아이,"Blue Stone D&I Co., Ltd.",033720,20170630,2009-05-15,감사의견거절(계속기업으로서의 존속능력에 대한 불확실성)
00244589,지노시스템,"G-Inno Systems CO., LTD.",033850,20170630,2011-05-07,감사의견거절(감사범위제한)
00244862,룩소네이트,"Bluemum Co., Ltd.",033880,20170630,2009-09-04,"- 2회연속 자본잠식률 50% 이상 - 2009.3.31 자본잠식률 50% 이상으로 관리종목 지정 후, 최근 반기의 재무제표에 대한 감사인의 감사의견 거절"
00251482,트라이써클,"Tricircle Co.,Ltd.",034010,20170630,2013-02-21,"기업의 계속성, 경영의 투명성 또는 기타 코스닥시장의 건전성 등을 종합적으로 고려하여 상장폐지가 필요하다고 인정"
00217947,신세계건설,"Shinsegae Engineering & Construction C.,Ltd.",034300,20260825,2025-02-24,지주회사(최대주주등)의 완전자회사화 등
00240398,무한투자,"Muhan Investment Co., Ltd.",034510,20170630,2012-09-25,시가총액 40억원 미달
00251190,글로웍스,"Gloworks Co.,Ltd.",034600,20170630,2011-06-29,자본잠식률 50%이상으로 관리종목 지정 후 반기 재무제표에 대한 감사의견 거절
00211271,제넥셀세인,GENEXEL-SEIN INC.,034660,20170630,2010-04-15,감사범위제한으로 인한 감사의견 거절
00255071,현대에이치씨엔동작방송,"HCN DONGFAK Sysems Co., Ltd",034750,20170630,2008-07-12,2분기 연속 거래실적부진사유 미해소
00134909,소예,SOYEA Corporation,035010,20170630,2009-11-03,최근 사업연도의 재무제표에 대한 감사인의 감사의견거절
00244729,티브로드도봉강북방송,"Tbroad DobongGangbuk Broadcasting Co.,Ltd.",035210,20170630,2012-11-01,상장폐지신청('12.09.26)
00220552,청람디지탈,"CHUNG LAM DIGITAL CO.,LTD",035270,20170630,2008-04-23,법정제출기한까지 사업보고서를 제출하지 아니한 후 법정제출기한의 다음날부터 10일 이내에 사업보고서 미제출
00223346,쓰리디넷,"3D NET Co.,Ltd.",035400,20170630,2010-10-01,기업의 계속성 및 경영의 투명성 등을 종합적으로 고려하여 상장폐지가 필요하다고 인정
00249034,드림라인,Dreamline Corporation,035430,20250331,2003-09-19,액면가액일정비율미달
00259439,지아이바이오,"GIBIO Co., Ltd.",035450,20170630,2013-08-07,감사의견거절(감사범위 제한 및 계속기업으로서의 존속능력에 대한 불확실성)
00255141,글로앤웰,"Glonwell Co., Ltd.",035480,20210208,2019-12-12,기업의 계속성 및 경영의 투명성 등을 종합적으로 고려하여 상장폐지기준에 해당한다고 결정
00255309,써니트렌드,"Sunny Trends Co.,ltd",035500,20170630,2009-09-04,-2회연속 자본잠식률 50%이상 -2회연속 자기자본 10억원미만 -자본잠식률 50%이상 및 자기자본 10억원미만으로 관리종목 지정후 최근 반기 재무제표에 대한 외부감사인의 감사의견 의견거절
00259493,씨엘엘씨디,"CL LCD CO., LTD.",035710,20170630,2010-05-01,감사범위제한으로 인한 감사의견거절
00259916,그로웰텔레콤,"GrowellTelecom Co., Ltd.",035780,20170630,2005-01-11,액면가액일정비율미만(취소사유발생일 : 2004년 12월 24일)
00246383,메카포럼,"MECCA FORUM CO., LTD",035830,20170630,2010-07-16,"기업의 계속성, 경영의 투명성 또는 기타 코스닥시장의 건전성 등을 종합적으로 고려하여 상장폐지 기준에 해당한다고 결정"
00261601,호성,"HOSUNG, INC.",035870,20170630,2004-06-12,최종부도(취소사유발생일 : 2004년 5월 28일)
00258731,현대멀티캡,"Hyundai MultiCAV Co.,Ltd",035910,20170630,2005-01-19,최종부도(등록취소사유발생일: 2005년 1월 4일)
00242439,케이알,"KR CO.,LTD.",035950,20170630,2009-08-21,감사범위제한으로 인한 감사의견거절 및 계속기업 불확실성으로 인한 감사의견거절 사유해소 확인서 미제출
00265157,바이오시스,"Biosys co.,ltd",035960,20170630,2004-04-07,감사의견거절(취소사유발생일:2004년 3월 22일)
00244932,한아시스템,"HANA SYSTEMS, INC",036020,20170630,2005-04-02,감사의견 부적정(상장폐지사유 발생일 : 2005년 03월 21일)
00277985,한강구조조정기금,HANKANG RESTRUCTURING FUND,036060,20170630,2004-10-01,존속기간 만료
00257149,지더블유바이텍,"GW Vitek CO.,LTD.",036180,20260610,2026-03-17,기업의 계속성 및 경영의 투명성 등을 종합적으로 고려하여 상장폐지기준에 해당한다고 결정
00255840,태산엘시디,"Taesan LCD Co.,Ltd",036210,20170630,2014-04-11,자본전액잠식등
00122339,이매진아시아,"IMAGINE ASIA Co.,Ltd.",036260,20210326,2021-02-15,기업의 계속성 및 경영의 투명성 등을 종합적으로 고려하여 상장폐지기준에 해당
00237260,헤쎄나,"Hecenat Co.,Ltd",036270,20170630,2009-06-17,"기업의 계속성, 경영의 투명성 또는 기타 코스닥시장의 건전성 등을 종합적으로 고려하여 상장폐지가 필요하다고 인정"
00188122,남산물산,"Hana Mulsan CO.,LTD",036280,20240712,2009-04-24,"기업의 계속성, 경영의 투명성 또는 기타 코스닥시장의 건전성 등을 종합적으로 고려하여 상장폐지가 필요하다고 인정"
00260903,쓰리소프트,3SOFT. Inc.,036360,20170630,2009-04-29,감사의견거절(감사범위제한)
00110051,에스케이머티리얼즈,"SK Materials Co., Ltd.",036490,20240628,2021-12-27,피흡수합병
00267960,에스에스컴텍,"SS COMTECH Co., Ltd.",036500,20170630,2017-05-11,감사의견 거절(감사범위 제한 및 계속기업 존속능력에 대한 불확실성)
00221320,에이스디지텍,"ACE DIGITECH CO., LTD.",036550,20170630,2011-08-22,피흡수합병
00325918,케이엔티,Korea Neo Technology Co. Ltd,036590,20170630,2005-04-16,자본전액잠식(상장폐지사유발생일 : 2005년 03월 31일)
00141440,지니웍스,"GenieWorks Co.,Ltd.",036600,20170630,2005-04-02,감사의견거절(상장폐지사유 발생일 : 2005년 03월 18일)
00254009,지디코프,GDCorp Inc.,036610,20170630,2009-06-17,"기업의 계속성, 경영의 투명성 또는 기타 코스닥시장의 건전성 등을 종합적으로 고려하여 상장폐지가 필요하다고 인정"
00259606,플러스프로핏,"Plus Profit Co., Ltd",036660,20170630,2009-11-20,감사범위 제한에 따른 감사의견 거절
00260985,한빛네트,"HanbitNet, Inc.",036720,20170630,2004-04-08,감사의견거절(취소사유발생일 : 2004년 3월 23일)
00265218,케이엔에스홀딩스,KNS HOLDINGS INC.,036760,20170630,2009-04-23,"감사의견거절(감사범위제한), 법정제출기한까지 사업보고서를 제출하지 아니한 후 법정제출기한의 다음날부터 10일 이내에 사업보고서 미제출"
00256292,자강,ZAKANG Inc,036790,20170630,2009-05-15,감사의견거절(계속기업 존속 불확실성)
00248956,비이티,"BET CO., LTD.",036820,20170630,2005-04-21,감사범위제한 한정(상장폐지사유 발생일 : 2005년 03월 21일)
00165361,휴코드홀딩스,"Hucord Co., Ltd.",036840,20230220,2011-09-15,"기업의 계속성, 경영의 투명성 또는 기타 코스닥시장의 건전성등을 종합적으로 고려하여 상장폐지가 필요하다고 인정"
00208693,나리지*온,Knowledge*on Inc.,036850,20170630,2010-07-14,피흡수합병
00247762,맥시스템,"MAC SYSTEM CO., LTD.",036880,20170630,2005-03-31,감사의견거절(상장폐지사유 발생일 : 2005년 03월 16일)
00154693,이레아이엔씨,"Erae I&C co.,Ltd",036900,20170630,2005-04-23,감사의견거절
00241120,세원텔레콤,Sewon Telecom Ltd.,036910,20170630,2004-06-01,회사정리절차 개시신청 (취소사유발생일 : 2004년 5월 3일)
00240088,지앤에스티,"G&ST CO.,LTD",036920,20170630,2013-05-07,감사의견거절(감사범위 제한)
00247902,넷컴스토리지,NETCOM STORAGE,037010,20170630,2004-04-08,감사의견거절(취소사유발생일 : 2004년 3월 23일)
00178471,한와이어리스,"Hanwireless Co., Ltd.",037020,20170630,2011-04-23,사업보고서 법정제출기한 익일부터 10일이내 미제출
00300256,시큐어소프트,SecureSoft Inc.,037060,20170630,2007-04-04,재감사보고서상 감사의견거절
00246189,제이에스,JS Company Limited,037110,20170630,2010-05-01,감사의견거절(감사범위제한)
00253514,한신코퍼레이션,HAHN SHIN CORPORATION,037120,20170630,2004-10-21,감사의견 거절(취소사유발생일 : 2004년 9월 30일)
00248691,씨제이인터넷,CJ Internet Corp.,037150,20170630,2011-03-22,씨제이이앤엠(주)에 피흡수합병
00265254,넥스텔,NEXTEL INCORPORATED.,037220,20170630,2005-04-09,최종부도(상장폐지사유 발생일 : 2005년 03월 24일)
00260693,평안물산,"Pyeong Ahn Trading, Inc.",037240,20170630,2012-06-01,감사의견거절(감사범위제한)
00260639,대흥멀티미디어통신,daeheung multimedia communication corp,037250,20170630,2004-05-11,최종부도(취소사유발생일 : 2004년 4월 23일)
00261212,시노펙스그린테크,Synopex Green Tech Inc.,037320,20170630,2012-03-19,피흡수합병
00241236,에이치씨코퍼레이션,"HC Corporation Co., Ltd.",037340,20260324,2016-09-08,2반기 연속 자본잠식률 50% 이상
00164195,에이원마이크로,"AONEMICRO, INC.",037380,20170630,2012-02-01,기업의 계속성 및 경영의 투명성 등을 종합적으로 고려하여 상장폐지 기준에 해당한다고 결정
00277727,미래에셋굿라이프혼합형자녀를위한펀드5-1,MIRAEASSETGOODLIFEBALANCEDFUND5-1,037500,20170630,2005-02-24,간접투자자산운용업법 제110조(구 증권투자회사법 제64조)에 의한 해산사유발생
00297970,미래에셋굿라이프혼합형자녀를위한투자회사10-1,MIRAEASSETGOODLIFEBALANCEDFUND10-1,037510,20170630,2010-01-26,자본시장과금융투자업에관한법률 제202조제1항에 의한 해산사유에 해당하는 경우
00259536,네스테크,"Nextech Co., LTD.",037540,20170630,2011-11-26,"기업의 계속성, 경영의 투명성 또는 기타 코스닥시장의 건전성 등을 종합적으로 고려하여 상장폐지 기준에 해당한다고 결정"
00314000,클라스타,"Clustar Co.,Ltd.",037550,20170630,2011-10-26,"자본잠식률 50% 이상으로 관리종목 지정 후, 최근 반기의 재무제표에 대한 감사인의 감사의견 거절"
00247939,씨모스,"creative master of semiconductor. co.,ltd",037600,20240628,2004-03-24,감사의견거절(취소사유발생일:2004년 3월 9일)
00311030,미래에셋증권,"MIRAE ASSET SECURITIES CO.,LTD",037620,20170630,2017-01-20,해산 사유 발생
00265227,에스비엠,"SBM CO.,LTD.",037630,20170630,2013-07-24,감사의견거절(감사범위 제한 및 계속기업으로서의 존속능력에 대한 불확실성)
00248053,지에스엔텍,GS ENTEC Corp.,037640,20260421,2005-01-24,최종부도(등록취소사유발생일 : 2005년 1월 7일)
00246815,성진산업,"SUNG JIN INDUSTRIAL CO., LTD.",037650,20170630,2005-04-05,감사의견거절(상장폐지사유 발생일 : 2005년 03월 21일)
00265263,토자이홀딩스,TOZAI Holdings Inc.,037700,20170630,2011-10-12,기업의 계속성 및 경영의 투명성 등을 종합적으로 고려하여 상장폐지 기준에 해당한다고 결정
00255266,쓰리알,3R,037730,20170630,2004-04-22,자본전액잠식(취소사유발생일 : 2004년 4월 6일)
00260888,엔써커뮤니티,N'ser community Inc.,037750,20170630,2004-04-13,감사의견거절(취소사유발생일 : '04.3.29)
00261188,글로포스트,"Glopost CO., Ltd.",037830,20170630,2010-02-09,"기업의 계속성, 경영의 투명성 또는 기타 코스닥시장의 건전성 등을 종합적으로 고려하여 상장폐지가 필요하다고 인정"
00263955,트래픽아이티에스,,038050,20170630,2004-04-22,감사의견거절(취소사유발생일 : 2004년 3월 30일)
00260921,아이엠아이티,"IMIT. CO., LTD.",038100,20170630,2005-04-08,감사의견거절(상장폐지사유 발생일 : 2005년 03월 23일)
00266989,에이디모터스,"AD Motors Co., Ltd.",038120,20170630,2013-01-30,"기업의 계속성, 경영의 투명성 또는 기타 코스닥시장의 건전성 등을 종합적으로 고려하여 상장폐지가 필요하다고 인정"
00334624,팍스넷,"PAXNet, Inc.",038160,20230220,2021-08-23,감사의견 거절(감사범위 제한 및 계속기업 존속능력에 대한 불확실성)
00261124,어울림정보기술,"Oullim Information Technology, Inc",038320,20170630,2012-09-08,2반기 연속 자본잠식률 50%이상
00215976,무궁화인포메이션테크놀로지,"MUGUNGHWA INFORMATION TECHNOLOGY CO., LTD.",038340,20260303,2025-03-28,기업의 계속성 및 경영의 투명성 등을 종합적으로 고려하여 상장폐지기준에 해당한다고 결정
00170451,외환신용카드,"Korea Exchange Bank Credit Service Co., Ltd.",038400,20170630,2004-03-16,해산 사유 발생
00261461,트라이콤,TRICOMINC.,038410,20170630,2009-04-23,법정제출기한까지 사업보고서를 제출하지 아니한 후 법정제출기한의 다음날부터 10일 이내에 사업보고서 미제출
00234555,씨엔씨엔터프라이즈,"C&C ENTERPRISE CO.,LTD",038420,20170630,2007-08-29,2회연속 자본잠식률 50% 이상 및 자기자본 10억원 미만
00264556,에이스일렉트로닉스,"ACE ELECTRONICS CO.,LTD.",038690,20170630,2010-04-17,감사의견거절(감사범위제한)
00334615,콜마파마,"Kolmarpharma Co.,Ltd.",038710,20240628,2011-05-07,감사의견거절(계속기업으로서의 존속능력에 대한 불확실성)
00264802,유일엔시스,YOUILENSYS Corporation,038720,20170630,2013-05-01,감사의견 부적정
00264769,포이보스,"POIBOS CO., LTD",038810,20170630,2009-04-11,자본전액잠식
00271431,케이엠에스,"KMS Co., Ltd",038830,20170630,2009-08-08,"기업의 계속성, 경영의 투명성 또는 기타 코스닥시장의 건전성 등을 종합적으로 고려하여 상장폐지가 필요하다고 인정"
00265342,에이치에스씨홀딩스,"GENF Co., Ltd.",038920,20170630,2009-05-29,"기업의 계속성, 경영의 투명성 또는 기타 코스닥시장의 건전성 등을 종합적으로 고려하여 상장폐지가 필요하다고 인정"
00244330,현주컴퓨터,HYUNJU COMPUTER CO. LTD,038960,20170630,2005-05-11,최종부도(상장폐지사유 발생일 : 2005년 04월 25일)
00229827,이지클럽,"EASYCLUB CO., LTD.",038980,20170630,2005-09-10,최근사업연도말 기준 자본잠식률 100분의 50이상의 사유로 관리종목지정 후 법정제출기한 다음날로부터 10일이내 반기보고서 미제출
00264644,넥스콘테크놀러지,"NEXCON TECHNOLOGY Co., LTD",038990,20190227,2012-11-01,상장폐지신청('12.10.09)
00275710,써미트테크놀로지,Summit Technology,039000,20170630,2004-04-13,감사의견거절(취소사유발생일 : '04.3.26)
00265078,유니텍전자,UNITECH ELECTRONICS CO. LTD,039040,20170630,2011-04-29,감사의견거절(감사범위 제한 및 계속기업으로서의 존속능력에 대한 불확실성)
00264839,아이비진,IBXENE CORP.,039060,20240628,2008-12-20,최종부도
00268181,에스피컴텍,"SP. COMTECH CO., LTD.",039110,20220225,2006-04-15,2사업연도 연속 매출액 30억원 미달(상장폐지사유 발생일 : 2006년 03월 31일)
00295370,제이앤케이인더스트리,"AIBIT Co., Ltd.",039230,20250224,2021-10-06,감사의견 거절(감사범위 제한)
00267094,헤파호프코리아,HepaHope Korea Inc.,039350,20170630,2011-06-16,기업의 계속성 및 경영의 투명성 등을 종합적으로 고려하여 상장폐지 기준에 해당한다고 결정
00270405,윌텍정보통신,Willtek corporation,039390,20170630,2004-04-09,감사의견거절(취소사유발생일 : 2004년 3월 24일)
00252755,씨앤케이인터내셔널,"CNK INTERNATIONAL CO., LTD",039530,20190718,2015-05-19,기업의 계속성 및 경영의 투명성 등을 종합적으로 고려하여 상장폐지기준에 해당한다고 결정
00264185,피코소프트,"picosoft co.,ltd.",039580,20170630,2004-04-07,감사의견거절(취소사유발생일:2004년 3월 22일)
00298687,스포츠서울,"The Sports Seoul Co., Ltd.",039670,20220420,2022-04-20,기업의 계속성 및 경영의 투명성 등을 종합적으로 고려하여 상장폐지기준에 해당한다고 결정
00261735,위노바,"WINNOVA CO., Ltd.",039790,20210224,2018-03-09,기업의 계속성 및 경영의 투명성 등을 종합적으로 고려하여 상장폐지기준에 해당한다고 결정
00246347,태창파로스,"TAECHANG PHAROS.,Ltd.",039850,20170630,2015-05-19,기업의 계속성 및 경영의 투명성 등을 종합적으로 고려하여 상장폐지기준에 해당한다고 결정
00222213,피케이엘,Photronics Korea Ltd,039870,20231206,2005-11-09,상장폐지신청(2005.10.14)
00259855,코아정보시스템,"Core Information System Co., Ltd.",039990,20170630,2009-06-10,"기업의 계속성, 경영의 투명성 또는 기타 코스닥시장의 건전성 등을 종합적으로 고려하여 상장폐지가 필요하다고 인정"
00271413,사라콤,"SARACOM CO., LTD",040020,20170630,2009-05-27,자본전액잠식
00264529,엔플렉스,"Nplex,Inc.",040130,20170630,2004-04-03,감사의견거절(취소사유발생일 : 2004년 3월 20일)
00269773,대양글로벌,Daeyang Global Inc.,040180,20170630,2011-10-25,감사의견거절(감사범위 제한)
00248123,와이즈파워,"WISEPOWER CO.,LTD",040670,20170630,2015-07-16,자본전액잠식 등
00262682,아인스엠앤엠,"Ein's M&M CO., LTD",040740,20170630,2012-05-01,감사의견거절(감사범위 제한 및 계속기업존속 불확실성)
00257529,이루넷,"Iroonet,Inc.",041030,20170630,2010-05-05,감사범위제한으로 인한 감사의견 거절
00264857,아라온테크,"Araontech Co., Ltd.",041060,20170630,2014-05-08,감사의견 거절(감사범위 제한 및 계속기업 존속능력에 대한 불확실성)
00266943,넥슨지티,"Nexon GT Co., Ltd.",041140,20220415,2022-04-15,피흡수합병
00263991,모빌링크텔레콤,"Mobilink Telecom Co., Ltd.",041310,20170630,2009-04-23,자본전액잠식
00269287,보홍,"Bohong Co.,Ltd.",041320,20170630,2010-05-08,감사의견거절(감사범위제한)
00269339,인네트,"INNET Co., Ltd",041450,20170630,2010-09-14,최종부도 발생
00291152,디비엘,"DBL Co., Ltd.",041500,20240628,2006-04-25,2사업연도 연속 매출액 30억원 미달(상장폐지사유일 : 2006년 04월 10일)
00138376,쎄라텍,CERATECH CORPORATION,041550,20240628,2010-08-25,"기업의 계속성, 경영의 투명성 또는 기타 코스닥시장의 건전성 등을 종합적으로 고려하여 상장폐지 기준에 해당한다고 결정"
00352295,인젠,"INZEN CO.,LTD",041630,20170630,2010-05-08,감사범위제한으로 인한 의견거절
00287724,코디콤,"KODICOM CO., LTD.",041800,20170630,2010-03-09,"기업의 계속성, 경영의 투명성 또는 기타 코스닥시장의 건전성 등을 종합적으로 고려하여 상장폐지가 필요하다고 인정"
00294371,한텔,Hantel Co. Ltd,041940,20170630,2008-04-23,2연속 자본잠식률 50% 이상
00297165,현대오토넷,"HYUNDAI AUTONET CO.,LTD.",042100,20170630,2009-07-16,해산 사유 발생
00264848,대국,Daekuk Corporation,042340,20170630,2012-04-13,최근3사업연도중2사업연도자기자본 50%초과법인세비용차감전손실발생
00288653,퓨쳐비젼,"FUTURE VISION CO.,LTD",042570,20170630,2008-04-12,자본전액잠식
00344287,에이치디현대인프라코어,"HD Hyundai Infracore Co., Ltd.",042670,20260126,2026-01-26,해산 사유 발생
00264741,어울림네트웍스,"OULLIM NETWORKS, INC.",042820,20170630,2012-11-17,기업의 계속성 및 경영의 투명성 등을 종합적으로 고려하여 상장폐지 기준에 해당한다고 결정
00268297,에코페트로시스템,"ECOPETRO SYSTEM Co., Ltd.",042870,20170630,2011-10-06,감사의견거절(감사범위 제한 및 계속기업으로서의 존속능력에 대한 불확실성)
00318839,미래에셋새천년코리아벤처펀드일호,MIRAEASSETNEWMILLENNIUMKOREAVENTURE FUND1,042950,20170630,2005-06-04,존립기간의 만료
00267021,창민테크,"CHANG MIN TECH CO., LTD",042960,20170630,2005-04-13,감사의견거절(상장폐지사유 발생일 : 2005년 03월 28일)
00351454,더테크놀로지,"The Technology Co., Ltd.",043090,20260814,2026-08-10,기업의 계속성 및 경영의 투명성 등을 종합적으로 고려하여 상장폐지기준에 해당한다고 결정
00297961,케이맥,Korea Materials & Analysis Corp.,043290,20240129,2021-07-20,피흡수합병
00222806,에임하이글로벌,Aimhigh Global Corp.,043580,20200228,2018-08-10,감사의견거절(감사범위 제한)
00267474,지앤알,G&R Inc.,043630,20170630,2011-04-29,감사의견거절(감사범위 제한 및 계속기업으로서의 존속능력에 대한 불확실성)
00264796,스톰이앤에프,"Stom EnF Co.,Ltd.",043680,20170630,2011-04-13,자본전액잠식 등
00271352,테크메이트,Techmate Corporation,043690,20170630,2004-10-16,최종부도(취소사유발생일: 2004년 10월 1일)
00264130,옥션,"EBAY AUCTION CO., LTD",043790,20170630,2004-12-06,자진등록취소
00270432,티브로드한빛방송,"TBROAD HANVIT BROADCASTING CO., LTD.",043890,20170630,2012-11-01,상장폐지 신청('12.09.26)
00291860,조광아이엘아이,"JOKWANG I.L.I CO., LTD",044060,20260527,2025-08-21,기업의 계속성 및 경영의 투명성 등을 종합적으로 고려하여 상장폐지기준에 해당한다고 결정
00301015,한서제약,"HANSEOPHARM.CO.,LTD.",044070,20240628,2009-08-25,피흡수합병
00268482,조이토토,"Joytoto Co., Ltd",044370,20170630,2008-05-03,감사의견거절(감사범위제한)
00267669,솔빛미디어,"Solvit Media, Inc",044440,20170630,2005-04-26,감사의견거절(상장폐지사유 발생일 : 2005년 04월 11일)
00240370,동부씨엔아이,"Dongbu CNI Co.,Ltd.",044640,20170630,2010-11-22,피흡수합병
00264103,에이엠에스,Aju Media Solutions,044770,20240628,2009-10-07,"자본전액잠식, 2반기 연속 자본잠식률 50%이상, 2반기 연속 자기자본 10억원 미만"
00272412,글라소울,"Glassoul Co.,Ltd",045050,20170630,2012-11-27,"기업의 계속성, 경영의 투명성 또는 기타 코스닥시장의 건전성 등을 종합적으로 고려하여 상장폐지가 필요하다고 인정"
00264981,디에이치패션,D.H FASHION CORP.,045260,20170630,2012-08-01,"기업의 계속성, 경영의 투명성 또는 기타 코스닥시장의 건전성 등을 종합적으로 고려하여 상장폐지가 필요하다고 인정"
00263885,포네이처,"For Nature Co., LTD.",045290,20170630,2010-04-23,사업보고서 법정제출기한 익일부터 10일이내 미제출
00303837,이레전자산업,"E-RAE Electronics Industry Co., Ltd.",045310,20170630,2007-05-08,자본전액잠식
00295875,더존디지털웨어,"Duzon Digital Ware Co.,Ltd.",045380,20170630,2009-12-09,피흡수합병
00348140,이롬텍,"EROM Tech Co.,Ltd",045400,20170630,2010-02-11,"정기보고서 미제출로 관리종목 지정후 법정제출기한내 사업보고서 미제출, 2회 연속 정기주주총회 미개최 또는 재무제표 미승인, 자본전액잠식"
00264811,에이프로테크놀로지,"APRO TECHNOLOGY CO.,LTD.",045470,20170630,2012-04-24,사업보고서 법정제출기한 익일부터 10일 이내 미제출 등
00369675,온미디어,ON*Media Corporation,045710,20170630,2011-03-22,해산 사유 발생
00347619,한국통신데이타,Korea Telecom Data Inc.,045760,20170630,2008-06-13,감사의견거절(감사범위제한)
00318617,LG파워콤,LG Powercom Corporation,045820,20170630,2010-01-15,해산 사유 발생
00344746,유티엑스,"UTX CO.,LTD.",045880,20170630,2010-04-10,기업의 계속성 및 경영의 투명성 등을 종합적으로 고려하여 상장폐지가 필요하다고 인정
00455112,금빛,GeumVit Corp,045890,20211220,2021-12-20,해산사유 발생(파산선고)
00248406,화림모드,"HWARIMMODE CO.,LTD",045920,20170630,2003-10-17,최종부도 및 은행거래정지 (취소사유발생일: '03.10.1)
00318477,모디아,"MODIA CO., LTD.",046000,20170630,2004-08-11,감사의견부적정(취소사유발생일 : 2004년 3월 27일)
00295857,코다코,"KODACO CO., LTD",046070,20260921,2026-09-21,감사의견 거절(감사범위 제한 및 계속기업 존속능력 불확실성)
00277736,한일네트웍스,"HANIL NETWORKS CO., LTD.",046110,20250324,2022-10-05,상장폐지 신청('22.08.31)
00280688,스튜디오에스,"Studio S Co., Ltd.",046140,20251212,2023-12-18,타법인의 완전자회사로 편입
00268358,에스브이에이치,"SVH co., Ltd.",046240,20170630,2011-02-12,기업의 계속성 및 경영의 투명성 등을 종합적으로 고려하여 상장폐지 기준에 해당한다고 결정
00252588,엠트론스토리지테크놀로지,"MTRON STORAGE TECHNOLOGY CO.,LTD.",046320,20170630,2009-08-28,2회연속 자본잠식률 50%이상 및 자기자본 10억원 미만
00250775,에듀아크,"EDU ARK Co., Ltd.",046350,20170630,2010-04-13,최근 3사업연도 연속 자기자본 대비 50% 초과 법인세 비용차감전계속사업손실 발생
00263140,휴스토리,"Hustory Co., Ltd.",046400,20260318,2014-09-02,감사의견거절(감사범위제한)
00207436,알에스넷,"R&S Networks Co., Ltd.",046430,20170630,2012-12-05,"기업의 계속성, 경영의 투명성 또는 기타 코스닥시장의 건전성 등을 종합적으로 고려하여 상장폐지가 필요하다고 인정"
00334767,엔하이테크,"N-HITECH CO., LTD",046720,20170630,2012-02-01,기업의 계속성 및 경영의 투명성 등을 종합적으로 고려하여 상장폐지 기준에 해당한다고 결정
00252658,코리언일랙트로닉스파워소스,"Korean Electronics Power Sources Co.,Ltd",046810,20240628,2005-04-30,경상손실 및 시가총액 50억원 미달 2회 연속(상장폐지사유 발생일 : 2005년 4월 15일)
00343127,자유투어,"Freedom Travel Co., Ltd.",046840,20221219,2013-05-01,감사의견거절(감사범위 제한)
00334244,덴소코리아,DENSOKOREAAUTOMOTIVECORPORATION,047060,20181113,2004-08-14,거래실적부진(취소사유발생일 : 2004년 7월 30일)
00325981,에프아이투어,FIT Inc.,047370,20170630,2009-04-11,자본전액잠식
00330017,레이더스컴퍼니,"Raiders Company Co., Ltd.",047420,20170630,2006-07-13,감사의견 범위제한 의견거절
00324104,디케이씨,"DKC Co., Ltd.",047440,20200228,2018-10-11,감사의견거절(감사범위 제한 및 계속기업 존속능력에 대한 불확실성)
00215107,이앤텍,"E & TECH CO.,LTD",047450,20170630,2010-11-30,"기업의 계속성, 경영의 투명성 또는 기타 코스닥시장의 건전성 등을 종합적으로 고려하여 상장폐지 기준에 해당한다고 결정"
00258944,세계투어,"SEGYE TOUR CO., LTD",047600,20170630,2011-09-09,자본잠식률 50% 이상으로 관리종목 지정 후 반기보고서 법정제출기한 익일부터 10일이내 반기검토(감사)보고서 미제출
00257361,월드텔레콤,"WORLD TELECOM CO.,LTD",047610,20170630,2004-04-08,감사의견거절(취소사유발생일 : 2004년 3월 23일)
00348557,액티투오,"Acti2O Co., Ltd.",047710,20170630,2010-07-21,"기업의 계속성, 경영의 투명성 또는 기타 코스닥시장의 건전성 등을 종합적으로 고려하여 상장폐지 기준에 해당한다고 결정"
00304401,텔라움,"TELAUM CO., LTD.",047730,20240909,2012-11-17,기업의 계속성 및 경영의 투명성 등을 종합적으로 고려하여 상장폐지 기준에 해당한다고 결정
00329084,비엔디,"BND Co., Ltd.",047940,20240628,2010-01-29,당해 코스닥시장상장법인의 계속성 및 경영의 투명성 등을 종합적으로 고려한 결과 상장폐지기준에 해당한다고 결정
00345499,에스피코프,SP CORP.,048130,20170630,2010-04-20,최종부도 발생
00320807,태광이엔시,"TAE GWANG E AND C CO., LTD",048140,20170630,2010-11-25,"기업의 계속성, 경영의 투명성 또는 기타 코스닥시장의 건전성 등을 종합적으로 고려하여 상장폐지 기준에 해당한다고 결정"
00384452,모닷텔,"MODOTTEL Co.,Ltd.",048150,20170630,2004-04-29,최종부도(취소사유발생일 : 2004년 4월 13일)
00341916,오스템임플란트,"OSSTEMIMPLANT.CO.,Ltd",048260,20240814,2023-08-14,상장폐지 신청('23.06.28)
00328854,포넷,"FONET Co., Ltd.",048270,20170630,2009-05-04,자본전액잠식
00275260,엑큐리스,"ACCURIS CO., LTD",048460,20170630,2012-11-16,피흡수합병
00331760,테스텍,Testech Incorporation,048510,20170630,2010-11-10,최근 사업연도말 기준으로 자본잠식률 100분의 50 이상 및 자기자본 10억원 미만의 사유로 관리종목으로 지정된 후 최근 반기말 외부감사인의 감사보고서상 계속기업 존속능력에 대한 불확실성으로 인한 의견거절 발생
00309983,하이콤정보통신,Hycom Data Communications Inc.,048540,20170630,2004-08-18,액면가액일정비율미만(취소사유발생일 : 2004년 8월 3일)
00236368,엠엔에프씨,"M&FC CO.,LTD.",048640,20170630,2011-04-13,자본전액잠식 등
00275808,브이케이,VK CORPORATION,048760,20170630,2006-07-22,최종부도
00252393,예당컴퍼니,"YEDANG COMPANY CO., LTD.",049000,20170630,2013-09-10,기업의 계속성 및 경영의 투명성 등을 종합적으로 고려하여 상장폐지기준에 해당
00352000,하우리,HAURI Inc.,049130,20240220,2005-04-20,감사의견거절(상장폐지사유 발생일 : 2005년 03월 21일)
00330406,씨제이엔터테인먼트,CJ Entertainment INC.,049370,20170630,2006-04-20,피흡수합병
00331733,포휴먼,"FORHUMAN CO., LTD",049690,20170630,2011-04-23,사업보고서 법정제출기한 익일부터 10일이내 미제출
00340917,동원F&B,"DONGWON F & B CO.,LTD",049770,20250731,2025-07-31,지주회사(최대주주등)의 완전자회사화 등
00262123,유아이에너지,UI Energy Corporation,050050,20170630,2012-09-26,자본전액잠식
00245898,에스에이치엔엘,SH&L Inc.,050320,20250220,2022-05-31,감사의견 거절
00334493,씨티앤티,"CT&T Co.,Ltd.",050470,20240628,2012-05-01,감사 의견거절(감사범위 제한)
00302078,엠피씨플러스,MPC plus Inc.,050540,20260330,2023-05-08,감사의견 거절(감사범위 제한)
00296069,세라온홀딩스,"SERAONHOLDINGS CO.,LTD",050600,20170630,2008-09-09,2회연속 자본잠식률 50%이상
00439053,이룸지엔지,"EROOM G&G CO.,LTD.",050640,20170630,2011-08-20,"기업의 계속성, 경영의 투명성 또는 기타 코스닥시장의 건전성 등을 종합적으로 고려하여 상장폐지가 필요하다고 인정"
00202778,썬코어,"Suncore, Inc.",051170,20180820,2018-03-15,'16사업연도 감사의견거절(계속기업 존속능력에 대한 불확실성) 및 '17사업연도 반기 감사의견거절(계속기업 존속능력에 대한 불확실성)
00181934,플랜텍,"PLANTEC Co.,Ltd",051310,20260305,2016-04-15,자본전액잠식
00300779,굿이엠지,GOOD EMG.INC,051530,20170630,2009-11-03,주된 영업의 정지에 의한 상장폐지기준 해당
00314888,디에스,"DS CO., LTD",051710,20170630,2013-05-01,감사의견거절(감사범위 제한 및 계속기업으로서의 존속능력에 대한 불확실성)
00347442,모보,"MOBO CO.,LTD",051810,20230216,2010-04-13,최근 3사업연도 연속 자기자본 50%초과 법인세비용차감전 계속사업손실 등
00247887,아이피에스,IPSLtd.,051820,20170630,2011-01-14,피흡수합병
00347877,세영디앤씨,"SEYOUNG D&C Co., Ltd.",052190,20220527,2022-05-27,감사의견 거절(감사범위 제한 및 계속기업 존속능력에 대한 불확실성)
00262275,엠씨티티코어,MCTT CORE Inc.,052210,20170630,2010-12-04,"기업의 계속성, 경영의 투명성 또는 기타 코스닥시장의 건전성 등을 종합적으로 고려하여 상장폐지 기준에 해당한다고 결정"
00291231,우전,"WOOJEON CO., LTD.",052270,20250312,2017-04-13,자본전액잠식 등
00348177,트레이스,"TRAIS Co., Ltd.",052290,20181011,2018-10-11,감사의견거절(감사범위 제한)
00347363,에이치원바이오,H1BIO Corp.,052310,20170630,2009-04-23,3회 연속 자기자본 50%초과 법인세비용차감전계속사업손실
00345657,코아에스앤아이,"Core S&I Co., Ltd",052350,20170630,2012-04-17,감사의견거절(감사범위 제한)
00346966,에코솔루션,"ECO Solutions Co., Ltd.",052510,20230109,2011-06-16,감사의견거절(감사범위 제한 및 계속기업으로서의 존속능력에 대한 불확실성)
00339063,삼성수산,"Samsung Fisheries co., Ltd.",052560,20170630,2009-07-01,"기업의 계속성, 경영의 투명성 또는 기타 코스닥시장의 건전성 등을 종합적으로 고려하여 상장폐지가 필요하다고 인정"
00347840,제네시스엔알디,"GENESISNRD CO.,LTD",052640,20170630,2009-10-07,"기업의 계속성, 경영의 투명성 또는 기타 코스닥시장의 건전성 등을 종합적으로 고려하여 상장폐지가 필요하다고 인정"
00329677,이디디컴퍼니,"EDD COMPANY CO., LTD",052650,20170630,2013-04-12,반기 재무제표에 대한 검토의견거절로 관리종목 지정후 자본잠식률 50% 이상
00185505,제일바이오,"CHEIL BIO CO., LTD.",052670,20260223,2026-02-23,기업의 계속성 및 경영의 투명성 등을 종합적으로 고려하여 상장폐지기준에 해당한다고 결정
00355292,아시아미디어홀딩스,"Asia Media Holdings Co.,Ltd.",052810,20170630,2011-11-22,"기업의 계속성, 경영의 투명성 또는 기타 코스닥시장의 건전성 등을 종합적으로 고려하여 상장폐지 기준에 해당한다고 결정"
00350251,모아에스앤에스,"MOASNS Co., Ltd.",052880,20170630,2011-09-23,상장폐지사유 발생
00362089,올리브나인,"Olive Nine Co.,Ltd.",052970,20170630,2010-10-20,"기업의 계속성, 경영의 투명성 또는 기타 코스닥시장의 건전성 등을 종합적으로 고려하여 상장폐지 기준에 해당한다고 결정"
00375302,우리금융지주,"WooriFinance Holdings Co.,Ltd.",053000,20170630,2014-11-19,해산 사유 발생
00349468,블루젬디앤씨,"BLUEGEM D&C CO., LTD.",053040,20170630,2012-05-17,감사의견거절(감사범위 제한 및 계속기업존속 불확실성)
00262044,트리니티,"Trinity CO., LTD.",053070,20170630,2009-06-03,"기업의 계속성, 경영의 투명성 또는 기타 코스닥시장의 건전성 등을 종합적으로 고려하여 상장폐지가 필요하다고 인정"
00352718,소리바다,SORIBADA INC.,053110,20221129,2022-09-07,감사의견 거절(감사범위 제한)
00353683,코스모스피엘씨,"Cosmos PLC Co., Ltd.",053170,20170630,2009-04-30,자본전액잠식
00348788,디이시스,DEESYS CO. LTD.,053200,20240826,2004-04-03,감사의견거절(취소사유발생일 : 2004년 3월 22일)
00348052,엔에스아이,"NSI, Inc",053250,20170630,2005-04-02,감사의견거절(상장폐지사유 발생일 : 2005년 03월 19일)
00350738,제네시스디벨롭먼트홀딩스,"Tera Resource Co., Ltd.",053320,20220222,2014-02-07,기업의 계속성 및 경영의 투명성 등을 종합적으로 고려하여 상장폐지기준에 해당
00356158,영진코퍼레이션,"YOUNGJIN Corporation Co., Ltd.",053330,20240628,2015-04-23,자본전액잠식
00208301,성우몰드,"SUNGWOO MOLD CO.,LTD",053440,20240628,2010-04-21,상장폐지신청('10.3.29)
00311298,오페스,"Opes CO.,LTD.",053470,20170630,2010-05-08,감사범위제한으로 인한 감사의견 거절
00355548,한국테크놀로지,HANKOOK Technology Inc.,053590,20241007,2024-10-07,해산사유 발생(파산선고)
00188715,현진소재,"HYUNJIN MATERIALS CO., LTD.",053660,20221213,2022-04-26,감사의견 거절(감사범위 제한 및 계속기업 존속능력에 대한 불확실성)
00218052,국제엘렉트릭코리아,"Kook Je Electric Korea Co., Ltd",053740,20220526,2015-02-10,상장폐지 신청('15.01.15)
00351047,아이팩토리,"i-factory Co.,Ltd",053810,20170630,2016-09-19,감사의견 거절(감사범위 제한 및 기업회계기준 위배)
00351269,지티앤티,"GT&T CO., LTD.",053870,20170630,2015-10-15,'14사업연도 자본잠식률 50%이상 사유로 관리종목 지정 후 '15사업연도 반기 감사의견 거절
00308948,미디어코프,"MEDIAcorp, INC.",053890,20170630,2009-04-11,자본전액잠식
00299376,선팩테크,"SUNPACKTECH CO., LTD.",054010,20170630,2011-10-06,감사의견거절(감사범위 제한 및 계속기업으로서의 존속능력에 대한 불확실성)
00349787,지케이파워,"GKPOWER CO., LTD",054020,20240628,2010-04-03,최종부도
00236021,우주통신,"WOO JU COMMUNICATION CO., LTD.",054080,20170630,2005-03-30,감사의견거절(상장폐지사유 발생일 : 2005년 03월 15일
00359094,더체인지,The ChainG Corp,054120,20170630,2011-12-15,피흡수합병
00350118,뉴젠아이씨티,"NEWGEN ICT CO., LTD",054150,20170630,2011-04-29,감사의견거절(감사범위제한)
00300566,엔빅스,"ENBIGS Co., Ltd.",054170,20170630,2011-04-29,감사의견거절(감사범위 제한)
00220446,예일바이오텍,YEIL BIOTECH Corp.,054250,20240628,2007-04-11,"감사의견거절, 자본전액잠식, 2년 연속 자본잠식률 50% 이상"
00302120,피앤텔,PEOPLE & TELECOMMUNICATION INC.,054340,20230222,2020-05-21,감사의견 거절(감사범위 제한 및 계속기업 존속능력에 대한 불확실성)
00358730,업필,"Up Feel CO.,LTD.",054370,20170630,2005-04-12,감사의견거절(상장폐지사유 발생일 : 2005년 03월 26일)
00356644,엠텍반도체,"Mtek Semicon CO.,LTD",054440,20170630,2007-04-13,자본전액잠식
00267720,신한SIT,"SHIN HAN SIT CO.,LTD",054530,20170630,2004-04-03,감사의견거절(취소사유발생일 : 2004년 3월 20일)
00356927,에이디칩스,Advanced Digital Chips Inc.,054630,20251230,2025-12-30,감사의견 거절(계속기업 존속능력 불확실성)
00362380,뉴젠비아이티,NewGen BIT CORPORATION.,054650,20170630,2009-09-04,반기보고서 법정제출기한 익일부터 10일이내 반기검토(감사)보고서 미제출
00234449,제이엠피,JMP Ltd.,054790,20240628,2007-04-24,감사의견거절
00358545,동서정보기술,"Dong Seo Information Technology Co., Ltd.",055000,20170630,2004-04-03,감사의견거절(취소사유발생일 : 2004년 3월 19일)
00353735,다휘,"DAHUI Co., Ltd.",055250,20170630,2010-10-01,"기업의 계속성, 경영의 투명성 또는 기타 코스닥시장의 건전성 등을 종합적으로 고려하여 상장폐지 기준에 해당한다고 결정"
00367598,케이티씨텔레콤,"KTC Telecom CO., Ltd.",055810,20170630,2005-08-13,최종부도(상장폐지사유 발생일 : 2005년 07월 29일)
00364227,에너윈,"ENERWIN Co.,Ltd.",055970,20170630,2008-05-03,감사의견거절(감사범위제한)
00361266,코원플레이,"COWON PLAY Co., Ltd.",056000,20230330,2023-03-30,감사의견 거절(감사범위 제한 및 계속기업가정 불확실성)
00386557,아이스테이션,i-station Corporation,056010,20170630,2012-04-13,자본전액잠식 등
00364670,쿨투,CUL 2 Inc.,056020,20170630,2009-04-29,감사의견거절(감사범위제한)
00305695,세니콘,"CENICONE CO., LTD",056060,20170630,2006-04-08,감사범위제한으로 인한 의견거절(상장폐지사유 발생일 : 2006년 03월 27일)
00359614,리더컴,"LEADER COMM.Co.,Ltd",056140,20170630,2004-03-30,감사의견거절(취소사유발생일 : 2004년 3월 15일)
00335562,엠넷미디어,Mnet Media Corp.,056200,20170630,2011-03-22,씨제이이앤엠(주)에 피흡수합병
00361114,씨유전자,"CU ELECTRONICS CO., LTD.",056340,20170630,2014-05-21,최종부도 발생
00350224,슈마일렉트론,"SUMA Electron Co., Ltd.",056500,20170630,2005-04-05,감사의견거절(상장폐지사유 발생일 : 2005년 03월 22일)
00361035,미리넷,"Millinet Co., Ltd.",056710,20170630,2012-04-13,자본전액잠식
00351153,위다스,"Withus Co., Ltd.",056810,20170630,2013-09-10,의견거절(감사범위 제한)
00358095,코어비트,COREBIT,056850,20170630,2010-03-09,"기업의 계속성, 경영의 투명성 또는 기타 코스닥시장의 건전성 등을 종합적으로 고려하여 상장폐지가 필요하다고 인정"
00412597,현대홈쇼핑,HYUNDAI HOME SHOPPING NETWORK CORPORATION,057050,20260720,2026-07-20,지주회사(최대주주등)의 완전자회사화 등
00350057,하이스마텍,"HiSmarTech Co., Ltd.",057100,20170630,2010-05-08,감사의견거절(감사범위제한)
00366164,아이티센네트웍스,"ITCEN NETWORKS CO., LTD.",057110,20170630,2005-10-22,"최근사업연도말 현재 자본잠식률 100분의50이상의 사유로 관리종목지정된 후, 최근 반기말기준으로 감사의견거절 및 반기말 자본잠식률이 100분의 50 이상"
00301626,플래닛팔이,Planet82 Inc.,057330,20240628,2008-04-23,최근 3사업연도 연속 자기자본 대비 50% 초과 법인세 비용차감전계속사업손실 발생
00307189,에스케이엔펄스,"SK enpulse Co., Ltd",057500,20250627,2020-12-23,타법인의 완전자회사로 편입
00410739,푸른소나무,"Green pine tree Co., Ltd",057880,20260122,2026-01-22,감사의견 거절(감사범위 제한 및 계속기업 존속능력 불확실성)
00441128,아리온테크놀로지,ARIONTECHNOLOGYINC.,058220,20240503,2024-05-03,감사의견 거절(감사범위 제한 및 계속기업 존속능력에 대한 불확실성)
00372989,비엔씨컴퍼니,"BNC COMPANY CO.,LTD.",058370,20170630,2017-05-08,감사범위제한으로 인한 한정의견
00359474,제이웨이,"J way Co.,Ltd.",058420,20230414,2023-04-14,감사의견 거절(감사범위 제한 및 계속기업가정 불확실성)
00252001,해원에스티,"HAE WON STEELTECH.CO.,LTD",058480,20230209,2010-05-08,감사범위제한으로 인한 감사의견거절
00353018,헬스커넥트,"Health Connect Co., Ltd.",058530,20260413,2024-06-25,기업의 계속성 및 경영의 투명성 등을 종합적으로 고려하여 상장폐지기준에 해당한다고 결정
00370547,네오리소스,"NEO RESOURCE CO.,LTD",058550,20170630,2009-09-15,자본잠식률 50%이상 및 자기자본 10억원 미만으로 관리종목 지정 후 반기의 재무제표에 대한 감사의견 거절
00246657,오브제,"OBZEE CO., LTD",058680,20170630,2008-04-10,피흡수합병
00225210,퓨쳐인포넷,"Future Infonet, Inc.",058690,20170630,2010-08-26,기업의 계속성 및 경영의 투명성 등을 종합적으로 고려하여 상장폐지가 필요하다고 인정
00392600,투미비티,"TumiBT Co.,Ltd",058900,20170630,2010-10-12,"기업의 계속성, 경영의 투명성 또는 기타 코스닥시장의 건전성 등을 종합적으로 고려하여 상장폐지 기준에 해당한다고 결정"
00348007,야호커뮤니케이션,"YAHOH Communication Co., Ltd.",059720,20170630,2009-05-27,감사의견거절(감사범위제한)
00386937,국민은행,KOOKMIN BANK,060000,20250102,2008-10-10,지주회사의 완전자회사화(지주회사 신규상장)
00373571,스타코링크,"STACO LINK Co.,Ltd.",060240,20260724,2026-07-24,기업의 계속성 및 경영의 투명성 등을 종합적으로 고려하여 상장폐지기준에 해당한다고 결정
00364795,레드로버,"REDROVER CO.,LTD",060300,20240522,2022-11-04,기업의 계속성 및 경영의 투명성 등을 종합적을 고려하여 상장폐지기준에 해당한다고 결정
00377814,베스트플로우,BestFlow Inc.,060410,20170630,2008-08-25,2연속 자본잠식률 50%이상 및 자기자본 10억원 미만
00360540,우수씨엔에스,"WOOSU CNS CO., LTD.",060550,20170630,2009-04-11,자본전액잠식
00363033,한도하이테크,"HANDO HI-TECH CO., LTD.",060660,20170630,2008-05-03,감사의견거절(감사범위제한)
00299686,유퍼트,"UPERT, INC.",060670,20170630,2010-04-13,자본전액잠식
00316488,제이콤,"Jcommunications Co., Ltd.",060750,20170630,2011-04-16,최종부도 발생
00353230,프리젠,PREGEN INC.,060910,20240422,2017-02-24,최근 5사업연도 연속 영업손실 발생
00335924,지앤디윈텍,"GND WINTECH CO.,LTD.",061050,20170630,2012-01-20,기업의 계속성 및 경영의 투명성 등을 종합적으로 고려하여 상장폐지 기준에 해당한다고 결정
00298252,엘앤피아너스,"LNP HONORS, INC.",061140,20170630,2011-12-28,"기업의 계속성, 경영의 투명성 또는 기타 코스닥시장의 건전성 등을 종합적으로 고려하여 상장폐지가 필요하다고 결정"
00163619,한진피앤씨,"Hanjin P&C CO., LTD",061460,20170929,2017-09-29,피흡수합병
00408336,인산가,INSAN Inc.,062580,20240628,2018-09-11,피흡수합병
00372013,케너텍,"KENERTEC CO., LTD.",062730,20170630,2009-12-23,회생절차폐지결정사유 및 당해 코스닥시장상장법인의 계속기업 가능성 유무를 고려한 결과 상장폐지기준에 해당한다고 결정
00261887,티엘아이,TLIInc.,062860,20260409,2024-11-14,기업의 계속성 및 경영의 투명성 등을 종합적으로 고려하여 상장폐지기준에 해당한다고 결정
00336570,사이버패스,CyberpassIncorporation,063280,20170630,2009-07-08,"기업의 계속성, 경영의 투명성 또는 기타 코스닥시장의 건전성 등을 종합적으로 고려하여 상장폐지가 필요하다고 인정"
00375579,팬택앤큐리텔,"Pantech&Curitel Communications, Inc.",063350,20170630,2007-04-25,자본전액잠식
00390028,코오롱인터내셔널,KOLON INTERNATIONAL CORP.,063510,20170630,2006-07-21,해산 사유 발생
00359030,닉스테크,"NICSTECH CO., LTD",063840,20170630,2016-04-12,피흡수합병
00367376,사이노젠,Cynogen,064060,20240628,2010-04-13,자본전액잠식
00399773,케이피케미칼,KP CHEMICAL CORP,064420,20170630,2013-01-15,해산 사유 발생
00127699,유네코,"UNECO CO.,LTD.",064510,20241010,2023-01-17,감사의견 거절(감사범위 제한 및 계속기업 존속능력 불확실성)
00368791,모델라인,"ModelLine Co.,  Ltd.",064720,20170630,2008-04-12,"자본전액잠식,최근3사업연도 연속 자기자본 대비 50%초과 법인세차감전계속사업손실"
00386876,교보메리츠퍼스트기업구조조정부동산투자회사,KYOBO-MERITZ FIRST CR-REIT,064900,20170630,2006-12-28,존속기간 만료
00389387,라임,"LIME Co.,Ltd.",065160,20211129,2019-05-03,감사의견 거절(감사범위 제한)
00389679,해피드림,"HappyDream Co., Ltd.",065180,20200228,2015-05-04,감사범위제한으로 인한 한정의견
00364926,플렉스컴,FLEXCOM INC.,065270,20170630,2016-04-12,자본전액잠식
00307037,더스텔라,"De Stellar Co.,LTD",065310,20260330,2012-05-31,기업의 계속성 및 경영의 투명성 등을 종합적으로 고려하여 상장폐지 기준에 해당한다고 결정
00388272,쓰리디월드,"3D world Co., Ltd.",065340,20170630,2010-04-15,감사의견거절(감사범위제한)
00210537,지엔텍홀딩스,"GENTECH HOLDINGS Co., Ltd.",065410,20170630,2010-05-05,감사의견거절(감사범위제한 및 계속기업 존속 불확실)
00393469,메티스,"Metis Co., Ltd.",065560,20260720,2024-07-29,기업의 계속성 및 경영의 투명성 등을 종합적으로 고려하여 상장폐지기준에 해당한다고 결정
00245296,폴리플러스,"Polyplus Co., Ltd",065610,20170630,2012-05-01,감사의견거절(감사범위제한)
00201788,제낙스,JENAX Inc.,065620,20221226,2021-08-09,감사의견 거절(감사범위 제한 및 계속기업 존속능력에 대한 불확실성)
00257051,유씨아이콜스,UC IndustryCommunityOnLineServices Inc.,065810,20170630,2008-04-17,"자본전액잠식, 2회연속 자본잠식률 50%이상, 2회연속 자기자본 10억원 미만"
00306986,피더블유제네틱스,"PWGenetics Co., Ltd.",065910,20170630,2009-04-18,감사의견거절(감사범위제한)
00155382,바이오빌,"BIOVILL Co.,Ltd.",065940,20221202,2020-07-31,감사의견 거절(감사범위 제한 및 계속기업 존속능력에 대한 불확실성)
00371519,휴먼텍코리아,HUMAN & TECHNOLOGIES CORPORATION,066060,20170630,2013-04-12,자본전액잠식
00226228,한프,HANP INC,066110,20220815,2022-04-06,감사의견 거절(감사범위 제한)
00361202,이노블루,"InnoBlue Co.,Ltd.",066200,20170630,2009-04-11,"2년연속 매출액 30억원 미달, 자본전액잠식"
00361725,네이트커뮤니케이션즈,NATE Communications Corporation,066270,20250508,2017-02-27,상장폐지신청('17.02.07)
00224567,샤인시스템,"SHINE SYSTEM CO., LTD.",066300,20170630,2010-06-29,"기업의 계속성, 경영의 투명성 또는 기타 코스닥시장의 건전성 등을 종합적으로 고려하여 상장폐지 기준에 해당한다고 결정"
00405074,세이프아시아,"Safe Asia Co., Ltd.",066330,20170630,2008-04-12,2연속 자본잠식률 50%이상 및 자기자본 10억원 미만
00385451,케이에스리소스,KS Resources Corporation,066340,20170630,2011-09-09,자본잠식률 50% 이상으로 관리종목 지정 후 반기보고서 법정제출기한 익일부터 10일 이내 반기 검토(감사)보고서 미제출
00397243,티엔아이,TNI Co Ltd,066350,20240711,2015-05-20,발행한 어음 또는 수표가 주거래은행에 의하여 최종부도로 결정되거나 거래은행에 의한 거래정지
00371139,휘튼,"FITTON Co., Ltd",066480,20170630,2006-04-25,감사의견거절(상장폐지사유발생일 : 2006년 4월 10일)
00251385,보광티에스,"Bokwang TS Co.,LTD.",066690,20170630,2012-05-01,감사의견 거절(감사범위 제한 및 계속기업존속불확실성)
00397766,아이드림,IDREAM CORP.,066850,20170630,2009-10-07,자본잠식률 50%이상으로 관리종목 지정 후 반기 재무제표에 대한 감사의견 거절
00317089,한국애보트진단,Abbott Diagnostics Korea Inc.,066930,20240628,2010-06-29,상장폐지신청('10.06.01)
00419989,클루넷,"CLUNET CO.,LTD",067130,20170630,2012-06-08,"기업의 계속성, 경영의 투명성 또는 기타 코스닥시장의 건전성 등을 종합적으로 고려하여 상장폐지 기준에 해당한다고 결정"
00109453,케이조선,"K Shipbuilding Co., Ltd.",067250,20250328,2014-04-15,자본전액잠식
00417963,바이나믹,"BYNAMIC CO., LTD.",067850,20170630,2010-05-19,당해 코스닥시장상장법인의 계속성 및 경영의 투명성 등을 종합적으로 고려한 결과 상장폐지기준에 해당한다고 결정
00398534,코크렙제1호기업구조조정부동산투자회사,KOCREF CR-REIT1,067910,20170630,2007-05-10,해산 사유 발생
00394574,티이씨,"TEC Co.,Ltd",067950,20170630,2010-02-20,당해 코스닥시장상장법인의 계속성 및 경영의 투명성 등을 종합적으로 고려한 결과 상장폐지기준에 해당한다고 결정
00175650,케이씨더블류,Kyung Chang Wiper Corporation,068060,20260319,2015-09-18,"기업의 계속성, 경영의 투명성 또는 그 밖에 코스닥시장의 건전성 등을 종합적으로 고려하여 상장폐지 기준에 해당한다고 결정"
00394778,케이엔씨글로벌,"K&C Global Co., Ltd",068150,20170630,2017-03-07,기업의 계속성 및 경영의 투명성 등을 종합적으로 고려하여 상장폐지기준에 해당한다고 결정
00201450,에스케이렌터카,"SK RENT A CAR CO.,LTD",068400,20260316,2024-01-31,지주회사(최대주주등)의 완전자회사화 등
00407975,엔터미디어,"ENTERMEDIA CO., LTD",068420,20260327,2013-04-06,"기업의 계속성, 경영의 투명성 또는 기타 코스닥시장의 건전성 등을 종합적으로 고려하여 상장폐지가 필요하다고 인정"
00301486,에피밸리,"EpiValley Co.,Ltd.",068630,20170630,2012-04-24,사업보고서 법정제출기한 익일부터 10일 이내 미제출
00238913,선우중공업,"SUNWOO HEAVY INDUSTRIES CO.,LTD",068770,20170630,2010-06-17,"기업의 계속성, 경영의 투명성 또는 기타 코스닥시장의 건전성 등을 종합적으로 고려하여 상장폐지 기준에 해당한다고 결정"
00423609,LG생명과학,"LG LIFE SCIENCES,  LTD.",068870,20240628,2017-01-17,해산 사유 발생
00402989,유한코스메틱,"Yuhan Cosmetics Co., Ltd.",069110,20251105,2023-10-20,감사의견 거절(감사범위 제한)
00428792,제로원인터랙티브,"ZeroOne Interactive Co.,Ltd",069470,20170630,2010-05-03,감사의견 의견거절
00430089,삼보오토,"SAMBOAUTO. Co., Ltd",070080,20260323,2010-11-06,최종부도
00446479,신비앤텍,"Seen BnTek Co.,Ltd.",070480,20250225,2014-07-17,감사의견 거절(감사범위 제한 및 계속기업 존속능력에 대한 불확실성
00425360,코크렙제2호기업구조조정부동산투자회사,KOCREF CR-REIT2,070540,20170630,2005-09-15,해산 사유 발생
00252375,나노하이텍,"NANO HITEC ELECTRONIC CO.,LTD.",071360,20170630,2009-04-29,감사의견거절(감사범위제한)
00300557,위니아,"WINIA Co., Ltd.",071460,20250618,2025-06-18,감사의견 거절(감사범위 제한 및 계속기업가정 불확실성)
00416706,유에이블,"UABLE CO.,LTD.",071530,20170630,2013-04-23,"기업의 계속성, 경영의 투명성 또는 기타 코스닥시장의 건전성 등을 종합적으로 고려하여 상장폐지가 필요하다고 인정"
00126593,에스에스씨피,"SSCPCo.,Ltd.",071660,20170630,2012-09-29,최종부도 발생
00183260,에이스하이텍,"Ace Hightech Co., Ltd.",071930,20170630,2015-07-10,감사의견거절(감사범위 제한)
00451116,아이레보,iREVO Inc.,072430,20170630,2009-02-03,상장폐지신청(2009.01.12)
00436728,리얼티코리아제1호기업구조조정부동산투자,"REALTY KOREA CR REIT CO.,LTD",072450,20170630,2008-04-18,존속기간 만료
00408956,제넨바이오,GenNBio Inc.,072520,20250618,2025-06-18,감사의견 거절(감사범위 제한 및 계속기업 가정 불확실성)
00408585,나이스메탈,"Nice Metal Co.,LTD",072530,20170630,2011-05-07,감사의견거절(감사범위 제한 및 계속기업으로서의 존속능력에 대한 불확실성)
00235147,에이팸,APAM CORPORATION,073070,20260305,2021-06-04,기업의 계속성 및 경영의 투명성 등을 종합적으로 고려하여 상장폐지기준에 해당
00441872,인스프리트,"Insprit, Inc.",073130,20170630,2012-10-12,자본잠식률 50% 이상으로 관리종목 지정 이후 최근 반기의 재무제표에 대한 감사인의 감사의견거절 등
00458915,유레스메리츠제1호,UresMeritz1stCR-REIT,073470,20170630,2008-08-04,해산 사유 발생
00459589,코크렙제3호CR리츠,KOCREF CR-REITIII,073530,20170630,2008-08-08,해산 사유 발생
00493501,씨디네트웍스,"CDNetworksCo.,Ltd.",073710,20220217,2009-09-23,상장폐지신청(2009.08.31)
00321222,케이디세코,"K-D'seco Co., Ltd.",073780,20170630,2009-04-11,2회 연속 자본잠식률 50%이상
00453752,제너시스템즈,"XENERSYSTEMS,INC.",073930,20170630,2013-07-12,자본전액잠식
00447982,에스지피엠,SGPM. Inc.,074000,20221228,2014-03-27,최근 5사업연도 연속 영업손실 발생 등
00302801,디아이디,D.IDCorporation,074130,20170630,2015-07-23,"기업의 계속성, 경영의 투명성 또는 그 밖에 코스닥시장의 건전성 등을 종합적으로 고려하여 상장폐지 기준에 해당한다고 결정"
00463050,엑스로드,"XROAD Co., Ltd.",074140,20170630,2010-05-08,감사범위제한으로 인한 의견거절
00418476,엠제이비,"MJB CO., Ltd.",074150,20170630,2016-09-05,감사의견거절(감사범위 제한)
00475532,테이크시스템즈,"TAKESYSTEMSCO.,Ltd.",076090,20170630,2010-04-23,감사의견거절(감사범위제한)
00471989,지비에스,"GBS Co., Ltd.",076170,20170630,2009-04-22,감사의견 의견거절
00465410,맥쿼리센트럴오피스기업구조조정부동산투자회사,MACQUARIE CENTRAL OFFICE CORPORATE,076850,20170630,2009-10-09,해산 사유 발생
00473400,한컴지엠디,Hancom GMD Inc.,077280,20200116,2020-01-16,피흡수합병
00451268,케이이엔지,"K-eng CO., LTD",077960,20170630,2009-04-29,감사의견거절(감사범위제한)
00475286,동북아1호선박투자회사,DongBukaNO1ShipInvst,078420,20170630,2010-11-29,신청에 의한 상장폐지
00450728,도움,"DOMCO.,LTD.",078610,20170630,2009-04-11,자본전액잠식
00477257,지나인제약,"G9pharma co., LTD",078650,20241202,2023-07-21,감사의견 거절(감사범위 제한 및 계속기업가정 불확실성)
00537443,아구스,ARGUSInc.,078670,20170630,2010-05-01,감사의견거절(감사범위제한 및 계속기업 존속 불확실)
00477372,신지소프트,SINJISOFTCorporation,078700,20170630,2010-02-27,시가총액 40억원 미달
00446460,아이디에스,"InternationalDisplaySolutionsCo.,Ltd.",078780,20170630,2016-04-28,'14사업연도 자본잠식률 50%이상 사유로 관리종목 지정 후 '15사업연도 반기 감사의견 거절
00501970,퀀타피아,QUANTAPIA INC.,078940,20260310,2025-02-19,기업의 계속성 및 경영의 투명성 등을 종합적으로 고려하여 상장폐지기준에 해당한다고 결정
00480844,하이럭스,"HILUX CO., LTD.",079340,20170630,2009-06-24,"기업의 계속성, 경영의 투명성 또는 기타 코스닥시장의 건전성 등을 종합적으로 고려하여 상장폐지가 필요하다고 인정"
00176792,오렌지라이프생명보험,"Orange Life Insurance,Ltd.",079440,20210512,2020-02-14,지주회사(최대주주등)의 완전자회사화 등
00481223,시노펙스멤브레인,NEXPIAN,079560,20260219,2010-04-13,최근 3사업연도 연속 자기자본 대비 50% 초과 법인세 비용차감전계속사업손실 발생
00503899,사조해표,SAJOHAEPYO Corporation,079660,20240628,2019-06-26,해산 사유 발생
00363325,산양전기,"SANYANGELECTROMECHANICSCO.,LTD",079870,20170630,2009-04-11,자본전액잠식
00455981,에스엔유프리시젼,"SNUPrecisionCo.,Ltd.",080000,20241220,2024-12-20,피흡수합병
00502474,동북아2호선박투자회사,DongbukaNo.2ShipInv,080030,20170630,2013-08-19,신청에 의한 상장폐지
00441298,디보스,DIBOSS CORPORATION,080140,20170630,2010-02-02,자본잠식률 50%이상사유로 관리종목지정후 반기 감사의견 부적정
00502793,아시아퍼시픽1호선박투자회사,AsiaPacificNo.1,080180,20170630,2014-07-10,신청에 의한 상장폐지
00504357,동북아6호선박투자회사,DongbukaNo.6ShipInv,080410,20170630,2010-10-25,신청에 의한 상장폐지
00366793,에스제이케이,"SJK CO.,LTD.",080440,20210913,2021-09-13,해산사유 발생(파산선고)
00508566,국제개발,ICCORPORATION,080570,20170630,2009-04-29,감사의견거절(감사범위제한)
00505170,동북아3호선박투자회사,Dongbuka  No.3 Ship Investment Company Co.Ltd,080960,20170630,2014-02-11,신청에 의한 상장폐지
00505189,동북아4호선박투자회사,"Dongbuka No.4 Ship Investment Company Co., Ltd",080970,20170630,2014-02-18,신청에 의한 상장폐지
00505198,동북아5호선박투자회사,"Dongbuka No.5 Ship Investment Company Co., Ltd",080980,20170630,2014-04-25,신청에 의한 상장폐지
00582054,씨모텍,"C-motechCo.,LTD.",081090,20170630,2011-09-23,감사의견거절(감사범위 제한 및 계속기업으로서의 존속능력에 대한 불확실성) 등
00505541,아시아퍼시픽2호선박투자회사,"ASIA PACIFIC NO. 2 SHIP INVESTMENT CO.,LTD",081190,20170630,2014-12-18,존속기간 만료
00505550,아시아퍼시픽3호선박투자회사,"ASIA PACIFIC NO. 3 SHIP INVESTMENT CO.,LTD.",081200,20170630,2014-12-22,존속기간 만료
00505569,아시아퍼시픽4호선박투자회사,"ASIA PACIFIC NO.4 SHIP INVESTMENT CO.,LTD.",081210,20170630,2015-01-20,존속기간 만료
00481676,세미텍,"SemiteqCo.,Ltd",081220,20170630,2014-03-03,피흡수합병
00535773,엑스씨이,"eXtendedComputingEnvironmentCO.,LTD.",081500,20170630,2009-04-29,감사의견거절(감사범위제한)
00510534,아시아퍼시픽8호선박투자회사,"ASIA PACIFIC NO. 8 SHIP INVESTMENT CO.,LTD",081930,20170630,2015-02-17,신청에 의한 상장폐지
00510914,아시아퍼시픽9호선박투자회사,"ASIA PACIFIC NO. 9 SHIP INVESTMENT CO.,LTD",081940,20170630,2015-01-08,존속기간 만료
00584362,케이엑스넥스지,"KX NexG Co.,LTD.",081970,20230403,2018-10-11,감사의견거절(감사범위제한)
00510215,동북아8호선박투자회사,Dongbuka No.8 Ship Investment Company,082110,20170630,2011-01-04,종목별 상장폐지신청
00535719,프렉코,"PREXCO CO., LTD.",082220,20190226,2015-09-25,지정자문인 선임계약의 해지한 날의 다음날부터 30일이내(2015.09.11限) 지정자문인 선임계약 미체결
00512550,아시아퍼시픽5호선박투자회사,"ASIA PACIFIC NO.5 SHIP INVESTMENT CO.,LTD.",082240,20170630,2015-03-13,신청에 의한 상장폐지
00512541,아시아퍼시픽6호선박투자회사,"ASIA PACIFIC NO.6 SHIP INVESTMENT CO.,LTD.",082250,20170630,2015-03-13,신청에 의한 상장폐지
00512532,아시아퍼시픽7호선박투자회사,"ASIA PACIFIC NO. 7 SHIP INVESTMENT CO.,LTD",082260,20170630,2015-03-13,신청에 의한 상장폐지
00496003,피엘에이,"PLA Co., Ltd.",082390,20170630,2016-07-25,기업의 계속성 및 경영의 투명성 등을 종합적으로 고려하여 상장폐지기준에 해당한다고 결정
00117267,동양생명보험,"TONGYANG LIFE INSURANCE CO.,LTD.",082640,20260831,2026-08-31,지주회사(최대주주등)의 완전자회사화 등
00442455,코스나인,"Cosnine Co., Ltd",082660,20260921,2026-09-21,기업의 계속성 및 경영의 투명성 등을 종합적으로 고려하여 상장폐지기준에 해당한다고 결정
00525527,실리콘화일,SiliconFileTechnologiesInc.,082930,20170630,2014-05-23,상장폐지신청('14.04.22)
00518873,동북아9호선박투자회사,DONGBUKA NO.9 SHIP INVESTMENT COMPANY,083120,20170630,2010-01-20,신청에 의한 상장폐지
00521956,현대경매부동산일호투자회사,HYUNDAI AUCTION REAL ESTATE FUND 1ST,083160,20170630,2008-12-08,존속기간 만료
00529310,동북아10호선박투자회사,DONGBUKA NO.10 SHIP INVESTMENT CO.,083350,20170630,2017-06-14,신청에 의한 상장폐지
00529523,동북아11호선박투자회사,DONGBUKA NO.11 SHIP INVESTMENT CO.,083360,20170630,2017-06-14,신청에 의한 상장폐지
00526447,동북아12호선박투자회사,DONGBUKA NO.12 SHIP INVESTMENT CO.,083370,20200623,2020-06-23,존속기간 만료
00526465,동북아13호선박투자회사,DONGBUKA NO.13 SHIP INVESTMENT CO.,083380,20200504,2020-05-04,존속기간 만료
00526474,동북아14호선박투자회사,DONGBUKA NO.14 SHIP INVESTMENT CO.,083390,20170630,2017-06-14,신청에 의한 상장폐지
00533580,아시아퍼시픽10호선박투자회사,"ASIA PACIFIC NO. 10 SHIP INVESTMENT CO.,LTD",083570,20170630,2017-06-15,신청에 의한 상장폐지
00533793,아시아퍼시픽11호선박투자회사,"ASIA PACIFIC NO. 11 SHIP INVESTMENT CO.,LTD",083580,20170630,2017-06-15,신청에 의한 상장폐지
00533836,아시아퍼시픽12호선박투자회사,"ASIA PACIFIC NO. 12 SHIP INVESTMENT CO.,LTD",083590,20170630,2017-06-15,신청에 의한 상장폐지
00533757,아시아퍼시픽13호선박투자회사,"ASIA PACIFIC NO. 13 SHIP INVESTMENT CO.,LTD",083600,20170630,2017-06-15,신청에 의한 상장폐지
00533696,아시아퍼시픽14호선박투자회사,"ASIA PACIFIC NO. 14 SHIP INVESTMENT CO.,LTD",083610,20170630,2017-06-20,신청에 의한 상장폐지
00533678,아시아퍼시픽15호선박투자회사,"ASIA PACIFIC NO. 15 SHIP INVESTMENT CO.,LTD",083620,20170731,2017-07-31,존속기간 만료
00540784,골든브릿지더블유엠경매부동산일호투자회사,GOLDEN BRIDGE WM AUCTION REAL ESTATE FUND[1],084160,20170630,2010-10-15,해산 사유 발생
00243979,수성웹툰,"Soosung Webtoon co., Ltd.",084180,20261001,2026-10-01,시가총액 200억원 미달
00538497,동북아15호선박투자회사,Dongbuka No.15 Ship Investment Company,084240,20170630,2010-07-13,신청에 의한 상장폐지
00446831,세실,SESILCORPORATION,084450,20240628,2011-02-10,감사의견거절(범위제한 및 계속기업 존속 불확실성)
00507257,아이알디,"International Resources Development Co.,Ltd",084810,20170630,2010-04-01,당해 코스닥시장상장법인의 계속성 및 경영의 투명성 등을 종합적으로 고려한 결과 상장폐지기준에 해당한다고 결정
00549925,루트로닉,Lutronic Corporation,085370,20240328,2023-10-27,타법인의 완전자회사로 편입
00543073,굿앤리치부동산공경매투자회사1호,GOOD&RICH REAL ESTATE AUCTION FUND[1],085450,20170630,2007-01-26,해산 사유 발생
00540021,모빌탑,"MobiletopCo.,Ltd.",085680,20170630,2009-11-25,"기업의 계속성, 경영의 투명성 또는 기타 코스닥시장의 건전성 등을 종합적으로 고려하여 상장폐지가 필요하다고 인정"
00461690,세화피앤씨,SEWHA P&C INC.,085980,20170919,2017-09-19,피흡수합병
00480905,영찬테크,"Young Chan Tech Co.,Ltd.",085990,20170630,2010-05-08,감사의견거절(감사범위제한)
00364111,다이노나,DiNonA Inc.,086080,20211122,2021-11-22,피흡수합병
00413824,제이앤유글로벌,JNU GLOBAL INCORPORATION.,086200,20180508,2016-05-09,감사의견거절(감사범위 제한)
00166333,화신테크,"HWASHIN TECH CO.,LTD",086250,20240718,2021-08-31,감사의견 거절(감사범위 제한)
00548519,큐러블,Curable. Inc.,086460,20260319,2025-08-19,기업의 계속성 및 경영의 투명성 등을 종합적으로 고려하여 상장폐지기준에 해당한다고 결정
00543523,코크렙제7호위탁관리부동산투자회사,KOCREF REIT 7,086720,20170630,2010-12-29,존속기간 만료
00317830,신양오라컴디스플레이,"SHINYANG AURACOM DISPLAY Co.,Ltd.",086830,20170630,2017-05-08,감사의견 거절(감사범위 제한 및 계속기업 존속능력에 대한 불확실성)
00454265,스틸플라워,"STEEL FLOWER CO.,LTD",087220,20190213,2018-05-08,감사의견거절(감사범위 제한 및 계속기업 존속능력에 대한 불확실성)
00496225,이엠네트웍스,EM Networks Corporation,087730,20221124,2021-10-08,기업의 계속성 및 경영의 투명성 등을 종합적으로 고려하여 상장폐지기준에 해당한다고 결정
00548865,동북아21호선박투자회사,"DONGBUKA NO. 21 SHIP INVESTMENT COMPANY CO., LTD.",088010,20170630,2010-12-28,존속기간 만료
00540304,네이쳐글로벌,NatureGlobal Inc.,088020,20170630,2011-01-08,"기업의 계속성, 경영의 투명성 또는 기타 코스닥시장의 건전성 등을 종합적으로 고려하여 상장폐지 기준에 해당한다고 결정"
00554468,굿앤리치부동산공경매투자회사2호,Good&Rich real estate auction fund[2],088510,20170630,2008-08-25,해산 사유 발생
00450214,마이스코,mysco,088700,20170630,2013-05-04,감사의견거절(계속기업으로서의 존속능력에 대한 불확실성)
00560991,맥스브로,"Maxbro COMPANY, LIMITED",088810,20170630,2011-04-29,감사의견거절(감사범위 제한 및 계속기업으로서의 존속능력에 대한 불확실성)
00355821,씨티엘테크,"CTL TEC Co.,Ltd",088960,20170630,2012-02-08,기업의 계속성 및 경영의 투명성 등을 종합적으로 고려하여 상장폐지 기준에 해당한다고 결정
00557067,동북아27호선박투자회사,Dongbuka No. 27 Ship Investment Company,089170,20170630,2008-11-05,신청에 의한 상장폐지
00557058,동북아28호선박투자회사,Dongbuka No. 28 Ship Investment Company,089180,20170630,2008-11-05,신청에 의한 상장폐지
00557049,동북아29호선박투자회사,Dongbuka No. 29 Ship Investment Company,089190,20170630,2008-11-05,신청에 의한 상장폐지
00557030,동북아30호선박투자회사,Dongbuka No. 30 Ship Investment Company,089200,20170630,2008-11-05,신청에 의한 상장폐지
00535588,네오세미테크,Neosemitech Corporation,089240,20170630,2010-09-03,감사의견거절(감사범위 제한)
00220181,평산,"PYEONGSANCo.,Ltd.",089480,20170630,2012-04-13,감사의견거절(감사범위제한)
00458562,에이티세미콘,"JHCOS Co., Ltd.",089530,20250321,2024-09-06,기업의 계속성 및 경영의 투명성 등을 종합적으로 고려하여 상장폐지 기준에 해당한다고 결정
00581000,디앤샵,"d&shop Co., Ltd.",090090,20170630,2011-12-15,피흡수합병
00491336,잘만테크,"ZalmanTechCo.,Ltd.",090120,20220225,2015-05-13,감사의견 거절(계속기업 존속능력에 대한 불확실성 및 감사범위 제한)
00560025,코크렙제8호위탁관리부동산투자회사,KOCREF REIT VIII,090540,20170630,2015-01-16,해산 사유 발생
00163789,심팩메탈,"SIMPAC METAL Co., Ltd.",090730,20180717,2018-07-17,피흡수합병
00495554,와이앤넥스트,Y&NEXT Inc.,090740,20260224,2022-10-17,기업의 계속성 및 경영의 투명성 등을 종합적으로 고려하여 상장폐지기준에 해당한다고 결정
00580603,코리아퍼시픽01호선박투자회사,"Korea Pacific No.01 Ship Investment Co.,Ltd.",090970,20170630,2017-04-25,감사의견 의견거절
00580612,코리아퍼시픽02호선박투자회사,"Korea Pacific No.02 Ship Investment Co.,Ltd.",090980,20170630,2017-04-25,감사의견 의견거절
00580621,코리아퍼시픽03호선박투자회사,"Korea Pacific No.03 Ship Investment Co.,Ltd.",090990,20170630,2017-04-25,감사의견 의견거절
00580630,코리아퍼시픽04호선박투자회사,"Korea Pacific No.04 Ship Investment Co.,Ltd.",091000,20170630,2017-04-25,감사의견 의견거절
00585219,세원이앤씨,"SEWON E&C CO.,LTD.",091090,20260310,2025-10-27,감사의견 의견거절 2년 계속
00612115,유디피,UDP Technology Ltd.,091270,20210511,2018-04-18,지정자문인 선임계약 해지 후 30일이내 미체결(2018.04.04限)
00543231,디지텍시스템스,"DIGITECHsystemsCo.,Ltd.",091690,20170630,2015-01-21,감사의견 거절(감사범위 제한 및 계속기업 존속능력에 대한 불확실성)
00554024,셀트리온헬스케어,"Celltrion Healthcare Co., Ltd.",091990,20240112,2024-01-12,피흡수합병
00587101,바다로3호선박투자회사,Badaro No.3 Ship Investment Company,092630,20170630,2016-06-13,신청에 의한 상장폐지
00586652,거북선1호선박투자회사,Turtleship No.1 Ship Investment Company,092970,20170630,2009-10-16,신청에 의한 상장폐지
00480950,이아이디,"E Investment&Development CO.,LTD",093230,20250911,2025-09-11,"기업의 계속성, 경영의 투명성 및 기타 공익과 투자자 보호 등을 종합적으로 고려하여 상장폐지 기준에 해당한다고 결정"
00592583,코리아퍼시픽05호선박투자회사,"Korea Pacific No.05 Ship Investment Co., Ltd.",093400,20170630,2013-04-10,감사의견 의견거절
00592592,코리아퍼시픽06호선박투자회사,"Korea Pacific No.06 Ship Investment Co., Ltd.",093410,20170630,2013-04-10,감사의견 의견거절
00593519,동북아31호선박투자회사,Dongbuka No. 31 Ship Investment Company,093730,20170630,2009-03-13,신청에 의한 상장폐지
00596066,한국베트남15-1유전해외자원개발투자회사,Korea Vietnam15-1Oil Overseas Resources Development Fund,093820,20170630,2012-02-01,해산 사유 발생
00379016,이엘케이,ELKCorporation,094190,20220104,2020-05-22,감사의견 거절(감사범위 제한 및 계속기업 존속능력에 대한 불확실성)
00597764,미래에셋맵스오퍼튜니티베트남주식혼합형투자회사1호,MIRAEASSET MAPS OPPORTUNITY VIETNAM EQUITY BALANCED FUND 1,094520,20170630,2011-11-24,신청에 의한 상장폐지
00530796,미성포리테크,"MISUNGPOLYTECHCO.,LTD.",094700,20200228,2012-04-13,자본전액잠식
00617299,GB블루오션베트남주식혼합형투자회사1호,GB Blue Ocean VIETNAM EQUITY BALANCED FUND [1],094950,20170630,2011-01-05,해산 사유 발생
00447478,엔에스브이,NSV CORPORATION,095300,20180524,2017-09-12,"감사의견 거절(내부회계관리제도상의 취약점, 계속기업가정의 불확실성 및 재고자산 관련 감사범위 제한)"
00480756,이트론,"E-TRON CO.,LTD.",096040,20260211,2025-09-10,기업의 계속성 및 경영의 투명성 등을 종합적으로 고려하여 상장폐지기준에 해당한다고 결정
00626710,한국월드와이드베트남부동산개발특별자산1호투자회사,Vietnam Real Estate Development Fund1,096300,20230202,2023-02-02,해산 사유 발생
00516246,알에프세미,"RFsemiTechnologies,Inc.",096610,20260903,2026-09-03,감사의견 거절(감사범위 제한 및 계속기업가정 불확실성)
00609315,멜파스,Melfas Inc.,096640,20250730,2023-07-17,기업의 계속성 및 경영의 투명성 등을 종합적으로 고려하여 상장폐지기준에 해당한다고 결정
00634959,한국월드와이드아시아태평양특별자산1호투자회사,Korea World Wide Asia Pacific Special Assets Fund [1],098150,20170630,2012-04-23,해산 사유 발생
00595243,엔스퍼트,Enspert. Inc.,098400,20220311,2012-07-24,"기업의계속성, 경영의 투명성 또는 기타 코스닥시장의 건전성 등을 종합적으로 고려하여 상장폐지 기준에 해당한다고 결정"
00637114,코리아퍼시픽07호선박투자회사,"Korea Pacific No.07 Ship Investment Co., Ltd.",099210,20170630,2013-04-10,감사의견 의견거절
00647883,하나유비에스암바토비니켈해외자원개발1호,HANA UBS AMBATOVY NICKEL OVERSEAS 1,099340,20200701,2020-07-01,존속기간 만료
00647935,하나유비에스암바토비니켈해외자원개발2호,HANA UBS AMBATOVY NICKEL OVERSEAS 2,099350,20200701,2020-07-01,존속기간 만료
00599887,신텍,"SEEN TEC Co., Ltd",099660,20200720,2018-07-09,발행한 어음 또는 수표가 주거래은행에 의하여 최종부도로 결정되거나 거래은행에 의한 거래정지
00232496,씨그널엔터테인먼트그룹,Signal Entertainment Group Corp.,099830,20190111,2018-05-04,감사의견거절(감사범위 제한)
00650629,SBS미디어홀딩스,SBS Media Holdings,101060,20220118,2022-01-18,해산 사유 발생
00648688,거북선2호선박투자회사,Turtleship No.2 Ship Investment Company,101380,20170630,2010-12-03,신청에 의한 상장폐지
00609634,아이엠,"IMCo.,LTD",101390,20260701,2026-07-01,기업의 계속성 및 경영의 투명성 등을 종합적으로 고려하여 상장폐지기준에 해당한다고 결정
00647917,케이알제2호개발전문위탁관리부동산투자회사,"KR2 Development REIT CO., Ltd.",101790,20170630,2012-04-17,자본잠식(자본금의 50/100이상 잠식) 2년 계속
00679730,파브코,"PYUNG HWA ANTI-VIBRATION SYSTEM CO., LTD.",101990,20170630,2014-05-21,해산 사유 발생
00648697,거북선3호선박투자회사,Turtleship No.3 Ship Investment Company,102000,20170630,2010-12-03,신청에 의한 상장폐지
00299358,트레스,"TRES Co., Ltd.",102210,20260223,2021-04-19,기업의 계속성 및 경영의 투명성 등을 종합적으로 고려하여 상장폐지기준에 해당한다고 결정
00681142,쌍방울,SBW,102280,20260820,2025-11-28,"기업의 계속성, 경영의 투명성 및 기타 공익과 투자자 보호 등을 종합적으로 고려하여 상장폐지 기준에 해당한다고 결정"
00609485,웅진에너지,"Woongjin Energy Co., Ltd",103130,20211201,2020-06-01,감사의견 의견거절 2년 계속
00684547,하이트맥주,"HITE BREWERY CO., LTD.",103150,20170630,2011-09-26,해산 사유 발생
00684732,풀무원식품,"Pulmuone Foods Co., Ltd.",103160,20260304,2009-04-13,지주회사의 완전자회사화(지주회사 신규상장)
00678281,에이치앤아이,"H&I.,LTD",103650,20170630,2016-07-14,최종부도 발생
00686068,신성이엔지,"SHINSUNG ENG CO., LTD.",104110,20171208,2017-01-02,해산 사유 발생
00686147,신성에프에이,"SHINSUNG FA CO., LTD.",104120,20171207,2017-01-02,해산 사유 발생
00579379,금강제강,"KumKangsteel Co.,LTD",105070,20170630,2012-08-14,최종부도 발생
00686970,다산자기관리부동산투자회사,DASAN REIT,105380,20170630,2011-06-24,감사의견 의견거절
00536329,노블엠앤비,"Noble M&B Co., Ltd.",106520,20260701,2026-07-01,감사의견 거절(계속기업 존속능력 불확실성)
00721981,삼성디지털이미징,"SAMSUNG DIGITAL IMAGING CO., LTD.",108070,20170630,2010-04-14,해산 사유 발생
00598587,인터파크,Interpark Corporation,108790,20200716,2020-07-16,피흡수합병
00697329,거북선4호선박투자회사,Turtleship No.4 Ship Investment Company,108890,20170630,2012-05-24,신청에 의한 상장폐지
00676380,모린스,"Moreens Co., Ltd",110310,20170630,2014-04-11,자본전액잠식 등
00653990,유니드코리아,"uNeedkorea Co.,Ltd",110500,20170630,2014-09-02,감사의견 거절(계속기업 존속능력에 대한 불확실성)
00636045,넥솔론,Nexolon Company Limited.,110570,20170918,2017-04-17,자본전액잠식
00555740,툴코리아,"TOOL-KOREA CO., LTD.",110660,20230220,2018-10-11,지정자문인 선임계약 해지 후 30일이내 미체결(2018.9.20限)
00609254,세왕,"SEUNGHWA  CO., LTD.",111610,20190329,2016-01-25,"기업의 계속성, 경영의 투명성 또는 그 밖에 코스닥시장의 건전성 등을 종합적으로 고려하여 상장폐지 기준에 해당한다고 결정"
00689418,지유온,"G.U.ON Co., Ltd.",111820,20240318,2021-09-30,기업의 계속성 및 경영의 투명성 등을 종합적으로 고려하여 상장폐지기준에 해당한다고 결정
00125965,케이에이치미래물산,"KH Mirae Corporation Co., Ltd.",111870,20260114,2026-01-14,감사의견 거절(감사범위 제한)
00450339,에스에프씨,"SFC Co.,Ltd.",112240,20240221,2020-06-30,감사의견 거절(감사범위 제한)
00618401,크루셜텍,"Crucialtec Co., Ltd.",114120,20240215,2024-02-15,기업의 계속성 및 경영의 투명성 등을 종합적으로 고려하여 상장폐지기준에 해당한다고 결정
00778040,거북선5호선박투자회사,Turtleship No.5 Ship Investment Company,114130,20170630,2012-03-02,신청에 의한 상장폐지
00778059,거북선6호선박투자회사,Turtleship No. 6 Ship Investment Company,114140,20170630,2012-03-02,신청에 의한 상장폐지
00359641,현대푸드시스템,HYUNDAI FOOD SYSTEM,114410,20170630,2010-07-16,해산 사유 발생
00673976,지스마트글로벌,"G-SMATT GLOBAL Co., Ltd.",114570,20221117,2022-02-23,감사의견 거절(감사범위 제한 및 계속기업 존속능력에 대한 불확실성)
00561866,락앤락,"LOCK&LOCK CO.,LTD.",115390,20260401,2024-12-09,지주회사(최대주주등)의 완전자회사화 등
00372253,연우,"YONWOO CO., LTD",115960,20240306,2024-03-06,타법인의 완전자회사로 편입
00790501,한진해운,"HANJIN SHIPPING CO., LTD.",117930,20170630,2017-03-07,해산 사유 발생
00693800,에프지엔개발전문자기관리부동산투자회사,"FGN Real Estate Development Investment Trust co.,Ltd.",119250,20170630,2014-10-29,"기업의 계속성, 경영의 투명성 및 기타 공익과 투자자 보호 등을 종합적으로 고려하여 상장폐지 기준에 해당한다고 결정"
00585608,커넥트웨이브,"Connectwave Co., Ltd.",119860,20260325,2024-09-24,타법인의 완전자회사로 편입
00673301,전우정밀,"JEONWOO PRECISION Co.,Ltd.",120780,20230220,2021-05-06,분산요건 미달
00788807,코크렙제15호기업구조조정부동산투자회사,KOCREF15CR-REIT,121550,20170630,2015-10-16,매출액 미달 2년 계속
00807397,코이즈,"KOYJ. CO.,LTD",121850,20260914,2026-09-14,시가총액 200억원 미달
00797674,대우증권그린코리아기업인수목적회사,Daewoo Securities Green Korea Special Purpose Acquisition Company,121910,20170630,2012-10-15,SPAC 상장예비심사청구서 미제출 등
00798284,미래에셋제1호기업인수목적,Miraeasset No.1 Special Purpose Acquisition Company,121950,20170630,2012-10-23,상장예비심사 청구서 미제출로 관리종목 지정후 1개월 이내 동 사유 미해소
01181940,아이엘사이언스,"IL SCIENCE CO.,LTD.",122050,20191227,2019-12-27,피흡수합병
00798530,동양밸류오션기업인수목적,Tongyang Value Ocean Special Purpose Acquisition Company,122290,20170630,2012-11-07,SPAC 상장예비심사청구서 미제출 등
00803504,우리기업인수목적1호,"WOORI SPECIAL PURPOSE ACQUISITION 1 CO., LTD.",122750,20170630,2012-12-21,SPAC 상장예비심사청구서 미제출 등
00527880,썬테크놀로지스,"Sun Technologies Co., LTD",122800,20200212,2020-02-12,기업의 계속성 및 경영의 투명성 등을 종합적으로 고려하여 상장폐지기준에 해당한다고 결정
00569992,원익테라세미콘,"WONIK TERA SEMICON CO.,LTD.",123100,20190220,2019-02-20,피흡수합병
00804983,히든챔피언제1호기업인수목적,HiddenChampion 1st Special Purpose Acquisition Company,123160,20170630,2013-01-18,상장예비심사 청구서 미제출로 관리종목 지정후 1개월 이내 동 사유 미해소
00671437,파인넥스,"PineNex Co., Ltd",123260,20200410,2020-04-10,"제28조제1항제9호에 따라 관리종목 지정 후 공시규정 제19조제1항에 따른 사업보고서 법정제출기한 내 미제출, 최근 2년간 3회 이상 공시규정 제19조제1항의 규정에 의한 사업보고서, 반기보고서 또는 분기보고서 법정제출기한 내 미제출"
00802028,한국투자신성장1호기업인수목적회사,Korea Investment Securities SPAC No.1,123290,20170630,2013-03-29,상장예비심사 청구서 미제출로 관리종목 지정 후 1개월 이내 동 사유 미해소
00808262,부국퓨쳐스타즈기업인수목적,Bookook Future Stars Special Purpose Acquisition Company LTD.,123300,20170630,2013-06-03,상장예비심사 청구서 미제출로 관리종목 지정 후 1개월 이내 동 사유 미해소
00804114,대신증권그로쓰알파기업인수목적,DAISHIN SECURITIES GROWTH ALPHA SPAC,123550,20170630,2013-03-29,상장예비심사 청구서 미제출로 관리종목 지정 후 1개월 이내 동 사유 미해소
00812229,에스비아이앤솔로몬드림기업인수목적,SBI and Solomon DREAM SPAC,123910,20170630,2013-03-29,상장예비심사 청구서 미제출로 관리종목 지정 후 1개월 이내 동 사유 미해소
00808226,한화에스브이명장제1호기업인수목적,Hanwha SV Meister 1st SPAC,124050,20170630,2013-02-15,상장예비심사 청구서 미제출로 관리종목 지정후 1개월 이내 동 사유 미해소
00824659,아이비케이에스스마트에스엠이기업인수목적1호,IBKS Smart SME Special Purpose Acquisition Company No.1,126680,20170630,2013-07-29,상장예비심사 청구서 미제출로 관리종목 지정 후 1개월 이내 동 사유 미해소
00638539,앤에스,"NS Co., Ltd.",126870,20250410,2022-10-26,감사의견 거절(감사범위 제한 및 계속기업 존속능력 불확실성)
00806972,매직마이크로,"MAGICMICRO CO.,LTD",127160,20230104,2022-09-22,감사의견 거절(감사범위 제한 및 계속기업 존속능력 불확실성)
00828309,동부티에스블랙펄기업인수목적,Dongbu TS Black Pearl Special Purpose Acquisition Company,128910,20170630,2013-07-15,상장예비심사 청구서 미제출로 관리종목 지정 후 1개월 이내 동 사유 미해소
00838421,씨제이이앤엠,CJ E&M Corporation,130960,20180718,2018-07-18,피흡수합병
00785475,원익피앤이,"WONIK PNE CO., LTD",131390,20221129,2022-11-29,피흡수합병
00837680,거북선7호선박투자회사,Turtleship No. 7 Ship Investment Company,134000,20170630,2012-03-02,신청에 의한 상장폐지
00238977,에스엠화진,"SM HWAJIN Co., Ltd.",134780,20260604,2020-07-02,감사의견거절(감사범위제한)
00657756,무송지오씨,MSGOC CO. LTD.,135160,20230502,2023-05-02,발행한 어음 또는 수표가 주거래은행에 의하여 최종부도로 결정되거나 거래은행에 의한 거래정지
00619020,세종머티리얼즈,"Sejong Materials Co., Ltd.",135270,20191002,2019-10-02,파산선고에 따른 해산사유 발생
00763358,스마트솔루션즈,"Smart Solutions Co.,Ltd.",136510,20240725,2024-07-25,감사의견 거절
00406392,엔에스쇼핑,"NS Shopping Co., Ltd",138250,20250821,2022-03-22,지주회사(최대주주등)의 완전자회사화 등
00890388,지성이씨에스,"ZISUNG ECS CO.,Ltd.",138290,20240227,2018-08-22,상장폐지 신청('18.7.19)
00846396,이코리아자기관리부동산투자회사,"e-Corea Real Estate Investment Trusts Co., Ltd",138440,20170630,2015-09-16,"기업의 계속성, 경영의 투명성 및 기타 공익과 투자자 보호 등을 종합적으로 고려하여 상장폐지 기준에 해당한다고 결정"
00241005,코오롱이앤피,"KOLON ENP, INC.",138490,20260416,2026-04-16,해산 사유 발생
01014657,비즈니스온커뮤니케이션,"BusinessOn Communication Co.,Ltd",138580,20250218,2024-11-22,타법인의 완전자회사로 편입
00670085,엘아이에스,"LIS Co., Ltd.",138690,20231206,2023-12-06,기업의 계속성 및 경영의 투명성 등을 종합적으로 고려하여 상장폐지기준에 해당한다고 결정
00656021,비에프랩스,"BFLABS Co.,LTD.",139050,20260508,2026-05-08,감사의견 거절(감사범위 제한)
00842479,퓨얼셀파워,"Fuelcellpower Co.,Ltd.",139170,20170630,2014-10-30,피흡수합병
00855145,하이골드오션2호선박투자회사,"HI GOLD OCEAN NO.2 SHIP INVESTMENT CO., LTD.",139200,20171127,2017-01-11,신청에 의한 상장폐지
00599489,청광건설,"CHUNGKWANG CONSTRUCTION CO., LtD.",140290,20230508,2023-05-08,상장폐지 신청
00865382,트러스와이제7호위탁관리부동산투자회사,"TRUS Y 7 REIT CO., Ltd.",140890,20190507,2019-05-07,해산 사유 발생
00860730,에이자기관리부동산투자회사,A SELF-ADMINISTERED REAL ESTATE INVESTMENT TRUST INC.,140910,20260610,2026-06-10,"기업의 계속성, 경영의 투명성 및 기타 공익과 투자자 보호 등을 종합적으로 고려하여 상장폐지 기준에 해당한다고 결정"
00812362,디에스앤엘,"DSNL Co., Ltd.",141020,20240103,2024-01-03,기업의 계속성 및 경영의 투명성 등을 종합적으로 고려하여 상장폐지기준에 해당한다고 결정
00678096,맥스로텍,"MAXROTEC CO., LTD.",141070,20221202,2021-09-16,발행한 어음 또는 수표가 주거래은행에 의하여 최종부도로 결정되거나 거래은행에 의한 거래정지
00652159,코오롱머티리얼,KOLON MATERIALS,144620,20260304,2021-11-05,지주회사(최대주주등)의 완전자회사화 등
00822572,씨아이에스,Creative & Innovative System Corporation,144630,20170630,2017-01-20,피흡수합병
00835734,피엠디아카데미,PMD ACADEMY CORP.,144740,20190523,2018-08-07,지정자문인 선임계약 해지 후 30일이내 미체결(2018.07.24限)
00610490,비디아이,"BDI Co., LTD.",148140,20240607,2024-06-07,기업의 계속성 및 경영의 투명성 등을 종합적으로 고려하여 상장폐지기준에 해당한다고 결정
00890333,케이비부국제1호개발전문위탁관리부동산투자회사,"KB-Bookook No.1 Development Cc., Ltd.",149130,20170630,2015-03-02,감사의견 부적정
00578130,아퓨어스,"APURES CO., LTD.",149300,20260520,2026-05-20,감사의견 의견거절
00757816,모다,Moda Inc.,149940,20240220,2020-07-10,감사의견거절(감사범위 제한)
00990262,피노텍,"Finotek Co.,Ltd.",150440,20260420,2024-03-21,외부감사인의 감사의견 의견거절
00661157,인트로메딕,"IntroMedic Co., Ltd.",150840,20260304,2026-01-26,기업의 계속성 및 경영의 투명성 등을 종합적으로 고려하여 상장폐지기준에 해당한다고 결정
00665630,테라텍,"TERATECH CO., LTD.",151750,20230221,2016-02-23,상장폐지 신청('16.02.01)
00653103,퓨처코어,"FutureCore Co.,Ltd.",151910,20251126,2025-11-26,기업의 계속성 및 경영의 투명성 등을 종합적으로 고려하여 상장폐지기준에 해당한다고 결정
00351418,코리아오토글라스,KOREA AUTOGLASS CORPORATION,152330,20201218,2020-12-18,해산 사유 발생
00907013,한국투자ANKOR유전해외자원개발특별자산투자회사1호(지분증권),KIM ANKOR Oilfield Overseas Resources Development Special Asset Fund [1](Equity),152550,20260504,2026-05-04,해산 사유 발생
00905316,하이골드오션3호선박투자회사,Hi Gold Ocean No.3 Ship Investment Company,153360,20220411,2022-04-11,감사의견 부적정
00910947,바다로19호선박투자회사,Badaro No.19 Ship Investment Company,155900,20231124,2023-11-24,신청에 의한 상장폐지
00676122,지디,"Global Display Co., Ltd.",155960,20260320,2018-10-12,감사의견 거절(감사범위 제한)
00974459,비앤에스미디어,"B&S MEDIA CO., LTD",156170,20170918,2017-07-13,지정자문인 선임계약 해지 후 30일이내 미체결(2017.6.29限)
00563147,에스에이티,"Solution Advanced Technology Co.,Ltd.",158300,20211209,2021-12-09,피흡수합병
00923899,참존글로벌,"Charmzone Global Co., Ltd.",158310,20230111,2022-11-09,기업의 계속성 및 경영의 투명성 등을 종합적으로 고려하여 상장폐지기준에 해당한다고 결정
00125628,삼목강업,"SAMMOK KANG UP CO.,LTD.",158380,20170630,2016-04-21,피흡수합병
00930321,하이골드오션8호국제선박투자회사,HI GOLD OCEAN KMARIN NO.8 SHIP INVESTMENT COMPANY,159650,20200427,2020-04-27,감사의견 부적정
00350491,웹솔루스,"WEBSOLUS CO.,LTD.",160350,20170630,2015-04-30,감사의견 거절(감사범위 제한 및 계속기업 존속능력에 대한 불확실성)
00818472,이큐셀,"EQUIPMENTS CELL CO.,LTD",160600,20260306,2025-02-14,기업의 계속성 및 경영의 투명성 등을 종합적으로 고려하여 상장폐지기준에 해당한다고 결정
00945208,더미동,"THE MIDONG Co,. Ltd",161570,20250521,2024-06-17,기업의 계속성 및 경영의 투명성 등을 종합적으로 고려하여 상장폐지기준에 해당한다고 결정
01072518,디피코,"DPECO CO.,LTD.",163430,20240618,2024-06-18,'22사업연도 감사의견 의견거절 및 '23사업연도 사업보고서 미제출
01142400,이루다,"ILOODA Co.,Ltd",164060,20241022,2024-10-22,피흡수합병
00659815,금오하이텍,"KUMO HITEC. CO., LTD",165270,20220225,2017-06-07,최종부도 발생
00925453,나무기술,"NAMU TECH CO., LTD.",167380,20181211,2018-12-11,피흡수합병
00960641,한국투자패러랠유전해외자원개발특별자산투자회사1호(지분증권),KIM PARALLEL OILFIELD OVERSEAS RESOURCES DEVELOPMENT SPECIAL ASSET FUND [1](EQUI,168490,20250401,2025-04-01,해산 사유 발생
00954242,하이골드오션12호국제선박투자회사,HI GOLD OCEAN KMARIN NO.12 SHIP INVESTMENT COMPANY,172580,20220103,2022-01-03,신청에 의한 상장폐지
00659684,장원테크,"JangWonTech Co., Ltd.",174880,20260401,2026-01-14,감사의견 한정(감사범위 제한)
00872452,미래오토스,HNT Electronics Company Ltd.,176440,20220725,2022-06-27,기업의 계속성 및 경영의 투명성 등을 종합적을 고려하여 상장폐지기준에 해당한다고 결정
00580180,포인트엔지니어링,"POINT ENGINEERING Co.,Ltd.",176560,20190716,2019-07-16,피흡수합병
00970277,스탠다드펌,"Standard Firm Co., Ltd.",179280,20170630,2015-04-30,감사의견 거절(감사범위 제한 및 계속기업 존속능력에 대한 불확실성)
00872850,비지스틸,"DAWIB HIGHTECH Co.,Ltd.",179440,20220510,2016-07-07,상장폐지 신청('16.6.14)
00861720,이즈미디어,"isMedia Co., Ltd",181340,20250103,2024-07-10,감사범위 제한
00810531,자원메디칼,"JAWON MEDICAL CO., LTD.",181980,20170630,2015-04-15,상장폐지 신청('15.03.23)
00411905,테라셈,"TerraSem Co., Ltd.",182690,20221017,2022-10-17,감사의견 거절(감사범위 제한)
00989327,엘피케이로보틱스,"LPK ROBOTICS Co.,Ltd.",183350,20260309,2020-06-17,"외부감사인의 감사의견 거절(감사범위 제한), 감사의견 한정(감사범위 제한)"
00764807,골프존클라우드,"GolfzonCloud Co.,Ltd.",183410,20250227,2024-02-22,타법인의 완전자회사로 편입
00893923,이푸른,"Egreen Co., LTD.",185280,20200228,2016-12-05,지정자문인 선임계약 해지 후 30일이내 미체결(2016.11.21限)
00991012,판타지오,"Fantagio Co., LTD",187770,20170630,2014-11-10,피흡수합병
00961136,씨티네트웍스,"ctnetworks Co., Ltd.",189540,20200512,2020-05-12,감사의견 거절(계속기업 존속능력에 대한 불확실성)
00632331,디피앤케이,"Design Power & Korea Co., Ltd.",189700,20171220,2017-08-31,지정자문인 선임계약 해지 후 30일이내 미체결(2017.08.17限)
00967778,나이코,"NYCO CO.,LTD.",192240,20170630,2016-12-23,상장폐지 신청('16.12.9)
01030132,경남은행,"Kyongnam Bank Co., Ltd.",192520,20250530,2015-06-23,지주회사(최대주주등)의 완전자회사화 등
01028164,광주은행,"The Kwangju Bank, Ltd.",192530,20260301,2018-10-26,지주회사(최대주주등)의 완전자회사화 등
00977696,넥스쳐,NEXTURE Corporation,194510,20260303,2020-09-09,감사의견거절(감사범위 제한)
01011562,우성아이비,"WOOSUNG  I.B.CO., LTD.",194610,20260331,2018-10-12,감사의견거절(감사범위 제한 및 계속기업 존속능력에 대한 불확실성)
00992312,에스와이이노베이션,"SY Innovation Co., Ltd.",194860,20170630,2017-04-12,감사의견 거절(감사범위제한)
01113949,퓨전,"Fusion Co.,Ltd",195440,20221212,2021-06-10,감사의견 거절(감사범위 제한 및 계속기업 존속능력에 대한 불확실성)
00601641,리드,LEED Corporation,197210,20201126,2020-05-14,기업의 계속성 및 경영의 투명성 등을 종합적으로 고려하여 상장폐지기준에 해당한다고 결정
00929778,배터리솔루션즈,"Battery Solutions Co.,Ltd",199870,20240723,2018-03-28,지정자문인 선임계약 해지후 30일이내 미체결(18.3.14限)
01036367,아크솔루션스,Ark Solutions Inc.,203690,20260828,2026-07-08,기업의 계속성 및 경영의 투명성 등을 종합적으로 고려하여 상장폐지기준에 해당한다고 결정
01035289,제이케이리버스톤자기관리부동산투자회사,JK River Stone Real Estate Investment Trust Incorporated,204210,20260612,2026-06-12,"기업의 계속성, 경영의 투명성 및 기타 공익과 투자자 보호 등을 종합적으로 고려하여 상장폐지 기준에 해당한다고 결정"
01038161,대우기업인수목적2호,"DAEWOO SPECIAL PURPOSE ACQUISITION 2 CO., LTD.",204440,20170630,2017-05-29,상장예비심사 청구서 미제출로 관리종목 지정 후 1개월 이내 동 사유 미해소
01046203,로아앤코홀딩스,"Loa & Co Holdings Co., Ltd.",204630,20260609,2026-03-18,감사의견 한정(감사범위 제한)
01043871,케이티비기업인수목적1호,"KTB SPECIAL PURPOSE ACQUISITION COMPANY 1 CO., LTD",204650,20170707,2017-07-07,상장예비심사 청구서 미제출로 관리종목 지정 후 1개월 이내 동 사유 미해소
00410678,다린,"DARIN CO.,LTD.",204690,20200228,2017-08-02,상장폐지 신청('17.07.28)
01041217,현대에이블기업인수목적1호,Hyundai Able 1st Special Purpose Acquisition Company,204760,20170630,2017-06-15,상장예비심사 청구서 미제출로 관리종목 지정 후 1개월 이내 동 사유 미해소
00874195,코썬바이오,"Kosun Bio Co., Ltd.",204990,20240628,2020-08-11,기업의 계속성 및 경영의 투명성 등을 종합적으로 고려하여 상장폐지기준에 해당한다고 결정
01086812,케미메디,KEMIMEDI Co.Ltd,205290,20200526,2020-05-13,외부감사인의 감사의견 의견거절(감사범위 제한)
01046179,골든브릿지제2호기업인수목적,"Goldenbridge No.2 Special Purpose Acquisition Co., LTD",206660,20171020,2017-10-20,상장예비심사 청구서 미제출로 관리종목 지정 후 1개월 이내 동 사유 미해소
00959265,디와이엘엔제이,"DYLNJ Co., Ltd",207230,20180514,2016-07-26,지정자문인 선임계약의 해지한 날의 다음날부터 30일이내(2016.07.12限) 지정자문인 선임계약 미체결
01047567,엔에이치에스엘기업인수목적,"NH SL SPECIAL PURPOSE ACQUISITION CO., LTD.",207720,20171016,2017-10-16,상장예비심사 청구서 미제출로 관리종목 지정 후 1개월 이내 동 사유 미해소
01047929,에스케이제1호기업인수목적,SK No.1 Special Purpose Acquisition Company,207930,20171106,2017-11-06,상장예비심사 청구서 미제출로 관리종목 지정 후 1개월 이내 동 사유 미해소
00972293,파멥신,PharmAbcine Inc.,208340,20260526,2026-01-27,기업의 계속성 및 경영의 투명성 등을 종합적으로 고려하여 상장폐지기준에 해당한다고 결정
01047716,하나머스트3호기업인수목적,Hana Must Third Special Purpose Acquisition Company,208870,20170731,2017-07-31,상장예비심사 청구서 미제출로 관리종목 지정 후 1개월 이내 동 사유 미해소
00656340,소프트캠프,"SOFTCAMP CO., LTD",210610,20200227,2019-12-30,피흡수합병
01015726,미래테크놀로지,"MIRAE TECHNOLOGY, CO., LTD.",213090,20211005,2021-10-05,피흡수합병
00957568,로아앤코,"Loa & Co Co., Ltd.",214310,20250701,2024-12-23,기업의 계속성 및 경영의 투명성 등을 종합적으로 고려하여 상장폐지기준에 해당한다고 결정
00820389,한울비앤씨,"HanulBnC CO.,LTD",214870,20260325,2025-03-31,감사의견 거절(감사범위 제한 및 계속기업가정 불확실성)
01055317,비엔디생활건강,"B&D Life Health CO.,LTD",215050,20230421,2023-04-21,감사의견 의견거절(감사범위제한)
01064315,대우기업인수목적3호,"DAEWOO SPECIAL PURPOSE ACQUISITION 3 CO., LTD.",215580,20171226,2017-12-26,상장예비심사 청구서 미제출로 관리종목 지정 후 1개월 이내 동 사유 미해소
01065536,미래에셋제3호기업인수목적,"MIRAEASSET No.3 SPAC CO.,LTD.",215750,20180104,2018-01-04,상장예비심사 청구서 미제출로 관리종목 지정 후 1개월 이내 동 사유 미해소
00311270,원텍,"WON TECH Co.,Ltd.",216280,20230223,2022-06-30,피흡수합병
01070857,켐온,CHEMON Inc.,217600,20221216,2022-12-16,피흡수합병
01068658,선샤인푸드,Sunshine Food Inc.,217620,20260508,2026-05-08,감사의견 거절(감사범위 제한 및 계속기업 존속능력 불확실성)
01072660,엔에이치기업인수목적7호,"NH SPECIAL PURPOSE ACQUISITION 7 CO., LTD.",217810,20180119,2018-01-19,상장예비심사 청구서 미제출로 관리종목 지정 후 1개월 이내 동 사유 미해소
01075047,키움제3호기업인수목적,Kiwoom No.3 Special Purpose Aquisition Company,218710,20180214,2018-02-14,상장예비심사 청구서 미제출로 관리종목 지정 후 1개월 이내 동 사유 미해소
01080410,골든브릿지제3호기업인수목적,"Goldenbridge No.3 Special Purpose Acquisition Co., LTD.",219580,20180207,2018-02-07,상장예비심사 청구서 미제출로 관리종목 지정 후 1개월 이내 동 사유 미해소
01087079,한화에이스기업인수목적2호,"Hanwha Ace Special Purpose Acquisition 2nd Co., LTD.",219860,20180302,2018-03-02,상장예비심사 청구서 미제출로 관리종목 지정 후 1개월 이내 동 사유 미해소
01089387,유안타제2호기업인수목적,"Yuanta 2 SPECIAL PURPOSE ACQUISITION CO.,LTD.",219960,20180223,2018-02-23,상장예비심사 청구서 미제출로 관리종목 지정 후 1개월 이내 동 사유 미해소
01066030,드림티엔터테인먼트,"Dream T Entertainment Co., Ltd.",220110,20200713,2020-04-10,사업보고서 법정제출기한('20.3.30限)내 미제출
00843830,카이노스메드,"KAINOS MEDICINE, INC.",220250,20200611,2020-06-08,피흡수합병
01089855,맘스터치앤컴퍼니,MOM'S TOUCH&Co.,220630,20240214,2022-05-31,상장폐지 신청('22.03.30)
01089828,유진기업인수목적3호,"EUGENE SPECIAL PURPOSE ACQUISITION 3 CO., LTD.",221200,20180417,2018-04-17,상장예비심사 청구서 미제출로 관리종목 지정 후 1개월 이내 동 사유 미해소
00493431,자안바이오,"JAANHBIO, INC.",221610,20220811,2022-01-05,발행한 어음 또는 수표가 주거래은행에 의하여 최종부도로 결정되거나 거래은행에 의한 거래정지
01076550,주노콜렉션,"JUNO COLLECTION CO.,LTD",221670,20230111,2019-07-16,지정자문인 선임계약 해지 후 30일 이내 미체결(2019.7.2 限)
01089961,케이비드림투게더제3호기업인수목적,"KB Dream Together 3rd Special Purpose Acquisition Co., LTD.",221950,20180330,2018-03-30,상장예비심사 청구서 미제출로 관리종목 지정 후 1개월 이내 동 사유 미해소
01037542,엔피엑스,NPX Inc.,222160,20260707,2026-07-07,기업의 계속성 및 경영의 투명성 등을 종합적으로 고려하여 상장폐지기준에 해당한다고 결정
01090301,케이비제8호기업인수목적,KB No.8 Special Purpose Acquistion Company,222390,20180313,2018-03-13,상장예비심사 청구서 미제출로 관리종목 지정 후 1개월 이내 동 사유 미해소
01022054,솔트웍스,"Soltworks Co., Ltd.",222520,20170630,2016-12-05,피흡수합병
01091382,세토피아,"Setopia Co.,Ltd.",222810,20260316,2026-03-16,감사의견 거절(계속기업 존속능력 불확실성)
01091391,교보5호기업인수목적,Kyobo 5 Special Purpose Acquisition Company,223040,20180330,2018-03-30,상장예비심사 청구서 미제출로 관리종목 지정 후 1개월 이내 동 사유 미해소
00878517,에스케이씨에스,"SKCS CO.,LTD.",224020,20240329,2024-03-29,피흡수합병
00659435,정다운,"JUNGDAWN Co.,Ltd.",224090,20170630,2016-06-29,피흡수합병
01137897,에스지에이클라우드서비스,"SGA CloudService Co., Ltd.",224880,20210804,2021-05-06,분산요건 미달
00914040,씨엠에스에듀,"CMS Edu Co., Ltd.",225330,20220317,2022-03-17,피흡수합병
01094565,이베스트기업인수목적3호,EBEST SPECIAL PURPOSE ACQUISITION 3 COMPANY,225440,20180528,2018-05-28,상장예비심사 청구서 미제출로 관리종목 지정 후 1개월 이내 동 사유 미해소
01102095,쿠첸,"Cuchen Co., Ltd.",225650,20230220,2019-09-16,타법인의 완전자회사로 편입
00866594,미애부,"Miev Co., Ltd.",225850,20220629,2022-04-27,감사의견 의견거절(감사범위제한 및 계속기업 존속불확실성)
01116274,엠앤씨생명과학,"M&C Life Science Co., Ltd.",225860,20220629,2022-04-27,감사의견 의견거절(감사범위제한 및 계속기업 존속불확실성)
00809517,아이엠텍,IM Tech Inc.,226350,20221209,2021-06-11,감사의견 거절(감사범위 제한)
01097906,케이에이치건설,"KH Construction Co., Ltd.",226360,20260114,2026-01-14,감사의견 거절(감사범위 제한)
01101722,시스네오텍,"SYSNEOTECH CO.,LTD.",226440,20260313,2025-06-19,기업의 계속성 및 경영의 투명성 등을 종합적으로 고려하여 상장폐지기준에 해당한다고 결정
01051339,한국비엔씨,BNC Korea Co. Ltd,226610,20191203,2019-12-03,피흡수합병
01102800,키움제4호기업인수목적,Kiwoom No.4 Special Purpose Acquisition Company,226850,20180605,2018-06-05,상장예비심사 청구서 미제출로 관리종목 지정 후 1개월 이내 동 사유 미해소
01207761,프로브잇,"Prove it Co., Ltd.",227100,20260701,2026-07-01,기업의 계속성 및 경영의 투명성 등을 종합적으로 고려하여 상장폐지기준에 해당한다고 결정
01067242,비엘사이언스,TCM BIOSCIENCES INC.,228180,20220817,2020-08-07,포괄적 주식교환에 따른 상장폐지 신청('20.7.17)
01095397,줌인터넷,ZUM internet Corp.,229480,20190610,2019-06-10,피흡수합병
01029394,에코마케팅,"ECHOMARKETING Co.,Ltd.",230360,20260630,2026-06-30,타법인의 완전자회사로 편입
00921475,자비스,"XAVIS CO., Ltd.",230400,20191115,2019-11-15,피흡수합병
01109186,동부제4호기업인수목적,"Dongbu 4th Special Purpose Acquisition Co.,Ltd.",230490,20180726,2018-07-26,상장예비심사 청구서 미제출로 관리종목 지정 후 1개월 이내 동 사유 미해소
01110076,비유테크놀러지,B.U Technology,230980,20260605,2026-06-05,감사의견 거절(감사범위 제한 및 계속기업 존속능력 불확실성)
01111020,케이비제9호기업인수목적,KB No.9 Special Purpose Acquisition Company,232270,20181012,2018-10-12,상장예비심사 청구서 미제출로 관리종목 지정 후 1개월 이내 동 사유 미해소
01111057,에스지에이시스템즈,"SGA SYSTEMS Co., Ltd.",232290,20171222,2017-12-22,피흡수합병
01111570,에스케이제3호기업인수목적,"SK NO.3 SPECIAL PURPOSE ACQUISITION CO., LTD.",232330,20190830,2019-08-30,상장예비심사 청구서 미제출로 관리종목 지정 후 1개월 이내 동 사유 미해소
00318538,아스팩오일,"ASPACOIL Co.,Ltd",232360,20170725,2017-07-25,지정자문인 선임계약 해지 후 30일이내 미체결(2017.07.11限)
00653112,미래자원엠엘,"MILAE RESOURCES ML CO., LTD.",233190,20240628,2017-12-28,피흡수합병
01117103,하이에이아이1호기업인수목적,HI AI 1ST Special Purpose Acquisition Company,235010,20181012,2018-10-12,상장예비심사 청구서 미제출로 관리종목 지정 후 1개월 이내 동 사유 미해소
01095892,태경피엔에스,"TAEKYUNG PNS CO.,LTD",235090,20180801,2018-05-09,감사의견 거절(감사범위 제한)
01090921,케이엠제약,"KM PHARMACY CO.,LTD.",237720,20180928,2018-09-28,피흡수합병
01011872,엔에스엠,"NSM CO.,LTD.",238170,20260326,2026-03-26,피흡수합병
01117592,인터코스,"Interkos Co.,Ltd",240340,20220517,2022-05-17,외부감사인의 감사의견 의견거절
01130937,한국제4호기업인수목적,"Korea No.4 Special Purpose Acquisition Co., LTD.",240540,20190129,2019-01-29,상장예비심사 청구서 미제출로 관리종목 지정 후 1개월 이내 동 사유 미해소
01119387,이에스산업,"ES INDUSTRY CO.,LTD",241510,20240628,2021-01-26,지정자문인 선임계약 해지 후 30일 이내 미체결(2021.1.13 限)
00990563,피엔아이컴퍼니,"PNIcompany.Co.,Ltd.",242350,20230918,2023-09-18,지정자문인 선임계약 해지 후 30일 이내 미체결(2023.9.4 限)
01119217,본느,"Bonne Co., Ltd.",242420,20190521,2018-10-29,피흡수합병
01113781,영현무역,"YOUNG HYUN TRADING Co.,Ltd.",242850,20190827,2019-05-22,지정자문인 선임계약 해지 후 30일 이내 미체결(2019.5.8 限)
00664288,스페이스솔루션,SPACE SOLUTION INC.,245030,20240214,2019-02-27,상장폐지 신청('19.1.25)
01115257,시냅스엠,SCENAPPSM inc.,246830,20180514,2018-05-14,감사의견 거절(계속기업 존속능력에 대한 불확실성)
01113277,인프라웨어테크놀러지,"INFRAWARE TECHNOLOGY, INC",247300,20191206,2019-12-06,피흡수합병
01169498,젬,ZAMLED,248020,20240405,2024-04-05,외부감사인의 감사의견 의견거절
01018954,제이에스피브이,"JSPV Co.,Ltd.",250300,20191210,2019-03-04,지정자문인 선임계약 해지 후 30일이내 미체결(2019.2.1 限)
01117495,에스와이제이,"SYJ Co., Ltd.",251540,20190402,2018-09-07,감사의견 거절(감사범위 제한)
00814810,엠에프엠코리아,"MFM KOREA Co., Ltd.",251960,20201230,2020-12-30,피흡수합병
01063963,유쎌,YOUCEL Inc,252370,20200227,2020-02-27,지정자문인 선임계약 해지 후 30일 이내 미체결(2020.2.13 限)
01111765,에스엠로보틱스,SMROBOTICS Inc.,252940,20180425,2018-04-25,감사의견 거절(감사범위 제한 및 계속기업 존속능력에 대한 불확실성)
01010572,패션플랫폼,"Fashion Platform Co.,Ltd.",256090,20180213,2018-02-13,피흡수합병
01179839,신한제3호기업인수목적,"Shinhan 3rd Special Purpose Acquisition Co., Ltd.",257730,20191001,2019-10-01,상장예비심사 청구서 미제출로 관리종목 지정 후 1개월 이내 동 사유 미해소
00425254,나우코스,"NOWCOS CO., LTD",257990,20260601,2026-06-01,타법인의 완전자회사로 편입
01117918,셀젠텍,"CELLGENTEK Co., Ltd",258250,20240830,2024-08-30,지정자문인 선임계약 해지 후 30일 이내 미체결(2024.8.16 限)
01109122,에스엘테라퓨틱스,"SL Therapeutics, Inc.",258540,20250507,2025-05-07,감사의견 의견거절
01018167,캐로스,"CAROS CO., LTD.",260490,20240628,2017-11-29,지정자문인 선임계약 해지 후 30일이내 미체결(2017.11.15限)
01212383,엔케이맥스,"NKMAX Co.,Ltd.",262760,20240628,2019-07-04,피흡수합병
01194759,대신밸런스제4호기업인수목적,"Daishin Balance 4th Special Purpose Acquisition Co., Ltd.",262830,20191010,2019-10-10,상장예비심사 청구서 미제출로 관리종목 지정 후 1개월 이내 동 사유 미해소
00971090,어스앤에어로스페이스,Earth & Aerospace Manufacturing Ind. Co. Ltd,263540,20260604,2024-11-06,기업의 계속성 및 경영의 투명성 등을 종합적으로 고려하여 상장폐지기준에 해당한다고 결정
01197428,한화에이스기업인수목적3호,"Hanwha Ace Special Purpose Acquisition 3rd Co., LTD.",264290,20191206,2019-12-06,상장예비심사 청구서 미제출로 관리종목 지정 후 1개월 이내 동 사유 미해소
01199985,미래에셋대우기업인수목적1호,"MIRAE ASSET DAEWOO SPECIAL  PURPOSE ACQUISITION 1 CO., LTD.",265480,20200103,2020-01-03,상장예비심사 청구서 미제출로 관리종목 지정 후 1개월 이내 동 사유 미해소
01201581,한화수성기업인수목적,"Hanwha Susung Special Purpose Acquisition CO,.LTD",265920,20200115,2020-01-15,상장예비심사 청구서 미제출로 관리종목 지정후 1개월 이내 동사유를 미해소
01190780,파워풀엑스,"Power Fulx Co., Ltd.",266870,20251229,2025-12-29,지정자문인 선임계약 해지 후 30일 이내 미체결('25.12.12限)
01190513,명진홀딩스,"Myungjin Holdings.,Corp.",267060,20230418,2023-04-18,지정자문인 선임계약 해지 후 30일 이내 미체결(2023.4.4 限)
01187865,앙츠,"Antz. Co., Ltd",267810,20230404,2023-04-04,지정자문인 선임계약 해지 후 30일 이내 미체결(2023.3.21 限)
01182444,셀리버리,"Cellivery Therapeutics, Inc.",268600,20250610,2025-03-07,감사의견 거절(감사범위 제한 및 계속기업 가정 불확실성)
01188378,시스웍,"SYSWORK CO., LTD",269620,20260825,2026-08-25,감사의견 거절(계속기업 존속능력 불확실성)
01183407,이십일스토어,"21store Co.,Ltd",270020,20220414,2022-04-14,사업보고서 법정제출기한('22.3.31限) 내 미제출
01194892,알로이스,ALOYS Inc.,271400,20200227,2019-10-01,피흡수합병
01234525,한국제5호기업인수목적,"Korea No.5 Special Purpose Acquisition Company Co., LTD.",271740,20200303,2020-03-03,상장예비심사 청구서 미제출로 관리종목 지정 후 1개월 이내 동 사유 미해소
01221947,비엔에프머티리얼즈,BNF CORPORATION LTD.,271780,20240308,2020-11-05,상장폐지 신청('20.10.13)
01163050,다이오진,"DIOGENE CO., LTD",271850,20230412,2023-04-12,지정자문인 선임계약 해지 후 30일 이내 미체결(2023.3.29 限)
01088458,극동자동화,Kukdong Automation,272420,20190212,2018-11-15,상장폐지 신청('18.11.5)
01243550,아이비케이에스제7호기업인수목적,IBKS No.7 Special Purpose Acquisition Company,276920,20200618,2020-06-18,상장예비심사 청구서 미제출로 관리종목 지정 후 1개월 이내 동 사유 미해소
01243772,신한제4호기업인수목적,"Shinhan 4th Special Purpose Acquisition CO.,LTD",277480,20200820,2020-08-20,상장예비심사 청구서 미제출로 관리종목 지정 후 1개월 이내 동 사유 미해소
01138993,원바이오젠,"Wonbiogen Co., Ltd.",278380,20240628,2021-02-09,피흡수합병
01353848,이노벡스,INNOVEX Company Limited,279060,20260918,2026-09-18,지정자문인 선임계약 해지 후 30일 이내 미체결('26.09.04限)
01247918,한화에이스기업인수목적4호,"Hanwha Ace Special Purpose Acquisition 4th CO., Ltd.",279410,20200703,2020-07-03,상장예비심사 청구서 미제출로 관리종목 지정 후 1개월 이내 동 사유 미해소
01186671,바이오시네틱스,"Bio-Synectics, Inc.",281310,20230612,2023-06-12,외부감사인의 감사의견 의견거절
01257526,한국제6호기업인수목적,"Korea No.6 Special Purpose Acquisition Co., LTD.",281410,20200727,2020-07-27,상장예비심사 청구서 미제출로 관리종목 지정 후 1개월 이내 동 사유 미해소
01262458,동아타이어공업,"DONG AH TIRE & RUBBER CO.,LTD",282690,20241008,2024-10-08,해산 사유 발생
01332137,노보믹스,"Novomics Co., Ltd.",283100,20260604,2025-05-28,외부감사인의 감사의견 의견거절
01148909,휴럼,"Hurum Co., Ltd.",284420,20240628,2021-07-27,피흡수합병
01186811,티에스트릴리온,"TS Trillion Co., Ltd.",284610,20201230,2020-12-30,피흡수합병
01187175,라이프사이언스테크놀로지,Life Science Technology Inc.,285770,20230612,2023-06-12,외부감사인의 감사의견 의견거절
01114559,씨엔티드림,CNT Dream  CO. LTD.,286000,20241007,2024-10-07,외부감사인의 감사의견 의견거절
01267602,제이시스메디칼,Jeisys Medical Inc.,287410,20251013,2024-11-07,타법인의 완전자회사로 편입
01267550,나라소프트,"NARASOFT Co.,Ltd.",288490,20260209,2026-02-09,지정자문인 선임계약 해지 후 30일 이내 미체결
00945776,지슨,"GITSN, Inc.",289860,20250814,2025-08-14,피흡수합병
00384948,대유,"DAEYU CO., LTD.",290380,20260512,2025-08-21,기업의 계속성 및 경영의 투명성 등을 종합적으로 고려하여 상장폐지기준에 해당한다고 결정
00540340,코리아센터,"Koreacenter Co.,Ltd.",290510,20221216,2022-12-16,피흡수합병
01277928,한국제7호기업인수목적,"Korea No.7 Special Purpose Acquisition Co., LTD.",291210,20210115,2021-01-15,상장예비심사 청구서 미제출로 관리종목 지정 후 1개월 이내 동사유 미해소
00682992,우리벤처파트너스,"Woori Venture Partners Co., Ltd.",298870,20250227,2023-08-28,타법인의 완전자회사로 편입
01203507,에스엠비나,"SMVINA Co.,Ltd.",299670,20240816,2024-08-16,지정자문인 선임계약 해지 후 30일 이내 미체결(2024.8.1 限)
01276327,위지윅스튜디오,"WYSIWYG STUDIOS CO., LTD.",299900,20260818,2026-08-18,피흡수합병
01259056,애닉,Anic Inc.,299910,20250214,2025-02-14,기업의 계속성 및 경영의 투명성 등을 종합적으로 고려하여 상장폐지기준에 해당한다고 결정
01336285,에스케이에이씨피씨제4호기업인수목적,"SK ACPC NO.4 SPECIAL PURPOSE ACQUISITION CO., LTD.",307070,20210713,2021-07-13,상장예비심사 청구서 미제출로 관리종목 지정 후 1개월 이내 동사유 미해소
01326260,하나머스트제6호기업인수목적,Hana Must Sixth Special Purpose Acquisition Company,307160,20210708,2021-07-08,상장예비심사 청구서 미제출로 관리종목 지정 후 1개월 이내 동사유 미해소
01016886,테크엔,"TECHEN Co.,Ltd",308700,20260415,2026-01-14,지정자문인 선임계약 해지 후 30일 이내 미체결(2025.5.15限)
01350638,티티씨디펜스,"TTC Defence, INC.",309900,20220616,2022-06-16,외부감사인의 감사의견 의견거절
01336391,엔에이치기업인수목적13호,"NH SPECIAL PURPOSE ACQUISITION 13 CO., LTD.",310840,20210923,2021-09-23,상장예비심사청구서 미제출
01337220,키움제5호기업인수목적,Kiwoom No.5 Special Purpose Acquisition Company,311270,20210916,2021-08-02,상장예비심사 청구서 미제출로 관리종목 지정 후 1개월 이내 동사유 미해소
01195828,대원모방,"DAEWON WOOL TEXTILE Co., Ltd.",311840,20260303,2020-02-27,지정자문인 선임계약 해지 후 30일 이내 미체결(2020.2.13 限)
01343920,유안타제4호기업인수목적,"Yuanta 4 SPECIAL PURPOSE ACQUISITION Co., LTD.",313750,20211207,2021-12-07,상장예비심사 청구서 미제출로 관리종목 지정 후 1개월 이내 동사유 미해소
01351114,케이비제17호기업인수목적,KB No.17 Special Purpose Acquisition Company,317030,20211104,2021-11-04,상장예비심사 청구서 미제출로 관리종목 지정 후 1개월 이내 동사유 미해소
01351822,한화에스비아이기업인수목적,"Hanwha Sbi Special Purpose Acquisition Co., Ltd.",317320,20211207,2021-12-07,상장예비심사 청구서 미제출로 관리종목 지정 후 1개월 이내 동 사유 미해소
01412938,베른,VERNE INC.,322190,20240425,2024-04-25,감사의견 의견거절(감사범위제한)
01366365,이베스트이안기업인수목적1호,Ebest Ian Special Purpose Aquisition 1 Company,323210,20220217,2022-02-17,상장예비심사 청구서 미제출로 관리종목 지정 후 1개월 이내 동사유 미해소
01384477,엠에프엠코리아,"MFM KOREA Co., Ltd.",323230,20250619,2025-06-19,기업의 계속성 및 경영의 투명성 등을 종합적으로 고려하여 상장폐지기준에 해당한다고 결정
01371312,케이비제18호기업인수목적,KB No.18 Special Purpose Acquisition Company,323940,20220204,2022-02-04,상장예비심사 청구서 미제출로 관리종목 지정 후 1개월 이내 동사유 미해소
01336735,펨토바이오메드,Femtobiomed Inc.,327610,20260825,2026-08-25,지정자문인 선임계약 해지 후 30일 이내 미체결('26.08.10限)
01344752,케어룸의료산업,"KAREROOM MEDICAL EQUIPMENT CO.,LTD.",327970,20230222,2022-03-11,상장폐지 신청
01388631,오션스톤,"Ocean Stone Corp,.",329020,20230216,2022-12-27,지정자문인 선임계약 해지 후 30일 이내 미체결(2022.12.13 限)
01337114,구스앤홈,"GOOSE & HOME Co., Ltd",329050,20210413,2021-04-13,사업보고서 법정제출기한('21.3.31限)내 미제출
01390876,상상인이안제2호기업인수목적,Sangsangin Ian No.2 Special Purpose Acquisition Company,329560,20220404,2022-04-04,상장예비심사 청구서 미제출로 관리종목 지정 후 1개월 이내 동사유 미해소
01393299,케이비제19호기업인수목적,"KB No.19 Special Purpose Acquisition Company Co., Ltd.",330990,20220509,2022-05-09,상장예비심사 청구서 미제출로 관리종목 지정 후 1개월 이내 동사유 미해소
01395279,하나금융14호기업인수목적,Hana Financial Fourteen Special Purpose Acquisition Company,332710,20220926,2022-09-26,상장예비심사 청구서 미제출로 관리종목 지정 후 1개월 이내 동사유 미해소
01406618,비올메디컬,"VIOL Medical Co., Ltd.",335890,20260223,2025-12-10,상장폐지 신청('25.11.06)
01414361,에스케이제5호기업인수목적,SK NO.5 SPECIAL PURPOSE ACQUISITION,337450,20221018,2022-10-18,피흡수합병(스팩소멸합병)
01414370,하이제5호기업인수목적,HI Special Purpose Acquisitoin Company V,340120,20220728,2022-07-28,상장예비심사 청구서 미제출로 관리종목 지정 후 1개월 이내 동사유 미해소
01414936,에스케이제6호기업인수목적,SK NO.6 SPECIAL PURPOSE ACQUISITION COMPANY,340350,20221018,2022-10-18,상장예비심사 청구서 미제출로 관리종목 지정 후 1개월 이내 동 사유 미해소
01416457,하나금융15호기업인수목적,Hana Financial Fifteenth Special Purpose Acquisition Company,341160,20221223,2022-12-23,피흡수합병(스팩소멸합병)
01337017,이앤에치,"E&H Co., Ltd.",341310,20260227,2026-02-24,지정자문인 선임계약 해지 후 30일 이내 미체결('26.2.5限)
01418543,케이비제20호기업인수목적,KB No.20 Special Purpose Acquisition Company,342550,20221229,2022-12-29,피흡수합병(스팩소멸합병)
01413371,에이치엘비사이언스,HLB SCIENCE Inc.,343090,20260116,2026-01-16,피흡수합병
01419384,하나금융16호기업인수목적,Hana Financial Sixteenth Special Purpose Acquisition Company,343510,20230302,2023-03-02,상장예비심사 청구서 미제출로 관리종목 지정 후 1개월 이내 동 사유 미해소
01419986,신영해피투모로우제6호기업인수목적,Shinyoung HappyTomorrow No.6 Special Purpose Acquisition,344050,20230217,2023-02-17,피흡수합병(스팩소멸합병)
01428249,케이프이에스제4호기업인수목적,CAPE-ES No.4 Special Purpose Acquisition Company,347140,20221031,2022-10-31,상장예비심사 청구서 미제출로 관리종목 지정 후 1개월 이내 동 사유 미해소
01343735,데이드림엔터테인먼트,"Daydream Entertainment Co., Ltd.",348840,20230810,2023-08-10,상장폐지 신청
01436336,이베스트기업인수목적5호,Ebest Special Purpose Acquisition No5 Company,349720,20221226,2022-12-26,상장예비심사 청구서 미제출로 관리종목 지정 후 1개월 이내 동 사유 미해소
01440481,아이비케이에스제13호기업인수목적,IBKS No.13 Special Purpose Acquisition Company,351340,20230221,2023-02-21,상장예비심사 청구서 미제출로 관리종목 지정 후 1개월 이내 동 사유 미해소
01447244,에이치엠씨아이비제5호기업인수목적,HMCIB NO.5 Special Purpose Acquisition Company,353060,20230922,2023-09-22,상장예비심사 청구서 미제출로 관리종목 지정 후 1개월 이내 동 사유 미해소
01447217,에이치엠씨아이비제4호기업인수목적,HMCIB No.4 Special Purpose Acquisition Company,353070,20230310,2023-03-10,상장예비심사 청구서 미제출로 관리종목 지정 후 1개월 이내 동 사유 미해소
01450105,미래에셋대우기업인수목적5호,MIRAE ASSET DAEWOO SPECIAL PURPOSE ACQUISITION 5 COMPANY,353490,20230517,2023-05-17,상장예비심사 청구서 미제출로 관리종목 지정 후 1개월 이내 동 사유 미해소
01418260,폭스소프트,"foxSoft Co., Ltd.",354230,20230111,2021-09-01,지정자문인 선임계약 해지 후 30일 이내 미체결(2021.8.18 限)
01514528,신한제7호기업인수목적,Shinhan 7th Special Purpose Acquisition Company,366330,20230918,2023-09-18,피흡수합병(스팩소멸합병)
01505450,디비금융제8호기업인수목적,"DB Finance No.8 Special Purpose Acquisition Co., Ltd.",367340,20230717,2023-07-17,상장예비심사 청구서 미제출로 관리종목 지정 후 1개월 이내 동 사유 미해소
01505469,디비금융제9호기업인수목적,"DB Finance No.9 Special Purpose Acquisition Co., Ltd.",367360,20231124,2023-11-24,피흡수합병(스팩소멸합병)
01504804,유안타제7호기업인수목적,Yuanta 7 SPECIAL PURPOSE ACQUISITION COMPANY,367460,20221208,2022-12-08,피흡수합병(스팩소멸합병)
01504910,유안타제8호기업인수목적,Yuanta 8 SPECIAL PURPOSE ACQUISITION COMPANY,367480,20230908,2023-09-08,피흡수합병(스팩소멸합병)
01467336,창대정밀,CHANGDAE Precision,368030,20260514,2026-05-14,감사의견 한정(감사범위 제한)
01513404,하나머스트7호기업인수목적,Hana Must Seven Special Purpose Acquisition Company,372290,20240219,2024-02-19,피흡수합병(스팩소멸합병)
01514519,유진기업인수목적6호,"EUGENE SPECIAL PURPOSE ACQUISITION 6 COMPANY Co., Ltd.",373340,20231213,2023-12-13,상장예비심사 청구서 미제출로 관리종목 지정 후 1개월 이내 동 사유 미해소
00527011,엘비루셈,"LB Lusem Co., Ltd.",376190,20250221,2025-02-21,피흡수합병
01526949,하이제6호기업인수목적,HI Special Purpose Acquisition Company VI,377400,20240125,2024-01-25,피흡수합병(스팩소멸합병)
01528530,삼성기업인수목적4호,SAMSUNG SPECIAL PURPOSE ACQUISITION 4 COMPANY,377630,20231227,2023-12-27,상장예비심사 청구서 미제출로 관리종목 지정 후 1개월 이내 동 사유 미해소
01534522,삼성머스트기업인수목적5호,SAMSUNG MUST SPECIAL PURPOSE ACQUISITION 5 COMPANY,380320,20240123,2024-01-23,상장예비심사 청구서 미제출로 관리종목 지정 후 1개월 이내 동 사유 미해소
01535257,엔에이치기업인수목적19호,NH SPECIAL PURPOSE ACQUISITION 19 COMPANY,380440,20240102,2024-01-02,SPAC 상장예비심사청구서 미제출 등
01572489,한화플러스제2호기업인수목적,Hanwha Plus No 2 Special Purpose Acquisiton Company,386580,20240617,2024-06-17,상장예비심사 청구서 미제출로 관리종목 지정 후 1개월 이내 동 사유 미해소
01567520,대신밸런스제10호기업인수목적,Daishin Balance No.10 Special Purpose Acquisition Company,387310,20230316,2023-03-16,피흡수합병(스팩소멸합병)
01568875,하나금융19호기업인수목적,Hana Financial Nineteen Special Purpose Acquisition Company,388220,20230523,2023-05-23,피흡수합병(스팩소멸합병)
01569838,유진기업인수목적7호,EUGENE SPECIAL PURPOSE ACQUISITION 7 COMPANY,388800,20240702,2024-07-02,상장예비심사청구서 미제출로 관리종목 지정 후 1개월 이내 동 사유 미해소
01573974,엔에이치기업인수목적20호,NH SPECIAL PURPOSE ACQUISITION 20 COMPANY,391060,20240514,2024-05-14,상장예비심사 청구서 미제출로 관리종목 지정 후 1개월 이내 동사유 미해소
01574760,신한제8호기업인수목적,Shinhan 8th Special Purpose Acquisition Company,393360,20240430,2024-04-30,합병상장예비심사신청서 미제출로 관리종목 지정 후 1개월 이내 동 사유 미해소
01576713,엔에이치기업인수목적22호,NH SPECIAL PURPOSE ACQUISITION 22 COMPANY,396770,20230428,2023-04-28,피흡수합병(스팩소멸합병)
01580178,대신밸런스제11호기업인수목적,Daishin Balance No.11 Special Purpose Acquisition Company,397500,20230309,2023-03-09,피흡수합병(스팩소멸합병)
01582228,교보11호기업인수목적,Kyobo 11 Special Purpose Acquisition Company,397880,20240325,2024-03-25,피흡수합병(스팩소멸합병)
01583397,하나금융20호기업인수목적,Hana Financial Twenty Special Purpose Acquisition Company,400560,20230919,2023-09-19,피흡수합병(스팩소멸합병)
01586172,하이제7호기업인수목적,HI Special Purpose Acquisition Company VII,400840,20240726,2024-07-26,상장예비심사 청구서 미제출로 관리종목 지정 후 1개월 이내 동 사유 미해소
01591262,디비금융제10호기업인수목적,"DB Finance No.10 Special Purpose Acquisition Co., Ltd.",404950,20240104,2024-01-04,피흡수합병(스팩소멸합병)
01591606,아이비케이에스제17호기업인수목적,IBKS No. 17 Special Purpose Acquisition  Company,405350,20231103,2023-11-03,피흡수합병(스팩소멸합병)
01594764,신한제9호기업인수목적,Shinhan 9th Special Purpose Acquisition Company,405640,20240611,2024-06-11,피흡수합병(스팩소멸합병)
01593242,하나금융21호기업인수목적,Hana Financial Twenty-one SPAC,406760,20241226,2024-12-26,피흡수합병(스팩소멸합병)
01596665,한국제10호기업인수목적,"Korea No.10 Special Purpose Acquisition Co., LTD.",409570,20230831,2023-08-31,피흡수합병(스팩소멸합병)
01601286,미래에셋비전기업인수목적1호,Mirae Asset Vision Special Purpose Acquisition 1 Company,412930,20250121,2025-01-21,피흡수합병(스팩소멸합병)
01616808,키움제6호기업인수목적,Kiwoom No. 6 Special Purpose Acquisition Company,413600,20250228,2025-02-28,피흡수합병(스팩소멸합병)
01604371,상상인제3호기업인수목적,Sangsangin No.3 Special Purpose Acquisition Company,415580,20241204,2024-12-04,합병상장예비심사신청서 미제출로 관리종목 지정 후 1개월 이내 동 사유 미해소
01613281,하나금융22호기업인수목적,Hana Financial Twenty-two SPAC,418170,20241219,2024-12-19,피흡수합병(스팩소멸합병)
01616482,신한제10호기업인수목적,Shinhan 10th Special Purpose Acquisition Company,418210,20250404,2025-04-04,합병상장예비심사신청서 미제출로 관리종목 지정 후 1개월 이내 동 사유 미해소
01612608,신영해피투모로우제7호기업인수목적,Shinyoung HappyTomorrow No.7 Special Purpose Acquisition Company,419270,20240425,2024-04-25,피흡수합병(스팩소멸합병)
01695498,이브이파킹서비스,"EVPS Co., Ltd.",419700,20241212,2024-12-12,지정자문인 선임계약 해지 후 30일 이내 미체결('24.11.28限)
01620713,교보12호기업인수목적,Kyobo 12 Special Purpose Acquisition Company,421800,20241119,2024-11-19,피흡수합병(스팩소멸합병)
01619513,엔에이치기업인수목적23호,NH SPECIAL PURPOSE ACQUISITION 23 COMPANY,422040,20250210,2025-02-10,상장예비심사 청구서 미제출로 관리종목 지정 후 1개월 이내 동사유 미해소
01621280,케이비제21호기업인수목적,"KB No.21 Special Purpose Acquisition Company Co., Ltd.",424140,20250204,2025-02-04,상장예비심사 청구서 미제출로 관리종목 지정 후 1개월 이내 동 사유 미해소
01624162,삼성기업인수목적6호,SAMSUNG SPECIAL PURPOSE ACQUISITION 6 COMPANY,425290,20250211,2025-02-11,상장예비심사 청구서 미제출로 관리종목 지정 후 1개월 이내 동사유 미해소
01632851,아이비케이에스제19호기업인수목적,IBKS No.19 Special Purpose Acquisition Company,426550,20240215,2024-02-15,피흡수합병(스팩소멸합병)
01631658,대신밸런스제12호기업인수목적,Daishin Balance No.12 Special Purpose Acquisition Company,426670,20230420,2023-04-20,피흡수합병(스팩소멸합병)
01652970,하나금융23호기업인수목적,Hana Financial Twenty-three SPAC,427950,20240201,2024-02-01,피흡수합병(스팩소멸합병)
01656374,신영해피투모로우제8호기업인수목적,Shinyoung HappyTomorrow No.8 Special Purpose Acquisition,430220,20250822,2025-08-22,피흡수합병(스팩소멸합병)
01658266,하나금융24호기업인수목적,Hana Financial Twenty-four SPAC,430230,20240903,2024-09-03,피흡수합병(스팩소멸합병)
01663055,한화플러스제3호기업인수목적,Hanwha Plus No 3 Special Purpose Acquisition Company,430460,20241213,2024-12-13,피흡수합병(스팩소멸합병)
01663639,유안타제9호기업인수목적,Yuanta 9 SPECIAL PURPOSE ACQUISITION COMPANY,430700,20250317,2025-03-17,합병상장예비심사신청서 미제출로 관리종목 지정 후 1개월 이내 동 사유 미해소
01667592,키움제7호기업인수목적,Kiwoom No.7 Special Purpose Acquisition Company,433530,20250307,2025-03-07,피흡수합병(스팩소멸합병)
01670675,유안타제10호기업인수목적,Yuanta 10 SPECIAL PURPOSE ACQUISITION COMPANY,435380,20250514,2025-05-14,합병상장예비심사신청서 미제출로 관리종목 지정 후 1개월 이내 동 사유 미해소
01669475,하나금융25호기업인수목적,Hana Financial Twenty-five SPAC,435620,20250526,2025-05-26,상장예비심사 청구서 미제출로 관리종목 지정 후 1개월 이내 동사유 미해소
01671197,에스케이증권제8호기업인수목적,SK Securities No.8 Special Purpose Acquisition Company,435870,20250516,2025-05-16,합병상장예비심사신청서 미제출로 관리종목 지정 후 1개월 이내 동 사유 미해소
01672053,케이비제22호기업인수목적,KB No.22 Special Purpose Acquisition Company,436530,20240503,2024-05-03,피흡수합병(스팩소멸합병)
01672114,한국제11호기업인수목적,"Korea No.11 Special Purpose Acquisition Co., LTD.",436610,20240927,2024-09-27,피흡수합병(스팩소멸합병)
01674538,엔에이치기업인수목적24호,NH SPECIAL PURPOSE ACQUISITION 24 COMPANY,437780,20250526,2025-05-26,합병상장예비심사신청서 미제출로 관리종목 지정 후 1개월 이내 동 사유 미해소
01675014,대신밸런스제13호기업인수목적,Daishin Balance No.13 Special Purpose Acqusition Company,438220,20241120,2024-11-20,피흡수합병(스팩소멸합병)
01674468,엔에이치기업인수목적25호,NH SPECIAL PURPOSE ACQUISITION 25 COMPANY,438580,20250611,2025-06-11,합병상장예비심사신청서 미제출로 관리종목 지정 후 1개월 이내 동 사유 미해소
01675227,삼성기업인수목적7호,SAMSUNG SPECIAL PURPOSE ACQUISITION 7 COMPANY,439250,20250602,2025-06-02,합병상장예비심사신청서 미제출로 관리종목 지정 후 1개월 이내 동 사유 미해소
01675254,엔에이치기업인수목적26호,NHSPECIAL PURPOSE ACQUISITION26 COMPANY,439410,20250708,2025-07-08,상장예비심사 청구서 미제출로 관리종목 지정 후 1개월 이내 동사유 미해소
01675421,아이비케이에스제20호기업인수목적,IBKS No.20 Special Purpose Acquisition Company,439730,20250602,2025-06-02,합병상장예비심사신청서 미제출로 관리종목 지정 후 1개월 이내 동 사유 미해소
01676989,케이비제23호기업인수목적,KB No.23 Special Purpose Acquisition Company,440200,20231103,2023-11-03,피흡수합병(스팩소멸합병)
01677678,교보13호기업인수목적,Kyobo 13 Special Purpose Acquisition Company,440790,20250711,2025-07-11,상장예비심사 청구서 미제출로 관리종목 지정 후 1개월 이내 동사유 미해소
01677429,엔에이치기업인수목적27호,NH SPECIAL PURPOSE ACQUISITION 27 COMPANY,440820,20250721,2025-07-21,상장예비심사 청구서 미제출로 관리종목 지정 후 1개월 이내 동 사유 미해소
01678835,유진기업인수목적9호,"EUGENE SPECIAL PURPOSE ACQUISITION 9 COMPANY Co., Ltd.",442130,20250709,2025-07-09,상장예비심사 청구서 미제출로 관리종목 지정 후 1개월 이내 동사유 미해소
01696451,대신밸런스제14호기업인수목적,Daishin Balance No.14 Special Purpose Acquisition Company,442310,20250711,2025-07-11,상장예비심사 청구서 미제출로 관리종목 지정 후 1개월 이내 동사유 미해소
01682740,아이비케이에스제21호기업인수목적,IBKS No.21 Special Purpose Acquisition Company,442770,20251117,2025-11-17,피흡수합병(스팩소멸합병)
01683387,미래에셋드림기업인수목적1호,Mirae Asset Dream Special Purpose Acquisition 1 Company,442900,20251023,2025-10-23,합병상장예비심사신청서 미제출로 관리종목 지정 후 1개월 이내 동 사유 미해소
01688346,유안타제11호기업인수목적,Yuanta 11 SPECIAL PURPOSE ACQUISITION COMPANY,444920,20260406,2026-04-06,상장예비심사신청서 미제출 등으로 관리종목으로 지정된 날부터 1개월 이내 동 사유 미해소
01689336,비엔케이제1호기업인수목적,BNK 1 SPECIAL PURPOSE ACQUISITION COMPANY,445360,20250728,2025-07-28,합병상장예비심사신청서 미제출로 관리종목 지정 후 1개월 이내 동 사유 미해소
01689938,신영해피투모로우제9호기업인수목적,Shinyoung HappyTomorrow No.9 Special Purpose Acquisition Company,445970,20250801,2025-08-01,합병상장예비심사신청서 미제출로 관리종목 지정 후 1개월 이내 동 사유 미해소
01690235,유안타제12호기업인수목적,Yuanta 12 SPECIAL PURPOSE ACQUISITION COMPANY,446150,20260305,2026-01-28,합병상장예비심사청구서 미제출로 관리종목 지정 후 1개월 이내 동 사유 미해소
01692321,미래에셋비전기업인수목적2호,Mirae Asset Vision Special Purpose Acquisition 2 Company,446190,20250909,2025-09-09,피흡수합병(스팩소멸합병)
01671601,카이바이오텍,"KaiBioTech Co., Ltd",446600,20250225,2025-02-25,지정자문인 선임계약 해지 후 30일 이내 미체결('25.2.11限)
01696275,하나26호기업인수목적,Hana 26 Special Purpose Acquisition Company,446750,20251016,2025-10-16,합병상장예비심사신청서 미제출로 관리종목 지정 후 1개월 이내 동 사유 미해소
01700374,하나27호기업인수목적,Hana 27 Special Purpose Acquisition Company,448370,20251113,2025-11-13,합병상장예비심사신청서 미제출로 관리종목 지정 후 1개월 이내 동 사유 미해소
01700921,삼성기업인수목적8호,SAMSUNG SPECIAL PURPOSE ACQUISITION 8 COMPANY,448740,20251014,2025-10-14,합병상장예비심사신청서 미제출로 관리종목 지정 후 1개월 이내 동 사유 미해소
01701328,아이비케이에스제22호기업인수목적,IBKS No.22 Special Purpose Acquisition Company,448760,20251229,2025-12-29,피흡수합병(스팩소멸합병)
01702424,미래에셋비전기업인수목적3호,Mirae Asset Vision Special Purpose Acquisition 3 Company,448830,20260114,2026-01-14,피흡수합병(스팩소멸합병)
01701753,유안타제13호기업인수목적,"Yuanta 13 SPECIAL ACQUISITION COMPANY Co., Ltd.",449020,20251010,2025-10-10,합병상장예비심사신청서 미제출로 관리종목 지정 후 1개월 이내 동 사유 미해소
01705625,하이제8호기업인수목적,HI Special Purpose Acquisition Company Ⅷ,450050,20260311,2026-01-29,상장예비심사신청서 미제출 등으로 관리종목으로 지정된 날부터 1개월 이내 동 사유 미해소
01712485,코오롱모빌리티그룹,KOLON MOBILITY GROUP CORPORATION,450140,20260107,2026-01-07,지주회사(최대주주등)의 완전자회사화 등
01705777,엔에이치기업인수목적28호,NH SPECIAL PURPOSE ACQUISITION 28 COMPANY,450410,20231221,2023-12-21,피흡수합병(스팩소멸합병)
01706819,유안타제14호기업인수목적,"Yuanta 14 SPECIAL PURPOSE ACQUISITION COMPANY Co., Ltd.",450940,20260305,2026-03-05,합병상장예비심사신청서 미제출 등으로 관리종목으로 지정된 날(2026.1.20)부터 1개월 이내 동 사유 미해소
01712616,엔에이치기업인수목적29호,NH SPECIAL PURPOSE ACQUISITION 29 COMPANY,451700,20260610,2026-06-10,피흡수합병(스팩소멸합병)
01717170,상상인제4호기업인수목적,Sangsangin No.4 Special Purpose Acquisition Company,452670,20260421,2026-04-21,상장예비심사신청서 미제출 등으로 관리종목으로 지정된 날부터 1개월 이내 동 사유 미해소
01719105,신한제11호기업인수목적,Shinhan 11th Special Purpose Acquisition Company,452980,20260507,2026-05-07,합병상장예비심사신청서 미제출로 관리종목 지정 후 1개월 이내 동 사유 미해소
01724417,하나29호기업인수목적,Hana Twenty-nine Special Purpose Acquisition Company,454640,20260305,2026-02-04,상장예비심사신청서 미제출 등으로 관리종목으로 지정된 날부터 1개월 이내 동 사유 미해소
01724338,하나28호기업인수목적,Hana 28 Special Purpose Acquisition Company,454750,20251027,2025-10-27,피흡수합병(스팩소멸합병)
01724709,케이비제25호기업인수목적,KB No.25 Special Purpose Acquisition Company,455250,20260128,2026-01-28,합병상장예비심사신청서 미제출로 관리종목 지정 후 1개월 이내 동 사유 미해소
01725160,한화플러스제4호기업인수목적,Hanwha Plus No 4 Special Purpose Acquisition Company,455310,20260415,2026-04-15,합병상장예비심사신청서 미제출로 관리종목 지정 후 1개월 이내 동 사유 미해소
01725577,에스케이증권제9호기업인수목적,SK Securities No.9 Special Purpose Acquisition Company,455910,20260304,2026-03-04,합병상장예비심사신청서 미제출 등으로 관리종목으로 지정된 날(2026.1.14)부터 1개월 이내 동 사유 미해소
01731453,디비금융제11호기업인수목적,"DB Finance No.11 Special Purpose Acquisition Co., Ltd.",456440,20250516,2025-05-16,피흡수합병(스팩소멸합병)
01760640,교보14호기업인수목적,Kyobo 14 Special Purpose Acquisition Company,456490,20260210,2026-02-10,상장예비심사신청서 미제출 등으로 관리종목으로 지정된 날부터 1개월 이내 동 사유 미해소
00874797,길교이앤씨,"GILGYO E&C Co., Ltd.",456700,20251216,2025-12-16,피흡수합병
01751448,대신밸런스제15호기업인수목적,Daishin Balance No.15 Special Purpose Acquisition Company,457390,20250515,2025-05-15,피흡수합병(스팩소멸합병)
01738483,대신밸런스제16호기업인수목적,Daishin Balance No.16 Special Purpose Acquisition Company,457630,20260415,2026-04-15,상장예비심사신청서 미제출 등으로 관리종목으로 지정된 날부터 1개월 이내 동 사유 미해소
01744703,에스케이증권제10호기업인수목적,SK Securities No.10 Special Purpose Acquisition Company,457940,20260316,2026-03-16,합병상장예비심사신청서 미제출 등으로 관리종목으로 지정된 날(2026.02.04)부터 1개월 이내 동 사유 미해소
01766167,케이비제26호기업인수목적,KB No.26 Special Purpose Acquisition Company,458320,20250328,2025-03-28,피흡수합병(스팩소멸합병)
01761296,한국제12호기업인수목적,"Korea No.12 Special Purpose Acquisition Co., LTD.",458610,20260403,2026-04-03,상장예비심사신청서 미제출 등으로 관리종목으로 지정된 날부터 1개월 이내 동 사유 미해소
01767494,에이치엠씨아이비제6호기업인수목적,HMCIB No.6 Special Purpose Acquisition Company Corp.,462020,20260519,2026-05-19,상장예비심사 청구서 미제출로 관리종목 지정 후 1개월 이내 동사유 미해소
01775952,한국제13호기업인수목적,"Korea No.13 Special Purpose Acquisition Co., LTD.",464440,20260618,2026-06-18,상장예비심사신청서 미제출 등으로 관리종목으로 지정된 날부터 1개월 이내 동 사유 미해소
01785551,케이비제27호기업인수목적,KB No.27 Special Purpose Acquisition Company,464680,20260609,2026-06-09,상장예비심사신청서 미제출 등으로 관리종목으로 지정된 날부터 1개월 이내 동 사유 미해소
01781847,교보15호기업인수목적,Kyobo 15 Special Purpose Acquisition Company,465320,20260915,2026-09-15,상장예비심사신청서 미제출 등으로 관리종목으로 지정된 날부터 1개월 이내 동 사유 미해소
01785056,엔에이치기업인수목적30호,NH SPECIAL PURPOSE ACQUISITION 30 COMPANY,466910,20260519,2026-05-19,피흡수합병(스팩소멸합병)
01785700,아이비케이에스제23호기업인수목적,IBKS No.23 Special Purpose Acquisition Company,467930,20260728,2026-07-28,상장예비심사신청서 미제출 등으로 관리종목으로 지정된 날부터 1개월 이내 동 사유 미해소
01786514,삼성기업인수목적9호,SAMSUNG SPECIAL PURPOSE ACQUISITION 9 COMPANY,468510,20250617,2025-06-17,피흡수합병(스팩소멸합병)
01791321,하나30호기업인수목적,Hana 30 Special Purpose Acquisition Company,469880,20260731,2026-07-31,상장예비심사신청서 미제출 등으로 관리종목으로 지정된 날부터 1개월 이내 동 사유 미해소
01792825,대신밸런스제17호기업인수목적,Daishin Balance No.17 Special Purpose Acquisition Company,471050,20260901,2026-09-01,합병상장예비심사신청서 미제출로 관리종목 지정 후 1개월 이내 동 사유 미해소
01796858,신영해피투모로우제10호기업인수목적,Shinyoung HappyTomorrow No.10 Special Purpose Acquisition Company,472220,20260911,2026-09-11,상장예비심사신청서 미제출 등으로 관리종목으로 지정된 날부터 1개월 이내 동 사유 미해소
01800285,비엔케이제2호기업인수목적,BNK 2 SPECIAL PURPOSE ACQUISITION COMPANY,473370,20260403,2026-04-03,피흡수합병(스팩소멸합병)
01810796,케이비제28호기업인수목적,KB No.28 Special Purpose Acquisition Company,476470,20250709,2025-07-09,피흡수합병(스팩소멸합병)
01814312,한국제14호기업인수목적,"Korea No.14 Special Purpose Acquisition Co., Ltd.",477530,20250429,2025-04-29,피흡수합병(스팩소멸합병)
01817610,대신밸런스제18호기업인수목적,Daishin Balance No.18 Special Purpose Acquisition Company,478780,20260114,2026-01-14,피흡수합병(스팩소멸합병)
01872893,에이엠시지,"AMCG Co., Ltd.",495900,20260928,2026-01-27,상장폐지 신청
00630111,3노드디지탈그룹유한공사,"3NODDigitalGroupCo.,Ltd.",900010,20170630,2013-06-05,상장폐지 신청('13.05.08)
00642648,코웰이홀딩스유한공사,CowelleHoldingsInc.,900020,20170630,2011-11-26,상장폐지신청('11.10.27)
00680161,연합과기공고유한공사,UNITED TECHNOLOGY HOLDINGS COMPANY LIMITED,900030,20170630,2012-09-14,감사의견 의견거절
00695464,차이나그레이트스타인터내셔널리미티드,CHINA GREAT STAR INTERNATIONAL LIMITED,900040,20200522,2020-05-22,"법정제출기한까지 사업보고서를 제출하지 아니한 후, 법정제출기한의 다음날부터 10일이내에 사업보고서를 제출하지 아니함"
00722500,중국원양자원유한공사,"CHINA OCEAN RESOURCES CO.,LTD.",900050,20170927,2017-09-27,감사의견 의견거절
00694003,중국식품포장유한공사,"CHINA FOOD PACKAGING INC.,LTD",900060,20170630,2013-10-11,상장폐지신청('13.09.06)
00786331,에스앤씨엔진그룹리미티드,S&C Engine Group Limited,900080,20210614,2021-06-14,"법정제출기한까지 사업보고서를 제출하지 아니한 후, 법정제출기한의 다음날부터 10일이내에 사업보고서를 제출하지 아니함"
00790121,차이나하오란리사이클링유한공사,"China Hao Ran Recycling Co., Ltd.",900090,20190102,2019-01-02,제28조제1항제9호에 따라 관리종목 지정 후 공시규정 제19조 제1항에 따른 분기보고서 법정기한 내 미제출
00823687,웨이포트유한공사,"WAYPORT(H.K.) CO., LIMITED",900130,20170725,2017-07-25,상장폐지 신청('17.06.22)
00830377,성융광전투자유한공사,SHENGLONG PV-TECH INVESTMENT CO. LIMITED,900150,20170630,2012-09-26,감사의견거절(감사범위 제한 및 계속기업존속능력 불확실성)
00842327,완리인터내셔널홀딩스,WANLI INTERNATIONAL HOLDINGS LIMITED,900180,20180528,2018-05-23,감사의견거절(감사범위 제한)
01168143,케이만금세기차륜집단유한공사,Cayman Golden Century Wheel Group Limited,900280,20250108,2025-01-08,"사업보고서, 반기보고서 또는 분기보고서 미제출로 상장규정 제53조제1항제6호에 따라 관리종목으로 지정된 상태에서 공시규정 제19조제1항에 따른 사업보고서, 반기보고서 또는 분기보고서를 법정제출기한내 미제출"
00599230,평산차업집단유한공사,PING SHAN TEA GROUP LIMITED,950010,20170630,2015-11-05,시가총액 미달
00687599,네프로아이티,"NEPRO IT CO., LTD.",950030,20170630,2011-11-05,기업의 계속성 및 경영의 투명성 등을 종합적으로 고려하여 상장폐지 기준에 해당한다고 결정
00844884,중국고섬공고유한공사,China Gaoxian Fibre Fabric Holdings Ltd.,950070,20170630,2013-10-04,감사의견 의견거절
00907660,아루히,ARUHI Corporation,950100,20170630,2015-01-07,신청에 의한 상장폐지
00938688,SBI핀테크솔루션즈,"SBI FinTech Solutions Co., Ltd.",950110,20250724,2025-07-24,상장폐지 신청('25.06.26)
01338724,에스앤케이,SNK CORPORATION,950180,20220518,2022-05-18,상장폐지 신청('22.04.14)
